date,VIX,SPY,HYG,TLT,GLD,CPER
2007-10-01,17.840000152587887,109.60509271626825,32.73919081538644,50.42590668677957,73.9000015258789,26.489733940930254
2007-10-02,18.48999977111816,109.45594563365238,32.80228588196658,50.58480796007077,72.3499984741211,26.630062728590545
2007-10-03,18.799999237060543,109.23574597645973,32.62869815495755,50.43725541533655,71.9000015258789,26.982683652782434
2007-10-04,18.440000534057614,109.40624011197646,32.7675645218691,50.63013802442126,72.87000274658203,26.73440898394439
2007-10-05,16.909999847412106,110.70619781379001,32.78649304184314,50.08551349464607,73.4000015258789,26.601277732190336
2007-10-08,17.459999084472653,110.11661326980365,32.896939925923846,50.04576433445655,72.52999877929688,25.856455441417783
2007-10-09,16.120000839233395,111.15369246741686,32.922177952555906,49.9833558641398,73.08999633789062,25.914027149959775
2007-10-10,16.67000007629394,110.96896950643188,32.89379661668188,50.01174103697764,73.36000061035156,26.453753124365385
2007-10-11,18.879999160766598,110.43617819396593,32.94111410192131,49.960688924615226,73.91000366210938,26.25945053824543
2007-10-12,17.729999542236325,111.04710979085317,32.9758354620188,49.716704612085344,74.58999633789062,26.126319286491377
2007-10-15,19.249999999999996,110.10947978357696,33.13362653420871,49.728080043533055,75.13999938964844,26.363798509340857
2007-10-16,20.02000045776367,109.23574597645973,33.00737918061319,49.745120302512575,75.12000274658203,26.079543023937944
2007-10-17,18.54000091552734,109.56960839066355,32.60029393090944,50.28972575879438,74.5,25.795287538535035
2007-10-18,18.499999999999996,109.17175822353633,32.58455068182986,50.567760071693904,76.0,25.428273258272256
2007-10-19,22.959999084472653,106.31628853686145,32.439382437651666,51.32231509893066,75.69999694824219,25.52902160354377
2007-10-22,21.639999389648434,106.93428495540208,32.139593133395294,51.327991370558486,74.5999984741211,25.028876071526934
2007-10-23,20.409999847412106,107.80083187051336,32.40783490436159,51.25992570210728,75.2300033569336,25.223178657646887
2007-10-24,20.799999237060543,107.60195637803048,32.40783490436159,51.64007568382765,75.5199966430664,24.834575201148557
2007-10-25,21.17000007629394,107.85770139600412,32.45517527777511,51.4641379662556,76.02999877929688,25.043269427597828
2007-10-26,19.55999946594238,109.12209084884559,32.53090461645401,51.34501255604463,77.69000244140625,25.399488261872044
2007-10-29,19.870000839233395,109.48436513760369,32.62869815495755,51.54358288085319,78.12000274658203,25.280748650447308
2007-10-30,21.069999694824215,108.72433223448279,32.56560308837741,51.5152511137968,77.3499984741211,25.003688985209056
2007-10-31,18.530000686645504,109.85377291258848,32.770719275198104,51.04999520464571,78.62000274658203,24.956912722655623
2007-11-01,23.209999084472653,107.28229227170677,32.55788595901274,51.71333315717501,77.93000030517578,24.150922529000326
2007-11-02,23.010000228881832,107.40307325615056,32.478498327174805,51.87854012737535,79.83000183105469,23.873864579503646
2007-11-05,24.30999946594238,106.58620134512705,32.46261011965931,51.855728229301135,79.75,23.70474907970157
2007-11-06,21.389999389648434,108.0210925628823,32.63097171358402,51.60503767650128,81.43000030517578,23.981808744939823
2007-11-07,26.48999977111816,105.06611265069415,32.58968144752214,51.69620897482464,82.23999786376953,23.395306507980784
2007-11-08,26.159999847412106,104.5333442264193,32.1767482693379,51.60503767650128,82.2300033569336,23.006704767224026
2007-11-09,28.499999999999996,103.09843774986999,32.31968110184644,52.04380813275449,82.18000030517578,22.614503400643365
2007-11-12,31.090000152587887,102.07554160134282,32.446725726839496,52.23186514801581,78.30000305175781,22.344641271311346
2007-11-13,24.100000381469723,105.18681734116761,32.31968110184644,52.03811660233197,79.12000274658203,22.3230520950758
2007-11-14,25.940000534057614,104.8956185151774,32.399083992467105,52.09507768294136,80.27999877929688,23.758722878161237
2007-11-15,28.05999946594238,103.38260227179494,32.3895739561319,52.58515202166951,77.94999694824219,22.179125397333177
2007-11-16,25.48999977111816,103.56016122896507,32.399083992467105,52.65923728462926,77.75,22.711653835832553
2007-11-19,26.010000228881832,102.11812126618906,32.399083992467105,53.001148726835254,77.23999786376953,21.448696462631517
2007-11-20,24.879999160766598,102.7432740591475,32.08144191241902,52.944164758033814,79.47000122070312,21.772532390423198
2007-11-21,26.840000152587887,100.64064275419054,31.477928445310305,53.25186216782716,79.36000061035156,20.77583923647185
2007-11-22,26.840000152587887,100.64064275419054,31.477928445310305,53.25186216782716,79.36000061035156,20.77583923647185
2007-11-23,25.61000061035156,102.38103791737457,31.417578052273353,53.41143101338643,81.25,21.481079369114056
2007-11-26,28.909999847412106,100.12210315538393,31.76383225728422,54.46563825091175,81.30000305175781,21.72575612786977
2007-11-27,26.280000686645504,101.27289851578755,31.811453010830366,53.947071927782886,80.0999984741211,21.290376408818005
2007-11-28,24.11000061035156,104.51202769110657,32.113199253971594,53.58239817858544,79.56999969482422,21.596221070456465
2007-11-29,23.96999931335449,104.54748149912314,32.272050811561094,54.0439462006248,78.27999877929688,22.045992429837547
2007-11-30,22.870000839233395,105.59882003979271,32.40225781927452,53.78180773710242,77.31999969482422,22.718851371738786
2007-12-03,23.61000061035156,104.9027062250219,32.72895980156734,54.20865344529877,78.27999877929688,22.028002879425898
2007-12-04,23.79000091552734,103.96503807076051,32.60429554667985,54.202881806204076,79.4000015258789,21.574631894220918
2007-12-05,22.530000686645504,105.70537982816532,32.22071645176853,53.55642389530997,78.62999725341797,21.704166951634217
2007-12-06,20.959999084472653,107.21840370094482,32.50838265314753,53.08728080820945,79.37000274658203,21.722158217787438
2007-12-07,20.850000381469723,107.19706427744097,32.49238763415294,52.492222147257145,78.5999984741211,22.26908001235771
2007-12-10,20.73999977111816,108.02816501393274,32.444455982908714,52.17758580057467,80.0,22.028002879425898
2007-12-11,23.590000152587887,105.06611265069415,32.41250027718067,53.20164928917317,78.83999633789062,22.002814077366445
2007-12-12,22.46999931335449,106.10316896011625,32.58828908359821,52.65247000918049,80.48999786376953,21.704166951634217
2007-12-13,22.55999946594238,105.88293878533545,32.57233221156044,52.08034913135866,78.5,21.15364724698162
2007-12-14,23.27000045776367,104.5404090480727,32.62025241871762,51.84004218835111,78.5199966430664,21.13205807074607
2007-12-17,24.52000045776367,103.04870934000297,32.444455982908714,52.30345941274103,78.12999725341797,20.67508917545876
2007-12-18,22.639999389648434,103.62408031731516,32.47643457681085,52.64102209845796,79.25,20.653499999223207
2007-12-19,21.680000305175778,103.62408031731516,32.636247437712214,53.33901658844616,79.23999786376953,21.196823883711147
2007-12-20,20.57999992370605,104.2776526142249,32.56591970811901,53.224571813508945,78.66999816894531,21.290376408818005
2007-12-21,18.46999931335449,105.7807964178455,32.668229846310034,52.44646102195643,80.0999984741211,22.261882476451476
2007-12-24,18.600000381469723,106.56634965404481,32.55314047758434,52.20050069551309,80.13999938964844,22.64688802286748
2007-12-25,18.600000381469723,106.56634965404481,32.55314047758434,52.20050069551309,80.13999938964844,22.64688802286748
2007-12-26,18.659999847412106,106.79485009521036,32.409299747503475,51.742801704436424,81.5199966430664,22.704458015667896
2007-12-27,20.260000228881832,105.45235850493279,32.62303714656547,52.30686975335614,81.55999755859375,22.344641271311346
2007-12-28,20.73999977111816,105.18806856228117,32.30481523277372,53.12259347384039,83.0,22.002814077366445
2007-12-31,22.499999999999996,104.40974036507296,32.375551134804894,53.444195460302716,82.45999908447266,21.808513206988067
2008-01-01,22.499999999999996,104.40974036507296,32.375551134804894,53.444195460302716,82.45999908447266,21.808513206988067
2008-01-02,23.17000007629394,103.49566230644042,31.983381345217733,54.2139406176618,84.86000061035156,21.952439904730685
2008-01-03,22.48999977111816,103.44563635008909,31.92233095552314,54.139256447010126,85.56999969482422,22.8339930730812
2008-01-04,23.940000534057614,100.91056319185317,31.886970633898915,54.15076157821277,85.12999725341797,22.607307580478707
2008-01-07,23.79000091552734,100.82489269255942,31.69729252050324,54.38628870378103,84.7699966430664,22.488567969053967
2008-01-08,25.430000305175778,99.19672595974417,31.514074594245017,54.32309059083863,86.77999877929688,23.557224471876623
2008-01-09,24.120000839233395,100.23930595261882,31.170134002165277,54.42649944251018,86.55000305175781,23.492456943169973
2008-01-10,23.45000076293945,100.89631147819384,31.40158112593092,53.69123916116964,88.25,23.467269856852095
2008-01-11,23.680000305175778,100.0822014088966,31.46909551745865,54.11052795129158,88.58000183105469,23.629187820747934
2008-01-14,22.89999961853027,100.8891703625701,31.359787320039022,54.31160453312936,89.54000091552734,23.870264953679744
2008-01-15,23.340000152587887,98.66826814479349,31.440147699275858,54.920487662078486,87.98999786376953,23.172220641202195
2008-01-16,24.379999160766598,97.81849064436273,31.404785470303796,54.52415572858039,86.69999694824219,22.751234278221325
2008-01-17,28.459999084472653,95.28340222733274,31.183004785396317,55.23067988480503,86.5,22.81600180692798
2008-01-18,27.180000305175778,94.30509227507173,31.427307433610274,54.85154842763079,87.41999816894531,23.204603547684734
2008-01-21,27.180000305175778,94.30509227507173,31.427307433610274,54.85154842763079,87.41999816894531,23.204603547684734
2008-01-22,31.010000228881832,93.34815226390269,31.20872537103215,55.43747469995606,88.16999816894531,22.949133058682033
2008-01-23,29.02000045776367,95.59049308734458,31.26975477990049,55.311108991660674,87.88999938964844,22.045992429837547
2008-01-24,27.780000686645504,96.39741626463588,31.661953179705268,54.20245455995252,90.08000183105469,22.776421364539207
2008-01-25,29.07999992370605,95.00489871800696,31.71016330373428,55.11577734602687,90.30000305175781,22.855582249316747
2008-01-28,27.780000686645504,96.57592126703824,31.565504321429632,54.90897871617716,91.75,22.898758886046274
2008-01-29,27.319999694824215,97.05439127262275,31.597662206028822,54.53562652749497,91.1500015258789,23.668768263136705
2008-01-30,27.620000839233395,96.34031022783708,31.71981639115756,54.17948625923265,92.05999755859375,23.143435644801986
2008-01-31,26.20000076293945,98.09700178308555,31.78410927218185,54.56441224369363,91.4000015258789,23.672366173219036
2008-02-01,24.02000045776367,99.67515781834352,31.80158057840537,54.8923809622439,89.3499984741211,23.463671946769765
2008-02-04,25.98999977111816,98.41835961555078,31.808040765542824,54.32742790323167,89.0999984741211,23.661572442972048
2008-02-05,28.23999977111816,95.78328795039144,31.552374138892215,54.742440416139374,87.68000030517578,23.053481029777455
2008-02-06,28.96999931335449,95.0120169454396,31.487638753168813,54.57531083780702,88.94999694824219,23.801899514890763
2008-02-07,27.659999847412106,95.64046563791669,31.354973174088347,53.39940708316403,89.8499984741211,24.812986024913005
2008-02-08,28.010000228881832,95.02635258246632,31.118765310111577,54.010414999274914,91.0,25.435469078436913
2008-02-11,27.600000381469723,95.51194081548347,30.872789917841068,54.23519993337544,91.33000183105469,25.572199956014874
2008-02-12,26.32999992370605,96.39741626463588,30.989290723969095,53.912403946227954,89.33000183105469,25.582995402003437
2008-02-13,24.879999160766598,97.3828825913147,30.908407731423825,53.341736468601155,89.44000244140625,25.370703265471835
2008-02-14,25.54000091552734,96.5259639752602,31.060478667438584,52.55781970566587,89.70999908447266,25.100839420398245
2008-02-15,25.02000045776367,96.50452536959492,30.98280764865755,52.961315643274894,89.1500015258789,25.338318643247725
2008-02-18,25.02000045776367,96.50452536959492,30.98280764865755,52.961315643274894,89.1500015258789,25.338318643247725
2008-02-19,25.590000152587887,96.77591828088511,30.82424410059204,52.42528181491495,91.58000183105469,26.8063723328157
2008-02-20,24.39999961853027,97.06152475884946,30.90516524009413,52.78839916705314,93.23999786376953,26.66604354515541
2008-02-21,25.120000839233395,96.25457106397002,31.01193857223308,53.34753481058657,93.25,27.42165956617495
2008-02-22,24.05999946594238,96.84730654893139,31.06696365009797,53.04204229662716,93.38999938964844,27.252545782114453
2008-02-25,23.030000686645504,98.06843732059059,31.16080707122281,52.50017579399372,92.73999786376953,26.92511194424044
2008-02-26,21.89999961853027,98.80399511802672,31.361463878791255,52.51749071127781,93.70999908447266,27.20936742964335
2008-02-27,22.690000534057614,98.70398898170625,31.354973174088347,52.563583715363215,94.77999877929688,27.63395170270655
2008-02-28,23.530000686645504,97.73993074310458,31.30966603347333,53.49741432151231,95.98999786376953,27.803067202508625
2008-02-29,26.54000091552734,95.56192862484963,31.18994753153754,54.315945660221075,96.18000030517578,27.72030840764875
2008-03-03,26.280000686645504,95.33337477790485,31.198393267777472,54.17585466609441,97.23999786376953,28.28881937845457
2008-03-04,25.52000045776367,94.9692236574764,31.16257518267141,53.649391916709085,95.18000030517578,27.54039917759969
2008-03-05,24.600000381469723,95.5690544816793,31.250507732837004,53.00723317122127,97.72000122070312,28.709805741435442
2008-03-06,27.549999237060543,93.59095782450683,31.169096404939776,53.29074539141754,96.5,28.17007976702983
2008-03-07,27.48999977111816,92.6269301034933,31.1039528467784,53.360130945610166,96.08999633789062,28.29601519861923
2008-03-10,29.379999160766598,91.40582222002519,31.03229569574003,54.146946879538156,95.87000274658203,27.407267925845634
2008-03-11,26.36000061035156,94.69069725995952,31.110475976394607,53.68410948934678,95.98999786376953,27.338902487056654
2008-03-12,27.21999931335449,93.80522944020414,31.1039528467784,54.71976966191612,97.01000213623047,27.71671049756642
2008-03-13,27.29000091552734,94.01229890510145,30.885733180290064,54.291611697375686,98.33999633789062,27.63395170270655
2008-03-14,31.159999847412106,92.55552657665294,30.700081478186732,54.96275452339325,98.70999908447266,27.68432587534231
2008-03-17,32.24000167846679,91.62003280054623,30.55675954671862,55.38504166667344,99.16999816894531,26.71281980770884
2008-03-18,25.79000091552734,95.42625505739565,31.0062356021885,55.17104088572606,96.5,27.133806170689713
2008-03-19,29.840000152587887,93.06256104473242,31.038797844529984,56.085130426233995,93.04000091552734,26.335011797199073
2008-03-20,26.620000839233395,94.78630886358846,31.1853813408062,56.224000716784786,89.91000366210938,25.985990498831086
2008-03-21,26.620000839233395,94.78630886358846,31.1853813408062,56.224000716784786,89.91000366210938,25.985990498831086
2008-03-24,25.729999542236325,96.68087888203371,31.423120805099288,55.1363462012804,90.0999984741211,26.302628890716534
2008-03-25,25.71999931335449,96.77420166655247,31.504570279953334,55.36770767589598,92.7300033569336,26.622866908425884
2008-03-26,26.07999992370605,95.59008872930178,31.42966110084606,55.1363462012804,93.80000305175781,26.993477383029422
2008-03-27,25.879999160766598,95.2886588818891,31.328674662056695,54.74863548678695,93.45999908447266,28.09092059799386
2008-03-28,25.709999084472653,94.37725874161548,31.34494433914039,55.28097668682987,91.87999725341797,27.74909340404896
2008-03-31,25.61000061035156,94.70740563946379,31.485019964583127,55.477681623986534,90.41000366210938,27.803067202508625
2008-04-01,22.680000305175778,98.03721782792783,31.6233618108384,54.5747271889098,86.86000061035156,27.53320335743503
2008-04-02,23.430000305175778,98.10180830321691,31.639763094923122,54.6909763163201,89.2699966430664,27.98297471681611
2008-04-03,23.209999084472653,98.34581167915536,31.584009410182972,54.81297037993438,89.41999816894531,28.23844520581881
2008-04-04,22.45000076293945,98.23819140459504,31.705347250435764,55.312642500527865,90.25,28.6306448566579
2008-04-07,22.42000007629394,98.2884004664752,31.957811440061345,55.02213030826368,91.16999816894531,28.745786558000308
2008-04-08,22.36000061035156,98.18795182512676,32.06600002429831,54.83044169986413,90.3499984741211,28.130499324641058
2008-04-09,22.80999946594238,97.4774947439322,31.787315523902564,55.39975495946144,92.29000091552734,28.98686369093212
2008-04-10,21.979999542236325,97.61384732772221,31.902042496538467,55.213849434252616,91.7699966430664,28.45433525243274
2008-04-11,23.459999084472653,95.71926967987991,31.646311020061262,55.58570626105436,91.30000305175781,28.60185986025769
2008-04-14,23.819999694824215,95.39630204464052,31.757797408715312,55.26033153760283,91.11000061035156,28.256436471972034
2008-04-15,22.780000686645504,95.61879815034038,31.754530121863684,54.5747271889098,91.66000366210938,28.000965982969333
2008-04-16,20.530000686645504,98.20943620717425,31.8922272845487,54.04019635182765,93.2699966430664,28.69901029544688
2008-04-17,20.370000839233395,98.35301382995537,31.925029852718147,53.947247403921914,92.55999755859375,28.367978547490537
2008-04-18,20.129999160766598,99.37922876619228,32.14141655793129,53.90077674466772,90.62000274658203,28.206062299336274
2008-04-21,20.499999999999996,99.42949886324871,32.08896067760822,54.115715941489064,90.25,28.05134015560509
2008-04-22,20.870000839233395,98.99169354385492,32.13159371655016,54.30166342838331,90.2699966430664,28.824945727036276
2008-04-23,20.260000228881832,98.83382606042929,32.26273151000999,54.12158294805062,89.22000122070312,28.403961079796982
2008-04-24,20.05999946594238,99.26445211721418,32.27255435139112,53.662510665451094,87.22000122070312,28.029750979369542
2008-04-25,19.590000152587887,100.18302389069969,32.426687130421996,53.34876695825848,87.2699966430664,28.493915694821514
2008-04-28,19.639999389648434,100.20451590214421,32.616849710169284,53.511498189019,87.69000244140625,28.67022529904667
2008-04-29,20.23999977111816,99.80982430538903,32.52175697620859,53.71487503415757,85.80999755859375,28.062133885852077
2008-04-30,20.79000091552734,99.22132313578149,32.55454428559531,54.09830947143678,86.6500015258789,28.31040855469012
2008-05-01,18.879999160766598,101.27380641403457,33.24638893856838,54.10179229132671,83.98999786376953,26.809971958639604
2008-05-02,18.180000305175778,101.55365269723832,32.91001670272171,53.41955250686468,84.58000183105469,27.763486760119854
2008-05-05,18.89999961853027,101.06569935114067,32.857248017352724,53.41955250686468,86.2699966430664,28.6306448566579
2008-05-06,18.209999084472653,101.94120317836976,32.62312106987048,53.03474477806262,86.62999725341797,28.15568641095894
2008-05-07,19.729999542236325,100.12562030741657,32.646211422833574,53.26211226316586,85.81999969482422,27.79946757668472
2008-05-08,19.39999961853027,99.8672812944514,32.57695562272701,53.7402847420292,87.23999786376953,27.49362291504626
2008-05-09,19.409999847412106,99.6806433548109,32.646211422833574,53.938557520341135,87.41999816894531,27.011468649182643
2008-05-12,17.79000091552734,100.80018870496362,32.60333805806367,53.85687337762155,86.98999786376953,27.2309566058789
2008-05-13,17.979999542236325,100.8144709362111,32.593442737464585,53.26796401093272,85.38999938964844,27.094227444042513
2008-05-14,17.659999847412106,101.02265429307535,32.54728491971248,53.29126037573862,85.19999694824219,26.676838991143974
2008-05-15,16.299999237060543,102.28570097203885,32.63303546394798,53.77530749056087,87.0,27.065440731900733
2008-05-16,16.46999931335449,102.37900086836652,32.679170393525986,53.55367349756557,89.0999984741211,27.68072796525998
2008-05-19,17.010000228881832,102.65882426337916,32.80776378496593,53.62364651535409,89.38999938964844,27.313715400738772
2008-05-20,17.57999992370605,101.82640364120054,32.7451531847374,53.903530957110796,90.9000015258789,27.27773286843233
2008-05-21,18.590000152587887,100.10405200200171,32.68578889053424,53.9152382673432,91.95999908447266,27.011468649182643
2008-05-22,18.049999237060543,100.11840289782248,32.636304658147445,53.27960647128766,90.9800033569336,26.788382782404057
2008-05-23,19.549999237060543,98.7764301065432,32.44176280775723,53.512833333555115,91.2300033569336,27.022264095171206
2008-05-26,19.549999237060543,98.7764301065432,32.44176280775723,53.512833333555115,91.2300033569336,27.022264095171206
2008-05-27,19.639999389648434,99.5084249755645,32.260381657469885,53.15133722835363,89.36000061035156,26.92151403415811
2008-05-28,19.069999694824215,99.96768415941763,32.418664825402765,52.67897453557173,89.13999938964844,26.83155941913358
2008-05-29,18.139999389648434,100.47004180711531,32.385721113493084,52.29995751935773,86.51000213623047,25.683743747274956
2008-05-30,17.82999992370605,100.72126259264785,32.38899030769255,52.64400137812284,87.44999694824219,26.108328020338156
2008-06-02,19.82999992370605,99.6806433548109,32.12150384647129,52.84709975025817,87.95999908447266,25.971597142760192
2008-06-03,20.23999977111816,99.0993290772093,32.144735343174624,53.22752820498177,86.87999725341797,25.806081268782023
2008-06-04,20.799999237060543,99.04912001532915,32.11151315848016,52.753445083097624,86.6500015258789,25.568602045932543
2008-06-05,18.629999160766598,101.02981829689018,32.25094410035263,52.437404927302886,86.44999694824219,25.568602045932543
2008-06-06,23.55999946594238,97.80758060660423,32.16131782530424,53.116333553315336,89.05999755859375,26.079543023937944
2008-06-09,23.120000839233395,98.04442760812488,32.26421924132597,53.116333553315336,87.98999786376953,25.989588408913416
2008-06-10,23.180000305175778,97.55641322685095,32.27748293821225,52.770992697000864,85.55000305175781,25.597387042332752
2008-06-11,24.120000839233395,96.1211176510529,32.270845367725585,52.64810599389673,87.0199966430664,25.730520009828385
2008-06-12,23.32999992370605,96.48716086194575,32.2177371744409,52.12139147439887,85.5999984741211,25.421077438107595
2008-06-13,21.21999931335449,97.70714722404988,32.360452569295575,52.010208266828464,85.83000183105469,25.863652977324016
2008-06-16,20.95000076293945,97.76455843673003,31.912408932054277,52.021927021156884,87.01000213623047,26.478940210683266
2008-06-17,21.129999160766598,97.29091021007093,31.96881492975605,52.127231778069714,87.25,26.327815977034412
2008-06-18,22.23999977111816,96.34358323916463,32.038518956605245,52.56618533985931,88.27999877929688,26.953898656382226
2008-06-19,21.57999992370605,96.46558492713386,31.83605016858785,52.25597404363939,88.41999816894531,27.18418034332547
2008-06-20,22.870000839233395,94.89978851507081,31.70993442199336,52.560348850887145,88.94999694824219,27.576381709906133
2008-06-23,22.639999389648434,94.80603848431815,31.593757864998302,52.671543502553575,87.08999633789062,27.44684665249283
2008-06-24,22.42000007629394,94.61853079341579,31.46100264056931,53.02262929507203,87.47000122070312,27.299322044667882
2008-06-25,21.139999389648434,95.06572027116128,31.567184694877547,53.046085877222254,87.41999816894531,27.241752051867465
2008-06-26,23.930000305175778,92.48368054478463,31.318279616323267,53.40307682328901,90.61000061035156,27.51521209128181
2008-06-27,23.440000534057614,91.97880519606575,31.231968311822524,54.029313016508965,91.47000122070312,27.950591810333574
2008-06-30,23.95000076293945,92.30335974588822,31.19880525491113,54.040993623850646,91.4000015258789,28.03334888945187
2008-07-01,23.64999961853027,92.59186539472545,31.165708955174168,53.91289222765831,92.66000366210938,28.22764975983025
2008-07-02,25.92000007629394,91.0051415465984,31.142322963295715,54.19483660669931,93.16999816894531,29.343082525206338
2008-07-03,24.780000686645504,91.09891446554215,31.128944825538973,54.0773858492065,92.05999755859375,28.51910278113939
2008-07-04,24.780000686645504,91.09891446554215,31.128944825538973,54.0773858492065,92.05999755859375,28.51910278113939
2008-07-07,25.780000686645504,90.16852475605113,31.155682027574052,54.324082412494036,91.2300033569336,27.813860932755613
2008-07-08,23.14999961853027,91.76963764698412,31.07213447009491,54.67646138786318,90.86000061035156,26.716419433532746
2008-07-09,25.229999542236325,90.00262351754878,30.965174217867542,54.91732146217855,91.5,27.022264095171206
2008-07-10,25.590000152587887,90.37044437795053,31.005278113572324,54.91143156742494,93.52999877929688,26.867541951440025
2008-07-11,27.48999977111816,89.31743499933053,30.965174217867542,54.13023086994598,95.16000366210938,27.025862005253533
2008-07-14,28.479999542236325,88.5096725883655,30.89164214390147,54.60601534743901,95.91000366210938,27.126610350525052
2008-07-15,28.54000091552734,87.26193810924904,30.413706551296087,54.58840669835698,96.16999816894531,26.78478315658015
2008-07-16,25.100000381469723,89.40400576747429,30.51397201260156,53.60160900111082,94.44000244140625,26.460948944530045
2008-07-17,25.010000228881832,90.2983465759801,30.604235341828847,53.3255583315221,94.22000122070312,26.878335681687012
2008-07-18,24.049999237060543,90.86092305446643,31.095531906060405,53.12587792939923,94.16999816894531,26.529314383319026
2008-07-21,23.049999237060543,90.91139914524277,31.24925651265331,53.331432967481014,95.12000274658203,26.698428167379525
2008-07-22,21.180000305175778,91.9427715538746,31.356212950184993,53.067131569810115,93.05999755859375,26.881935307510915
2008-07-23,21.30999946594238,92.44039134601424,31.27265967066233,52.96140338134441,90.56999969482422,26.745204429932954
2008-07-24,23.440000534057614,90.52191842666174,31.346174578497834,53.47830649585115,91.33000183105469,26.460948944530045
2008-07-25,22.909999847412106,90.50030434486469,31.413036657063945,52.94382906455045,91.69000244140625,26.655249814908423
2008-07-28,24.229999542236325,89.1732012484045,31.30605923870601,53.47830649585115,91.7300033569336,26.694830257297195
2008-07-29,22.030000686645504,91.07723171917179,31.312776917801994,53.261002185851545,90.58999633789062,26.507725207083475
2008-07-30,21.209999084472653,92.70007313285737,31.319441191158436,53.31380143020693,89.5199966430664,26.478940210683266
2008-07-31,22.940000534057614,91.47393747674391,31.38294824487223,53.84245381663149,90.08000183105469,26.745204429932954
2008-08-01,22.569999694824215,90.99072961560134,31.242588424601188,53.96151056226631,89.56999969482422,26.111925930420483
2008-08-04,23.48999977111816,90.14684963907779,31.027180188830478,53.837731219672314,88.13999938964844,25.097241510315914
2008-08-05,21.139999389648434,92.57742294614026,31.245958708236227,53.4369093858342,86.08000183105469,24.877753553619655
2008-08-06,20.229999542236325,92.9885101171213,31.037268151561506,53.21877347152353,86.63999938964844,24.920931906090757
2008-08-07,21.14999961853027,91.60376692606992,31.000246529967775,54.08529371955898,86.08999633789062,24.884949373784316
2008-08-08,20.659999847412106,93.30586251614375,31.054085237475565,54.23268986164754,84.43000030517578,24.47116054670968
2008-08-11,20.120000839233395,94.2723240148111,30.96660091405261,53.71398239466771,81.12999725341797,24.172511705235877
2008-08-12,21.17000007629394,93.29145058514669,31.087770907695393,54.21503162148274,80.5199966430664,23.280164806638375
2008-08-13,21.549999237060543,92.72886647726334,31.134865233237424,54.02637188383084,81.55999755859375,24.23008341377787
2008-08-14,20.340000152587887,93.42847455587568,31.134865233237424,54.37417703548912,79.3499984741211,23.913443306150842
2008-08-15,19.57999992370605,93.88288144321525,31.205568710355298,54.84575390034404,77.62999725341797,24.053772093811137
2008-08-18,20.979999542236325,92.59905991612843,31.134865233237424,55.06388599995604,78.80000305175781,24.14372670883567
2008-08-19,21.280000686645504,91.5893397362788,31.195465488841542,54.85167049798838,80.43000030517578,24.809388114830675
2008-08-20,20.42000007629394,92.01483120885987,31.18875353178908,55.0049183878438,80.05999755859375,24.53952598549866
2008-08-21,19.819999694824215,92.17353029656219,31.144983713533907,54.90466429197617,82.30000305175781,25.626173754474536
2008-08-22,18.80999946594238,93.5078355438224,30.96660091405261,54.8693401822492,81.08000183105469,25.24836574396477
2008-08-25,20.96999931335449,91.61099959445808,31.134865233237424,55.417569602271904,80.93000030517578,25.323927002918406
2008-08-26,20.48999977111816,91.87786064391011,30.96660091405261,55.46471927789018,81.2300033569336,25.032473981609265
2008-08-27,19.760000228881832,92.77217856422483,31.000246529967775,55.55901099972938,81.36000061035156,25.241168208058536
2008-08-28,19.430000305175778,93.89729337421231,31.044023977614312,55.56495430026444,82.18000030517578,24.661863507005727
2008-08-29,20.64999961853027,92.88755030617159,31.10121008058305,55.317330765198975,81.70999908447266,24.679854773158947
2008-09-01,20.64999961853027,92.88755030617159,31.10121008058305,55.317330765198975,81.70999908447266,24.679854773158947
2008-09-02,21.98999977111816,92.31056189668821,31.108015497679723,55.8320862043519,79.19999694824219,23.909845396068516
2008-09-03,21.430000305175778,92.23125431452074,31.209659971474235,56.06869288964507,78.88999938964844,24.13653088867101
2008-09-04,24.030000686645504,89.45448185825062,31.34518847966404,56.51831997832625,78.38999938964844,23.726338255937122
2008-09-05,23.05999946594238,89.73575483869972,31.318086974191328,56.48878276648868,78.9800033569336,22.47777423880698
2008-09-08,22.639999389648434,91.5893397362788,31.28080213859554,56.725423784069925,78.86000061035156,22.373426267711555
2008-09-09,25.46999931335449,88.87031418615834,31.34861789108215,57.28746622799341,76.48999786376953,22.27267792244004
2008-09-10,24.52000045776367,89.23090237817195,31.17578928851383,56.93249325752553,74.22000122070312,22.47777423880698
2008-09-11,24.389999389648434,90.52191842666174,31.17578928851383,56.90296748978398,73.08000183105469,22.556933407842948
2008-09-12,25.659999847412106,90.94022300723687,31.17578928851383,56.16930175248944,75.55000305175781,23.093061472166227
2008-09-15,31.70000076293945,86.6128442683982,30.03039639243035,57.99152227417557,77.55999755859375,22.913152242117167
2008-09-16,30.299999237060543,88.06255940459035,29.33910487033117,57.97965856129751,76.79000091552734,22.402211264111767
2008-09-17,36.22000122070312,84.1029481203742,27.577001567427132,58.26956040177377,85.45999908447266,22.09996622829721
2008-09-18,33.09999847412109,86.59840181981302,29.752539680997597,57.41768096725149,82.80000305175781,22.276275832522366
2008-09-19,32.06999969482421,90.03754326777299,30.13207138379032,55.59538796629054,85.9800033569336,22.920348062281825
2008-09-22,33.84999847412109,87.99919726222373,30.104964156274086,55.58950570093428,89.18000030517578,23.503252389158536
2008-09-23,35.72000122070312,85.9970374868063,29.810133956404307,55.376512000436996,88.31999969482422,22.790814720610097
2008-09-24,35.18999862670898,86.27269523103845,30.077845484670807,55.61907343036124,86.70999908447266,22.463380882736086
2008-09-25,32.81999969482421,87.62195409648511,29.311999550162778,55.50665807511893,86.44999694824219,22.636092576878916
2008-09-26,34.74000167846679,87.66550269475466,29.210339817585538,55.90901341782424,86.63999938964844,22.161134131179956
2008-09-29,46.72000122070312,80.79587916446822,26.84506827753201,57.53591755267127,89.56999969482422,20.99532719316811
2008-09-30,39.38999938964843,84.13998884297382,27.787094024764986,56.133817425418144,85.06999969482422,20.78303505663651
2008-10-01,39.81000137329101,84.19074722144042,28.996863725177757,56.840002073460745,85.97000122070312,20.12816738088849
2008-10-02,45.259998321533196,81.13681402972247,28.241616922622143,57.29691905130912,82.33000183105469,19.08829587446604
2008-10-03,45.13999938964843,80.04145386816724,28.139091254125095,57.801390062835274,82.58999633789062,19.46610388497581
2008-10-06,52.04999923706054,75.96465504551027,27.11728496139894,58.85180548987803,84.27999877929688,18.019639371643382
2008-10-07,53.680000305175774,72.56251617316475,26.659357447645608,58.673746799842895,87.2699966430664,18.311092392952524
2008-10-08,57.52999877929687,70.73447449685519,25.545275573719916,57.8310226421397,89.41999816894531,17.030142037856695
2008-10-09,63.919998168945305,65.79446280559074,24.9506389034632,57.34442349390413,89.9000015258789,17.443932580672904
2008-10-10,69.94999694824217,64.19854553403782,23.286352027236795,56.94086270641764,83.22000122070312,15.51891171155919
2008-10-13,54.99000167846679,73.52003601850836,26.143314952524968,56.21098115020831,81.98999786376953,16.75308408836002
2008-10-14,55.13000106811523,72.43190852534129,26.314188523556265,55.84893191369901,82.19999694824219,17.339584609577482
2008-10-15,69.24999999999999,65.30117651096637,25.165942235102655,56.38302787513225,83.30999755859375,16.001065977422808
2008-10-16,67.61000061035155,68.02146854099446,24.21247812286723,56.09223720986481,79.29000091552734,15.105121168742977
2008-10-17,70.33000183105467,67.61523366652699,23.921985231987875,55.70649869458613,77.20999908447266,15.695221315784348
2008-10-20,52.97000122070312,71.67752137602547,24.40042245707544,56.151601550639214,78.5,15.249047866485597
2008-10-21,53.110000610351555,69.5375594313816,24.260322036110768,56.44829736945496,76.02999877929688,14.4430576728303
2008-10-22,69.65000152587889,65.75092946611525,24.058677222360686,57.59371023759173,71.70999908447266,13.320428229418766
2008-10-23,67.8000030517578,66.51262557778955,24.46536574371351,58.020941230354225,70.6500015258789,12.921031900544234
2008-10-24,79.12999725341795,63.139447896584755,23.853644958844992,57.40375350239046,72.20999908447266,12.053872088264614
2008-10-27,80.05999755859374,60.89794249211808,22.64044775436195,57.445356606135846,72.18000030517578,12.852666461755252
2008-10-28,66.95999908447264,68.01422061381226,22.896751435191455,56.60852997258361,73.79000091552734,13.252063648500572
2008-10-29,69.95999908447264,67.52092668979085,23.939101771512973,56.3236864225499,74.0,14.907222388282271
2008-10-30,62.9000015258789,69.85675051508922,24.595219892076347,55.81333696036615,72.70999908447266,13.590291216621571
2008-10-31,59.88999938964843,70.24120346102488,24.605477608765224,55.08937963119851,71.33999633789062,13.270054056783007
2008-11-03,53.680000305175774,70.44430563946456,24.805596544242512,55.238297838058244,71.0999984741211,13.223277794229576
2008-11-04,47.72999954223632,72.83815102920579,25.085095482166363,56.275037570352495,75.4800033569336,14.04006257600265
2008-11-05,54.56000137329101,69.7769622809086,24.87808339159172,56.94235425359941,72.80000305175781,13.054164010169078
2008-11-06,63.680000305175774,65.91049067568241,24.87808339159172,56.53121747454513,72.22000122070312,12.395698424338727
2008-11-07,56.09999847412109,68.08675329141361,25.13685899522315,56.161786796100444,72.5,12.179808377724799
2008-11-10,59.97999954223632,67.19449530829806,25.14030175807615,56.43588433996776,73.58000183105469,12.568410976352343
2008-11-11,61.43999862670898,65.11984100226444,25.09544856624729,56.60272400120084,72.05000305175781,11.819991633368248
2008-11-12,66.45999908447264,62.25446835823954,24.74003527690396,56.966180861521075,70.0,11.870365806004008
2008-11-13,59.83000183105468,66.13538241205092,24.60893372305311,55.60175469837848,72.1500015258789,11.622091995036753
2008-11-14,66.30999755859374,62.834783184829696,24.30873815370661,56.70401950980664,73.30000305175781,12.24457590643145
2008-11-17,69.15000152587889,62.00056202495107,23.932622510897108,56.954298075149644,72.6500015258789,11.870365806004008
2008-11-18,67.63999938964842,63.168473937600254,23.428842355046232,57.6871055052424,72.51000213623047,11.909945390521992
2008-11-19,74.26000213623045,59.12068589716472,22.6283532617022,59.16474048095163,72.26000213623047,11.474566529341017
2008-11-20,80.86000061035155,54.731982064967504,21.876133420170245,62.22126397929047,73.44999694824219,11.287462336998084
2008-11-21,72.6699981689453,57.684367982164126,22.09351003891286,61.321578740977884,78.8499984741211,11.305452745280517
2008-11-24,64.69999694824217,61.68136712654494,22.19357904339071,60.362338426957166,80.91000366210938,11.989105417428748
2008-11-25,60.9000015258789,62.13842141465528,22.424764860502137,62.137889925058026,80.87000274658203,11.845178719686128
2008-11-26,54.919998168945305,64.53947276989504,22.945795070226982,62.22126397929047,80.37999725341797,12.003497915628854
2008-11-27,54.919998168945305,64.53947276989504,22.945795070226982,62.22126397929047,80.37999725341797,12.003497915628854
2008-11-28,55.27999877929687,65.35195014822703,22.859521912683057,62.98989905933524,80.30999755859375,11.683260755790288
2008-12-01,68.51000213623045,59.56321762802101,22.388050321910807,65.40213902502451,75.6500015258789,11.539334058047668
2008-12-02,62.97999954223632,61.85548904035131,22.628677510835168,65.65322249178786,76.94999694824219,11.359425685869393
2008-12-03,60.72000122070312,63.342561519119975,22.632152698601463,65.8384490006326,76.18000030517578,11.035589758077712
2008-12-04,63.63999938964843,61.87727096888312,22.49964924408748,67.13585090806215,75.5,10.44908837898946
2008-12-05,59.930000305175774,63.785055102991095,22.510116769038863,66.04777677570357,74.5199966430664,9.751043208641127
2008-12-08,58.49000167846679,66.01206083839483,22.771667563778944,65.90428307035914,76.19999694824219,10.63619342920318
2008-12-09,58.9099998474121,64.92397912160995,22.600774919269238,67.20751383736354,76.33000183105469,10.229599564422415
2008-12-10,55.72999954223632,65.36648414957662,22.583339852654696,67.04614445402984,79.75,10.571425900496529
2008-12-11,55.77999877929687,63.79233736245996,22.40896629833517,67.17763711734392,80.6500015258789,10.697362189956715
2008-12-12,54.27999877929687,64.55399151245057,22.719329939022018,67.17763711734392,80.80999755859375,10.11805663103312
2008-12-15,56.759998321533196,63.65449323154983,22.600774919269238,67.94283515388285,82.5999984741211,9.966933255255055
2008-12-16,52.36999893188476,66.65041248822193,23.01924512823589,69.62276741500575,84.45999908447266,9.747445298558796
2008-12-17,49.84000015258788,66.00480528181558,23.60858318619032,71.51189775144468,85.43000030517578,9.69347235796992
2008-12-18,47.34000015258788,64.7716200628428,24.979064108337564,73.012439992695,83.87000274658203,9.135755975281878
2008-12-19,44.930000305175774,64.49302500075261,24.81168670589881,73.09013777529961,82.62999725341797,9.39122560641379
2008-12-22,44.56000137329101,63.66663160223077,25.80554463071085,72.52819451354165,83.45999908447266,9.477582311355992
2008-12-23,45.020000457763665,63.00845114951255,26.18216572069821,72.4324837237955,82.62999725341797,9.017016363857138
2008-12-24,44.20999908447265,63.374093817061116,25.77065542400335,72.27711104677832,83.45999908447266,8.977435921468366
2008-12-25,44.20999908447265,63.374093817061116,25.77065542400335,72.27711104677832,83.45999908447266,8.977435921468366
2008-12-26,43.38000106811523,63.739767002197816,26.26237351210777,72.5162392478954,85.5999984741211,9.171737649717532
2008-12-29,43.9000015258789,63.556974278662416,26.439354410925937,72.42927937690881,86.3499984741211,9.333655613613372
2008-12-30,41.63000106811523,65.06339109361055,26.520119147905067,73.11904556185586,85.9000015258789,9.405618962484683
2008-12-31,39.99999999999999,65.9921633709304,26.692194348076193,71.5895039812811,86.5199966430664,10.038896604126364
2009-01-01,39.99999999999999,65.9921633709304,26.692194348076193,71.5895039812811,86.5199966430664,10.038896604126364
2009-01-02,39.18999862670898,67.98127687741984,26.60792199841747,69.78999617550365,86.2300033569336,10.391517528318255
2009-01-05,39.08000183105468,67.90084777388837,27.89319024842038,67.99055703430233,84.4800033569336,10.377125030118151
2009-01-06,38.56000137329101,68.35422469262838,28.12847495604211,67.30675703808238,85.12999725341797,11.269471070844864
2009-01-07,43.38999938964843,66.30660896968293,27.619281747018487,67.5706502629951,82.75,10.75493304062792
2009-01-08,42.56000137329101,66.57718553549047,27.218929435193452,67.51662650036516,84.45999908447266,10.528248405896216
2009-01-09,42.81999969482421,65.15116730648566,27.619281747018487,67.61864680171914,83.91999816894531,11.121946463019915
2009-01-12,45.84000015258788,63.58618723990525,27.018789518889914,68.32045980508063,80.76000213623047,10.614604252967629
2009-01-13,43.270000457763665,63.703214561008366,26.920456200947374,68.39242028087861,80.87999725341797,11.028393937913055
2009-01-14,49.13999938964843,61.699456426912334,26.576328688779217,69.52008335608238,79.79000091552734,10.600211754767525
2009-01-15,50.99999999999999,61.72138712868631,26.47097633078181,69.63404366428792,80.38999938964844,10.351937943800271
2009-01-16,46.110000610351555,62.20404567324244,26.68517530802133,68.56033568713794,82.70999908447266,10.891663060335093
2009-01-19,46.110000610351555,62.20404567324244,26.68517530802133,68.56033568713794,82.70999908447266,10.891663060335093
2009-01-20,56.6500015258789,58.92050959248755,26.228668768409534,68.54835753329964,84.5199966430664,10.722549276274595
2009-01-21,46.419998168945305,61.46542467289721,26.232159214958557,66.38298960703693,84.1500015258789,10.21160915613998
2009-01-22,47.29000091552734,60.514752211391524,26.161926852757407,65.10537835633129,84.58000183105469,9.938148258854847
2009-01-23,47.270000457763665,60.778016000142074,25.744053643664984,64.59545232570044,88.52999877929688,10.488667963507444
2009-01-26,45.68999862670898,61.1948595511852,25.81075550501245,64.03164749098927,88.94999694824219,11.312649423315964
2009-01-27,42.24999999999999,61.81645323042732,26.049563084096498,65.53722513449007,88.37999725341797,10.578622578531975
2009-01-28,39.6599998474121,63.90794943041329,26.97311998218511,63.89969706383424,87.41999816894531,10.654183837485613
2009-01-29,42.63000106811523,61.83108641393836,26.302422094725163,62.43014543461652,89.5,10.434695880789356
2009-01-30,44.84000015258788,60.5732696866416,26.421810625484458,62.23218927629458,91.30999755859375,10.521051727860769
2009-02-02,45.520000457763665,60.3904350014225,25.858875983692936,63.39006476500132,88.83999633789062,10.24399206262252
2009-02-03,43.06000137329101,61.238743842924244,25.90498421040117,61.88030239705446,88.47000122070312,10.902457648452868
2009-02-04,43.84999847412109,60.938912354190165,25.88370774523486,61.663753397392426,89.18000030517578,10.96722517715952
2009-02-05,43.72999954223632,61.845704338655324,25.670857262918926,61.7179526361614,90.12000274658203,10.751334272674804
2009-02-06,43.36999893188476,63.608121756377734,26.188767051575898,61.52550490272561,89.58999633789062,11.676064077754841
2009-02-09,43.63999938964843,63.69587508106174,26.390938293330098,61.72389975139513,88.31999969482422,11.560923234283218
2009-02-10,46.669998168945305,60.778016000142074,26.217123591927987,63.06523554346027,90.20999908447266,11.29825692511586
2009-02-11,44.52999877929687,61.13636496412623,26.156834234021947,63.88324426845061,92.29000091552734,11.039188526030829
2009-02-12,41.24999999999999,61.1802339970712,26.075243615427667,63.28179598721832,93.16999816894531,11.006804761677504
2009-02-13,42.930000305175774,60.522076432544075,26.178112606536097,61.597637039963956,92.55000305175781,11.046384346195488
2009-02-16,42.930000305175774,60.522076432544075,26.178112606536097,61.597637039963956,92.55000305175781,11.046384346195488
2009-02-17,48.6599998474121,57.93326943099835,25.51124467354087,63.51636562341924,95.44999694824219,10.222403744257756
2009-02-18,48.45999908447265,57.79429996402571,25.35871978873995,62.97503699329893,96.91000366210938,10.315956269364616
2009-02-19,47.08000183105468,57.17274061707025,25.486403375259737,61.904376960389975,95.7699966430664,10.564230080331871
2009-02-20,49.29999923706054,56.61695048724558,25.11396700643552,62.505878647403705,97.80000305175781,10.175627481704327
2009-02-23,52.61999893188476,54.59127309547114,24.482560484500084,63.08325617999916,97.7300033569336,10.323152089529275
2009-02-24,45.49000167846679,56.66081952019056,24.830172721173742,63.01715508136538,94.7300033569336,10.679370923803493
2009-02-25,44.669998168945305,56.21474393441201,24.709578746578938,62.28931438894698,93.1500015258789,10.952831821088628
2009-02-26,44.6599998474121,55.30060102590468,24.22008271870928,61.63370883063114,93.05999755859375,11.262275250680204
2009-02-27,46.34999847412109,54.064737888573,23.85471116628811,61.278815968835424,92.62999725341797,10.981617675359624
2009-03-02,52.6500015258789,51.629506834621324,23.359544593287172,62.2933846724328,90.93000030517578,10.84848556573478
2009-03-03,50.930000305175774,51.24192965060028,23.45277575575505,61.8771552706479,90.04000091552734,11.485361117458792
2009-03-04,47.56000137329101,52.45590023314316,23.449186127118296,61.593715529726445,88.98999786376953,12.129434205089039
2009-03-05,50.169998168945305,50.313184076170046,22.33768489482147,63.30662967559008,91.98999786376953,11.845178719686128
2009-03-06,49.33000183105468,50.40092214205999,22.23011810598067,62.88444934387278,92.29000091552734,12.093452530653384
2009-03-09,49.680000305175774,49.80856812695033,22.10103261879775,62.51651784200722,90.56999969482422,11.726439108261388
2009-03-10,44.36999893188476,52.777639535460104,23.19462004017194,61.316241977532094,88.13999938964844,12.050274178182283
2009-03-11,43.610000610351555,53.121336242440634,23.56393789527613,61.97970581511765,89.22000122070312,11.6292886730722
2009-03-12,41.180000305175774,55.21286296001474,23.95474774585266,62.27524196553632,91.0999984741211,11.640082403319187
2009-03-13,42.360000610351555,55.64430917698076,24.008540677012267,61.96158599641321,91.30000305175781,11.935132476839872
2009-03-16,43.74000167846679,55.476111489971224,24.14479397738165,60.984500521992636,90.80000305175781,12.518036803716583
2009-03-17,40.79999923706054,57.17274061707025,24.008540677012267,60.65275143705582,90.04000091552734,12.359716749903072
2009-03-18,40.06000137329101,58.45249949023652,24.560704525545688,62.950764065632335,93.08999633789062,12.298547989149538
2009-03-19,43.680000305175774,57.72851548810084,24.345563318472717,63.02915230869706,94.3499984741211,12.939022308826667
2009-03-20,45.88999938964843,56.499270852696064,24.298964903369345,62.6793596990293,93.58999633789062,12.863461049873028
2009-03-23,43.22999954223632,60.55752642586213,24.800931171423436,62.13654715112456,92.08000183105469,13.183698209711592
2009-03-24,42.930000305175774,59.36436120903071,24.84753912326601,62.727623266660565,90.94999694824219,12.942620218908996
2009-03-25,42.24999999999999,59.99041808553766,24.980200887650795,61.883239715033916,91.9800033569336,12.931826488662008
2009-03-26,40.360000610351555,61.21303658961849,25.367442090416827,62.60094093837518,91.93000030517578,13.30963364130099
2009-03-27,41.04000091552734,60.10825412272638,25.109282560138034,63.06537287261255,90.69000244140625,13.194492797829367
2009-03-30,45.54000091552734,58.03122707421521,23.933230954858388,63.30662967559008,89.9800033569336,12.672758089576979
2009-03-31,44.13999938964843,58.56886686849621,24.30972043784472,63.75896520033024,90.27999877929688,13.234072382347351
2009-04-01,42.27999877929687,59.70315984311547,24.34817829236272,64.34083644796439,91.02999877929688,13.280848644900782
2009-04-02,42.04000091552734,61.44874681098108,25.23355771606596,63.55449735137072,88.80000305175781,13.586693306539242
2009-04-03,39.700000762939446,62.060071321815556,25.58918272101964,62.254020796809414,87.58999633789062,14.389085590112211
2009-04-06,40.930000305175774,61.57393758691048,25.505707642758455,61.98792267606277,85.2699966430664,14.094035516591527
2009-04-07,40.38999938964843,60.137703595277266,25.211791062504517,62.145156926033174,86.73999786376953,14.327916829358676
2009-04-08,38.84999847412109,60.7858513908959,25.50933351100419,62.69561794478052,86.61000061035156,14.378291001994436
2009-04-09,36.52999877929687,63.20166944409479,26.235069827763915,61.909244515898784,86.30999755859375,14.900024852376037
2009-04-10,36.52999877929687,63.20166944409479,26.235069827763915,61.909244515898784,86.30999755859375,14.900024852376037
2009-04-13,37.81000137329101,63.216390365671714,26.216921413056838,62.477871129734666,87.87999725341797,15.295824129039028
2009-04-14,37.669998168945305,62.12634026445208,26.08265938383346,62.804470371460745,87.37000274658203,15.220262870085389
2009-04-15,36.169998168945305,62.78920898164765,26.304022359563756,62.69561794478052,87.5,15.857139279680188
2009-04-16,35.79000091552734,63.709886468714515,26.721315734912515,62.19957741732527,85.80999755859375,15.713212581937569
2009-04-17,33.93999862670898,64.13708311153266,27.305498231652734,61.5160673382046,85.22000122070312,15.914709272480605
2009-04-20,39.180000305175774,61.44874681098108,26.307634876374603,62.44764345743699,86.94999694824219,15.317413305274577
2009-04-21,37.13999938964843,62.649262951854666,26.6051830469178,61.83060068802286,86.88999938964844,15.19147787368518
2009-04-22,38.09999847412109,62.26625196195841,26.732193339649715,61.45561199360926,87.37999725341797,14.92881156451782
2009-04-23,37.1500015258789,62.877618434476574,26.703169227553282,61.449561881511315,88.80000305175781,14.4862360253014
2009-04-24,36.81999969482421,63.827691988315095,27.116823383221423,60.832583961974656,89.72000122070312,14.90362447819994
2009-04-27,38.31999969482421,63.22378325139758,26.902719773373953,61.09267774700744,89.01000213623047,14.421468496594748
2009-04-28,37.950000762939446,63.02487724132656,26.960798515132275,60.09463050336984,87.75,13.773798356752962
2009-04-29,36.08000183105468,64.36538518837533,27.461553617307334,59.56236178260174,88.33000183105469,14.464646849065849
2009-04-30,36.49999999999999,64.38749518097958,27.675645783067758,59.32640741078193,87.2699966430664,14.77408942078664
2009-05-01,35.29999923706054,64.73365618320207,27.63209912450998,58.918074435253494,86.94999694824219,15.1231124348962
2009-05-04,34.52999877929687,66.9358663782456,27.56629562399562,59.11228455947696,88.63999938964844,15.436152916699317
2009-05-05,33.360000610351555,66.70756430140294,27.804036995636555,59.039454332381155,88.25,15.000774913389131
2009-05-06,32.450000762939446,67.86389097465613,28.034406467872035,58.89989739606894,89.54000091552734,15.749193398502436
2009-05-07,33.43999862670898,66.92112638317609,27.573602673574477,57.46201158054922,89.44000244140625,15.583677524524266
2009-05-08,32.04999923706054,68.48261981531202,28.067312032824894,57.60153418457337,89.9800033569336,15.45054627277021
2009-05-11,32.86999893188476,67.20104133095315,27.921022268116193,58.420633913384656,89.69000244140625,15.065540726354207
2009-05-12,31.799999237060543,67.00218109726433,28.030734823278117,58.63299818860063,90.69999694824219,15.040353640036328
2009-05-13,33.6500015258789,65.31550451859604,27.665018040897728,59.26998420268566,91.08999633789062,14.658947719444228
2009-05-14,31.370000839233395,65.87525812017982,27.37248619517635,59.50057510816896,91.02999877929688,14.644556079114912
2009-05-15,33.11999893188476,65.33762214059735,26.988493205783538,59.48239043958706,91.55000305175781,14.594181906479152
2009-05-18,30.23999977111816,67.1936713334184,27.562650682271478,58.5601412586141,90.36000061035156,14.93600738468248
2009-05-19,28.799999237060543,67.11263187812422,27.74548141691798,58.250773010801275,90.95999908447266,14.89282903221138
2009-05-20,29.030000686645504,66.66337483378254,28.155069106989117,58.863512800110435,92.25,15.17348660753196
2009-05-21,31.350000381469723,65.70587787663003,27.79303541328969,57.38308165027271,93.8499984741211,14.781285240951297
2009-05-22,32.63000106811523,65.56590895864595,28.177013143899774,56.746091821489,94.1500015258789,15.130308255060857
2009-05-25,32.63000106811523,65.56590895864595,28.177013143899774,56.746091821489,94.1500015258789,15.130308255060857
2009-05-26,30.620000839233395,67.24520791038245,28.10388161298031,55.89060749671921,93.76000213623047,15.45414418285254
2009-05-27,32.360000610351555,66.04466125192072,28.155069106989117,54.901654494721896,93.44999694824219,15.231056600332376
2009-05-28,31.67000007629394,66.96534636838463,28.253823948804516,55.69648129586658,94.23999786376953,15.367787477910337
2009-05-29,28.92000007629394,68.15116066117388,28.465911491984055,57.13438618487967,96.19999694824219,15.813960927209088
2009-06-01,30.04000091552734,69.80097962277135,29.139491382031746,55.445237611758905,95.7300033569336,16.688316559653366
2009-06-02,29.629999160766598,69.85987856787312,29.054606773716067,55.74354704811402,96.36000061035156,16.526398595757527
2009-06-03,31.02000045776367,68.97607395667113,28.88850157228726,56.26697711205303,94.41000366210938,15.914709272480605
2009-06-04,30.180000305175778,69.62421412289272,28.977090250110155,55.10442861746988,96.2300033569336,16.56238112806397
2009-06-05,29.620000839233395,69.63894648856521,29.069352479874805,54.68439596110639,93.70999908447266,16.414854804497445
2009-06-08,29.77000045776367,69.35169206084153,29.121043513713634,54.54438889035056,93.55999755859375,16.170179761483308
2009-06-09,28.27000045776367,69.70524594878987,29.176417636233428,54.53833496355394,93.83000183105469,16.972572045056275
2009-06-10,28.459999084472653,69.52848044891125,29.213317187565334,53.68005446465566,93.86000061035156,16.983365775303263
2009-06-11,28.11000061035156,69.83781435165106,29.279757742258585,54.27661993158444,93.69999694824219,17.544680925944423
2009-06-12,28.14999961853027,70.02930458780511,29.431080997919675,54.76353951450868,92.16999816894531,17.037339573762928
2009-06-15,30.80999946594238,68.4236903526221,28.995561006602358,55.256547356517615,91.0999984741211,16.418454430321347
2009-06-16,32.680000305175774,67.49562760922642,28.7187323556559,56.21830537166358,91.93000030517578,16.20976020387208
2009-06-17,31.54000091552734,67.42938155478099,28.55265957914039,55.90179219323319,92.3499984741211,16.238545200272288
2009-06-18,30.030000686645504,67.92285858433121,28.825755550362018,55.05570728599766,91.61000061035156,16.314106459225926
2009-06-19,27.98999977111816,68.1731943598078,28.855315627201772,55.81046830696284,91.9000015258789,16.15938603123632
2009-06-22,31.17000007629394,66.12884401879286,28.464074716013176,56.35218985104664,90.54000091552734,15.30661957502759
2009-06-23,30.57999992370605,66.18070865982936,28.512034977475018,57.01571472381099,90.91999816894531,15.788773840891208
2009-06-24,29.049999237060543,66.75107475268732,28.65599205577418,56.44349466382362,91.44999694824219,16.306910639061268
2009-06-25,26.36000061035156,68.2028040496964,28.929118544561266,57.4782469381084,92.30999755859375,16.551585682075405
2009-06-26,25.930000305175778,68.02506198699744,28.921725664329568,57.57563619527139,92.29000091552734,16.504809419521976
2009-06-29,25.350000381469723,68.66204034535843,29.283440830939547,57.660894710649096,92.04000091552734,16.641540297099937
2009-06-30,26.350000381469723,68.1065058003344,29.420008843702693,57.56350926818478,91.18000030517578,16.249338930519276
2009-07-01,26.21999931335449,68.38800766269452,29.492642556835655,57.44932389275745,92.38999938964844,16.659531563253157
2009-07-02,27.95000076293945,66.52142227256964,28.97861612838295,57.58366995068013,91.25,16.479622333204095
2009-07-03,27.95000076293945,66.52142227256964,28.97861612838295,57.58366995068013,91.25,16.479622333204095
2009-07-06,28.999999999999996,66.51404464563785,28.546548436657837,57.473737964274996,90.76000213623047,16.195366847801186
2009-07-07,30.850000381469723,65.22523349289085,28.14799093915118,57.85845795500755,90.70999908447266,15.932700538633828
2009-07-08,31.299999237060543,65.18079225516833,28.31934516183841,58.92708475352294,89.2699966430664,15.457742092934868
2009-07-09,29.780000686645504,65.30670782381596,28.72536420409904,58.224802542224474,89.51000213623047,16.02265515365836
2009-07-10,29.02000045776367,65.15118256527973,28.50559004912029,58.76216770042186,89.58000183105469,15.835550103444637
2009-07-13,26.30999946594238,66.73626609304449,28.568877757832375,58.4324404057826,90.19000244140625,15.925504718469169
2009-07-14,25.02000045776367,67.11401279898736,28.68064452661905,57.4615194844202,90.80999755859375,16.479622333204095
2009-07-15,25.889999389648434,69.07684303269498,29.313832511437976,55.98380058534013,92.23999786376953,17.145283739199105
2009-07-16,25.42000007629394,68.96573612369018,29.40322799739761,56.588312069608136,91.9800033569336,17.12729418878746
2009-07-17,24.340000152587887,69.7212066473848,29.42931670116675,55.71508176660402,91.93000030517578,17.371969231801597
2009-07-20,24.39999961853027,70.46192954661288,29.83905888641301,56.00824898914575,93.27999877929688,17.703000979757935
2009-07-21,23.870000839233395,70.7878039821222,29.98431677593973,57.1256352661201,93.12999725341797,17.584261368333195
2009-07-22,23.46999931335449,70.77301821067049,30.021538669056767,56.612714697029666,93.44000244140625,18.1203877169149
2009-07-23,23.430000305175778,72.33585441668438,30.32698707435737,55.57464744959664,93.26000213623047,18.127585252821135
2009-07-24,23.090000152587887,72.63215730929026,30.50576278749391,55.84328997435925,93.41000366210938,18.113191896750244
2009-07-27,24.280000686645504,72.84695535338292,30.56164807923509,55.20212305052684,93.70999908447266,18.278707770728413
2009-07-28,25.010000228881832,72.50623411124562,30.59517734693196,55.69069439797719,92.11000061035156,18.098800256420926
2009-07-29,25.61000061035156,72.32846916035555,30.69948638566034,55.99599617700288,91.19999694824219,17.789355968958564
2009-07-30,25.39999961853027,73.08394731344721,30.952728773205045,56.789800638902776,91.62000274658203,18.40104529223548
2009-07-31,25.92000007629394,73.18766133672617,31.45558768004872,57.89504854469449,93.3499984741211,18.82922747538101
2009-08-03,25.55999946594238,74.39497527035697,31.515310555645982,57.017694552423116,93.87000274658203,19.65680684527186
2009-08-04,24.889999389648434,74.58755651028687,31.447706518769724,56.56435194723286,94.68000030517578,20.07059738808807
2009-08-05,24.89999961853027,74.37278135438532,31.346268038542043,55.71876295082503,94.77999877929688,20.19653281967747
2009-08-06,25.67000007629394,73.98762650392253,31.098362410256442,55.90875401831437,94.5999984741211,19.77194854661427
2009-08-07,24.760000228881832,74.95791795990091,31.31623112474204,55.443047974719676,93.75,20.01662530536998
2009-08-10,24.98999977111816,74.80236981317358,31.45895796368376,56.13539671066944,92.93000030517578,19.90867942419223
2009-08-11,25.98999977111816,73.86911145039781,31.383854235096706,56.78486060411914,92.79000091552734,19.671200201342753
2009-08-12,25.45000076293945,74.66161506729502,31.30495106961039,56.17830825606021,92.94999694824219,20.297281164948988
2009-08-13,24.709999084472653,75.23195064256483,30.90679411515034,56.97479063642969,93.72000122070312,20.94495302053235
2009-08-14,24.27000045776367,74.65423744036323,30.752777684337765,57.19541373427621,93.0,20.394433315879752
2009-08-17,27.889999389648434,72.81731514590619,30.00152677550904,58.04094551020392,91.61000061035156,19.919473154439217
2009-08-18,26.180000305175778,73.39504360690185,30.51991149377842,57.70390925290409,92.05999755859375,19.858305251556473
2009-08-19,26.260000228881832,74.03945299797387,30.643850956486332,58.18183759105226,92.52999877929688,19.84031398540325
2009-08-20,25.090000152587887,74.80236981317358,30.549946500230583,58.65973159691235,92.2699966430664,19.70358310782529
2009-08-21,25.010000228881832,76.26891539922252,30.966900367663644,57.45266556879641,93.6500015258789,20.718267527929857
2009-08-24,25.139999389648434,76.26151488409963,30.80537661574891,58.49436440936767,92.33999633789062,20.97014010685023
2009-08-25,24.92000007629394,76.4096930332922,30.80160197437158,58.825197966622575,92.76000213623047,20.538360013622373
2009-08-26,24.95000076293945,76.41705540142992,30.92180685000682,59.09475601906709,92.79000091552734,20.549153743869358
2009-08-27,24.680000305175778,76.58745035478522,30.76403103659964,58.861902997269745,93.19000244140625,20.47719039499805
2009-08-28,24.760000228881832,76.57265695393647,30.918066540890628,59.13150301139969,93.87000274658203,21.03490763555688
2009-08-31,26.010000228881832,75.89118395207373,30.92180685000682,59.186644480741286,93.4000015258789,20.207328265666032
2009-09-01,29.14999961853027,74.21720269006987,30.631233850518143,59.04341398960541,93.9000015258789,20.12456947080616
2009-09-02,28.89999961853027,73.93577712168009,30.468340622853574,59.90396804891377,96.19000244140625,20.16774782327726
2009-09-03,27.100000381469723,74.55054630527538,30.66533722991515,59.535170610449065,97.45999908447266,20.462797038927157
2009-09-04,25.260000228881832,75.59490394765893,30.90022711653379,58.52095667382843,97.52999877929688,20.462797038927157
2009-09-07,25.260000228881832,75.59490394765893,30.90022711653379,58.52095667382843,97.52999877929688,20.462797038927157
2009-09-08,25.620000839233395,76.24672148325088,31.339722020751744,58.10914469310874,97.43000030517578,21.11766471467518
2009-09-09,24.319999694824215,76.83185045936943,31.044184194832955,58.041525344402466,97.08000183105469,20.912568398308238
2009-09-10,23.549999237060543,77.6169840787319,31.525358464072347,59.111052411805055,97.69999694824219,20.57793874026957
2009-09-11,24.14999961853027,77.60219830728018,31.824646135846535,59.436816234521395,98.77999877929688,20.347657053326323
2009-09-14,23.86000061035156,77.97994501322304,31.862547044794965,58.84675101413416,97.95999908447266,20.05620403201718
2009-09-15,23.42000007629394,78.30583470752643,32.08987238987621,58.54556910967706,98.9000015258789,20.35485287349098
2009-09-16,23.690000534057614,79.49094709578856,32.502836085625916,58.650042262278824,99.91000366210938,21.01691636940366
2009-09-17,23.64999961853027,79.37245493045494,32.559682680678954,59.38765239800292,99.33999633789062,20.725465063836094
2009-09-18,23.92000007629394,79.42303783278975,32.46872126214186,58.859038158565106,98.66999816894531,19.941062330674768
2009-09-21,24.05999946594238,79.22211003250474,32.487684114377046,58.99428067067633,98.36000061035156,20.09578447440595
2009-09-22,23.07999992370605,79.68352070632143,32.44979274216782,59.117232223657936,99.66999816894531,20.52756456763381
2009-09-23,23.48999977111816,79.02116697342566,32.5482767405898,59.29542442814669,98.83000183105469,20.12456947080616
2009-09-24,24.95000076293945,78.15044677813682,32.60891895784642,59.467555076441464,97.55000305175781,19.426525158328612
2009-09-25,25.61000061035156,77.73368333576255,32.502836085625916,60.22358257736662,97.0,19.65320893518953
2009-09-28,24.879999160766598,79.12536927811479,32.760450114422184,60.75218155800973,97.05000305175781,19.530871413682462
2009-09-29,25.190000534057614,78.88721764970134,32.722574000995685,60.6968493537344,97.43000030517578,19.53806723384712
2009-09-30,25.61000061035156,78.58207228593315,32.71498275658852,60.64152477885642,98.8499984741211,20.21452408583069
2009-10-01,28.27000045776367,76.63220439778613,31.85363210098615,61.47203427140349,97.88999938964844,19.613630208542332
2009-10-02,28.680000305175778,76.27501891684965,31.865074280684283,61.04661144581276,98.37000274658203,19.225026752044002
2009-10-05,26.840000152587887,77.41365301838121,32.2928943087675,61.052760740076245,99.81999969482422,19.55965641008267
2009-10-06,25.70000076293945,78.5225248420835,32.182107916771095,60.44855061700353,102.27999877929688,19.973446952898883
2009-10-07,24.680000305175778,78.73833759598165,32.41895092757892,61.15758865965474,102.36000061035156,19.93746442059244
2009-10-08,24.180000305175778,79.34118203201294,32.62523059658262,60.51638740353426,103.63999938964844,20.77583923647185
2009-10-09,23.120000839233395,79.82493920974196,32.75126814191563,59.12908449243998,102.83999633789062,20.35485287349098
2009-10-12,23.010000228881832,80.1375003474271,32.74363112116028,59.22156804710741,103.55999755859375,20.49518166115127
2009-10-13,22.98999977111816,79.97377348707944,32.7360017297963,59.529814773509905,104.26000213623047,20.04900821185252
2009-10-14,22.86000061035156,81.35056684642147,32.865869229594026,58.64819976281898,104.18000030517578,20.412422866291397
2009-10-15,21.71999931335449,81.64825065989051,32.85822457944731,58.376841172600045,102.86000061035156,20.516770837386822
2009-10-16,21.430000305175778,81.03797519114819,32.854428957243734,58.85161856964297,103.18000030517578,20.419620402197634
2009-10-19,21.48999977111816,81.70779810374016,32.86204690452067,59.31402489888412,104.2300033569336,21.27598476848869
2009-10-20,20.89999961853027,81.27612681956164,32.923181217520266,59.634696098869846,103.41999816894531,21.031308009732978
2009-10-21,22.21999931335449,80.54681749829628,32.98047031727242,59.2770871716178,103.75,21.77972821058786
2009-10-22,20.690000534057614,81.3654670588287,33.23255685202548,58.98727306921106,103.91999816894531,21.502668545349607
2009-10-23,22.27000045776367,80.43517653149911,33.175260122881966,58.543368028541806,103.48999786376953,21.761736944434638
2009-10-26,24.30999946594238,79.5644181892251,33.19441370990125,57.784956340945016,101.86000061035156,21.585427340209478
2009-10-27,24.82999992370605,79.19976352859243,32.93461767517488,58.57418697913405,101.8499984741211,21.50626817117351
2009-10-28,27.909999847412106,77.70389816974217,32.39224424310929,58.85161856964297,100.7300033569336,21.006120923415097
2009-10-29,24.760000228881832,79.37094430984222,32.846761418922924,58.21036772243972,102.69000244140625,21.740147768199087
2009-10-30,30.690000534057614,77.07129908527865,32.537343822765216,59.05513655863251,102.52999877929688,21.211217239782037
2009-11-02,29.780000686645504,77.63693495197556,32.79271862519615,58.79408528423239,103.94999694824219,21.1356559808284
2009-11-03,28.80999946594238,77.88247946611487,32.8658959324638,58.20638899172209,106.45999908447266,21.214815149864368
2009-11-04,27.71999931335449,78.08346830157615,32.915979072072666,57.67444070564267,107.0999984741211,21.477481459031726
2009-11-05,25.430000305175778,79.51979384597377,32.94293371176162,57.67444070564267,106.9800033569336,21.23280641601759
2009-11-06,24.190000534057614,79.7281526789698,32.973745008785066,57.730142935689436,107.43000030517578,21.196823883711147
2009-11-09,23.14999961853027,81.54405598459843,33.104688252765115,57.79817427185257,108.19000244140625,21.311965585053557
2009-11-10,22.840000152587887,81.55894856760861,33.09314498363141,57.69302210288673,108.38999938964844,21.279582678571018
2009-11-11,23.04000091552734,81.97572726877695,33.11239393804274,57.93427890586426,109.5999984741211,21.311965585053557
2009-11-12,24.23999977111816,81.14219275463138,33.150918549735174,57.829100034007695,108.20999908447266,21.18243224338183
2009-11-13,23.36000061035156,81.58127981272686,33.0854354836581,58.09504175210868,109.73999786376953,21.362339757689316
2009-11-16,22.889999389648434,82.76456877509789,33.23950722755807,58.77550007228965,111.62999725341797,22.31225836482881
2009-11-17,22.409999847412106,82.86131715888487,33.231801542280444,59.090968023283196,111.97000122070312,22.33744545114669
2009-11-18,21.629999160766598,82.80925415352549,33.14706952179205,58.744551421942475,112.25,22.362632537464567
2009-11-19,22.629999160766598,81.73009883127027,33.2164321333777,58.84972647910036,112.30000305175781,22.15034040093297
2009-11-20,22.190000534057614,81.4398765681004,33.20869211583894,58.837397372984,112.94000244140625,22.344641271311346
2009-11-23,21.159999847412106,82.47434651192802,33.17402797617668,58.763151892679915,114.29000091552734,22.549737587678287
2009-11-24,20.46999931335449,82.60085717354428,33.19330744815347,59.134295370829506,114.7300033569336,22.395015443947106
2009-11-25,20.479999542236325,82.89111758369933,33.20869211583894,59.406443603674084,116.62000274658203,22.783617184703864
2009-11-26,20.479999542236325,82.89111758369933,33.20869211583894,59.406443603674084,116.62000274658203,22.783617184703864
2009-11-27,24.73999977111816,81.54405598459843,32.97760166611956,59.6291418975996,115.05999755859375,22.261882476451476
2009-11-30,24.510000228881832,81.81943907053734,33.0854354836581,59.77138438177875,115.63999938964844,22.657681753114467
2009-12-01,21.92000007629394,82.83157013984967,33.249185110503284,59.105555431014935,117.37999725341797,23.053481029777455
2009-12-02,21.120000839233395,82.79433105292716,33.284101020080556,59.15523425185448,119.18000030517578,23.254977720320493
2009-12-03,22.459999084472653,82.14684701485048,33.326756947196586,58.540896103800655,118.69999694824219,23.168622731119868
2009-12-04,21.249999999999996,82.6157344977604,33.462544854692766,57.920366699797924,113.75,23.125444378648766
2009-12-07,22.100000381469723,82.48923146554118,33.50523511406993,57.99481054443309,113.11000061035156,22.920348062281825
2009-12-08,23.690000534057614,81.5738182624277,33.544038198547156,58.08170938024089,110.94999694824219,22.592914224407814
2009-12-09,22.659999847412106,81.87895599679885,33.544038198547156,57.81487502265004,110.83999633789062,22.294267098675586
2009-12-10,22.319999694824215,82.34035904121852,33.71085102602497,57.15088094194872,110.81999969482422,22.161134131179956
2009-12-11,21.590000152587887,82.69015926582618,33.7302487535679,57.14470875949319,109.31999969482422,22.380622087876215
2009-12-14,21.14999961853027,83.255772244332,34.001839827342984,57.21294990408343,110.23999786376953,22.52455050136041
2009-12-15,21.48999977111816,82.86877870918404,33.96693917654844,56.958520946582446,110.20999908447266,22.45978297265376
2009-12-16,20.54000091552734,82.99528937080031,34.04451864263311,56.89027598729353,111.58999633789062,22.927545598188058
2009-12-17,22.510000228881832,81.99806614329223,34.025109471003134,57.82726897864388,107.33999633789062,22.384221713700118
2009-12-18,21.680000305175778,82.46194111235089,34.005715558155885,57.57905035058517,108.94999694824219,22.45978297265376
2009-12-21,20.48999977111816,83.29996934134942,34.106591370770474,56.55520048511245,106.94999694824219,22.600111760314046
2009-12-22,19.54000091552734,83.59924769879855,34.18030655012929,56.238679677284715,106.16999816894531,22.452585436747523
2009-12-23,19.709999084472653,83.76386719859919,34.26179607928799,56.251127039059995,106.55000305175781,22.916750152199494
2009-12-24,19.46999931335449,84.1604127388336,34.389802007592905,55.66785579701225,108.36000061035156,23.539233205723402
2009-12-25,19.46999931335449,84.1604127388336,34.389802007592905,55.66785579701225,108.36000061035156,23.539233205723402
2009-12-28,19.930000305175778,84.33997822742366,34.28894145376105,55.512666225531454,108.55000305175781,23.866667043597413
2009-12-29,20.010000228881832,84.22028061735867,34.105393556326334,55.87889637178814,107.47000122070312,23.719142435772465
2009-12-30,19.959999084472653,84.19034286339762,34.249890414064495,56.24623659535913,106.93000030517578,23.931434572304063
2009-12-31,21.680000305175778,83.38226001775716,34.304547373796076,55.97850196888108,107.30999755859375,23.945827928374957
2010-01-01,21.680000305175778,83.38226001775716,34.304547373796076,55.97850196888108,107.30999755859375,23.945827928374957
2010-01-04,20.04000091552734,84.79642216377128,34.57401747677197,55.92868963358792,109.80000305175781,24.381205931685148
2010-01-05,19.350000381469723,85.02088665390589,34.738068464576024,56.28985386000471,109.69999694824219,24.438775924485565
2010-01-06,19.159999847412106,85.08073927363691,34.827885474408525,55.53638602189022,111.51000213623047,25.025278161444604
2010-01-07,19.05999946594238,85.4398855096111,34.9684608249856,55.629758401348845,110.81999969482422,24.550319715745648
2010-01-08,18.129999160766598,85.72419499007968,35.023144487586954,55.60487130719564,111.37000274658203,24.381205931685148
2010-01-11,17.549999237060543,85.84394600592391,34.99189450056008,55.299729745514284,112.8499984741211,24.672657237252714
2010-01-12,18.249999999999996,85.04332471058262,34.8122566661994,56.24623659535913,110.48999786376953,24.01779127724627
2010-01-13,17.850000381469723,85.76160955313397,34.89037400437523,55.592420130721685,111.54000091552734,24.377608021602818
2010-01-14,17.629999160766598,85.99357374055292,34.92944030285451,56.37083991286685,112.02999877929688,24.294849226742947
2010-01-15,17.909999847412106,85.02832531601395,34.78883062001629,56.71955677750836,110.86000061035156,24.14372670883567
2010-01-18,17.909999847412106,85.02832531601395,34.78883062001629,56.71955677750836,110.86000061035156,24.14372670883567
2010-01-19,17.57999992370605,86.09083329394117,34.80443272535564,56.55767622455228,111.5199966430664,24.733826855877037
2010-01-20,18.680000305175778,85.21539813128538,34.75367438461105,57.13057530090373,108.94000244140625,24.078959180129015
2010-01-21,22.27000045776367,83.57677149513665,34.21083937436795,57.39213774492625,107.37000274658203,23.639983266736497
2010-01-22,27.30999946594238,81.71369562764737,33.88669323818206,57.29249781554523,107.16999816894531,24.02498709741093
2010-01-25,25.409999847412106,82.13273263033774,33.937474467100735,57.030927742125364,107.4800033569336,24.35242093528494
2010-01-26,24.549999237060543,81.78855527134408,33.9804203110886,57.04958924804159,107.55999755859375,23.956621658621945
2010-01-27,23.139999389648434,82.17762400248526,33.992127612136635,57.01847656565141,106.52999877929688,23.132640198813423
2010-01-28,23.729999542236325,81.23483652281412,33.84763456909415,56.987321921575806,106.4800033569336,22.236695390133594
2010-01-29,24.620000839233395,80.35193980985918,33.67579397270747,57.48552156848089,105.95999908447266,21.920056998248146
2010-02-01,22.590000152587887,81.60147482667561,33.83832289693441,56.96375089846534,108.3499984741211,22.1539383110153
2010-02-02,21.479999542236325,82.5891384197002,33.94067881147361,57.12622654441466,109.12999725341797,22.200714573568728
2010-02-03,21.600000381469723,82.17762400248526,34.11382784847922,56.46373926968982,108.69999694824219,21.358741847606986
2010-02-04,26.07999992370605,79.64115466459215,33.629750595825826,57.35742398698723,104.37000274658203,20.69308044161198
2010-02-05,26.11000061035156,79.80573601740761,33.4329657043746,57.4824392919518,104.68000030517578,20.538360013622373
2010-02-08,26.510000228881832,79.22961735918611,33.28735114080161,57.55742863849744,104.04000091552734,20.937755484626116
2010-02-09,25.999999999999996,80.22475013190689,33.35426090306375,56.98242003377892,105.41000366210938,21.470285638867068
2010-02-10,25.39999961853027,80.06761507059652,32.9056145439047,56.43875680806974,105.12000274658203,21.48827690502029
2010-02-11,23.959999084472653,80.90562804080099,33.03938066268942,56.132539501362146,107.12999725341797,22.520950875536506
2010-02-12,22.729999542236325,80.83829098257971,33.0197693121883,56.36371024104399,107.04000091552734,22.157536221097626
2010-02-15,22.729999542236325,80.83829098257971,33.0197693121883,56.36371024104399,107.04000091552734,22.157536221097626
2010-02-16,22.249999999999996,82.11027931486696,33.346391185871795,56.470025893105586,109.62000274658203,23.161425195213635
2010-02-17,21.71999931335449,82.49937093419923,33.60220849300185,55.8262993064625,109.25,23.30535360869783
2010-02-18,20.629999160766598,82.98570684812572,33.921002611145894,55.60133889622294,109.9800033569336,23.639983266736497
2010-02-19,20.02000045776367,83.15778026882847,34.14925492727787,55.90130391180284,109.47000122070312,24.15812006490656
2010-02-22,19.940000534057614,83.17277966339715,34.19254409387712,55.67006832224353,109.06999969482422,23.794703694726103
2010-02-23,21.370000839233395,82.1626703842988,33.94460794802606,56.538732430934125,107.88999938964844,23.129042288731096
2010-02-24,20.27000045776367,82.91835453111037,34.074471633128105,56.676271391647475,107.36000061035156,23.283764432462277
2010-02-25,20.100000381469723,82.80611084194751,34.078400769680556,56.994966577719744,108.30999755859375,22.974321860741487
2010-02-26,19.499999999999996,82.85849428198233,34.30669123276935,57.288702190363985,109.43000030517578,23.521243655311757
2010-03-01,19.260000228881832,83.71893767946649,34.33281808349531,57.26359765838633,109.43000030517578,23.985406655022153
2010-03-02,19.05999946594238,83.95087897869433,34.55487151914406,57.18834891233082,111.0199966430664,24.435178014403235
2010-03-03,18.82999992370605,84.02572336359698,34.59055036785772,57.04418382001966,111.62999725341797,24.604291798463734
2010-03-04,18.71999931335449,84.28012560769264,34.61832516711831,57.34509106617219,110.83000183105469,24.18330715122444
2010-03-05,17.42000007629394,85.48479976994972,34.82449420994723,56.59279434055081,110.80999755859375,24.485552187038994
2010-03-08,17.79000091552734,85.49974575873914,34.83242114757441,56.29809742384056,109.87999725341797,24.442375550309468
2010-03-09,17.92000007629394,85.64188905487788,34.98311307110013,56.31064778248005,109.72000122070312,24.453169280556455
2010-03-10,18.569999694824215,86.0234962357199,34.99499966284522,56.16645598727818,108.47000122070312,24.14372670883567
2010-03-11,18.05999946594238,86.38265010109113,34.963265209466726,56.37335379929342,108.5999984741211,24.222885877871636
2010-03-12,17.57999992370605,86.3901116513903,34.97119977648527,56.72441288892115,107.94999694824219,24.248072964189515
2010-03-15,17.999999999999996,86.41256496686108,34.93156127365369,56.6492442515378,108.36000061035156,23.798301604808433
2010-03-16,17.690000534057614,87.10093494364249,35.050541631975015,57.10060321341726,110.4000015258789,24.15812006490656
2010-03-17,16.909999847412106,87.61722387032408,35.050541631975015,57.34509106617219,109.58999633789062,24.53952598549866
2010-03-18,16.620000839233395,87.5722943511914,35.10205528246463,57.15700734802016,110.33999633789062,24.377608021602818
2010-03-19,16.96999931335449,87.12906453050651,34.92759399014442,57.21340385322571,108.27999877929688,24.21209214762465
2010-03-22,16.870000839233395,87.59483159002957,35.094105456663364,57.27615564642317,107.75,24.269662140425066
2010-03-23,16.350000381469723,88.21093591810579,35.0901572466325,57.006593779279974,108.31999969482422,24.248072964189515
2010-03-24,17.549999237060543,87.78267497440142,35.07033227317319,55.96584098398002,106.30000305175781,24.010593741340035
2010-03-25,18.39999961853027,87.63993658529404,35.153591821128344,55.608460938648456,106.77999877929688,24.258868410178078
2010-03-26,17.77000045776367,87.5873471515393,35.14170904407894,55.765245054175246,108.58999633789062,24.417186748250014
2010-03-29,17.590000152587887,88.1433242015913,35.185318645115466,55.55211783922435,108.75,25.399488261872044
2010-03-30,17.129999160766598,88.20341333263036,35.14963598170612,55.72763212524352,107.97000122070312,25.582995402003437
2010-03-31,17.590000152587887,87.90287612467064,35.03861689327311,56.11004040857925,108.94999694824219,25.518227873296784
2010-04-01,17.46999931335449,88.50394291119304,34.95392301974153,55.972863844239996,110.26000213623047,25.741313740075373
2010-04-02,17.46999931335449,88.50394291119304,34.95392301974153,55.972863844239996,110.26000213623047,25.741313740075373
2010-04-05,17.02000045776367,89.22518033039651,34.93795470361671,55.04157001270953,110.88999938964844,26.093934664267262
2010-04-06,16.229999542236325,89.43556095360653,35.16564244478776,55.129662849202475,111.02999877929688,25.975195052842523
2010-04-07,16.620000839233395,88.92467364002493,35.217590970585114,55.83445513222884,112.48999786376953,25.849259621253125
2010-04-08,16.479999542236325,89.23268765707788,35.27748550748807,55.85958636709722,112.6500015258789,25.770100452217157
2010-04-09,16.139999389648434,89.81872453144346,35.32944929206816,55.9917694908714,113.63999938964844,25.795287538535035
2010-04-12,15.579999923706053,89.96147054994789,35.33741056195648,56.28751544971717,113.01000213623047,25.615378308485976
2010-04-13,16.20000076293945,90.02908989585941,35.433304382010384,56.470025893105586,112.69000244140625,25.874446707571003
2010-04-14,15.590000152587889,91.0508416348315,35.529163869803156,56.07351848346846,113.02999877929688,25.946410056442314
2010-04-15,15.890000343322752,91.1259911956155,35.62506150455275,56.13648008509303,113.6500015258789,25.881642527735664
2010-04-16,18.36000061035156,89.67596325414497,35.33741056195648,56.54552259457495,111.23999786376953,25.269953204458744
2010-04-19,17.340000152587887,90.01405998370262,35.26950897881702,56.40709099437174,111.1500015258789,25.147615682951674
2010-04-20,15.729999542236326,90.81794666097441,35.64901016404429,56.60840790222602,111.45999908447266,25.273552830282647
2010-04-21,16.319999694824215,90.6526557742348,35.65303085329311,57.07408724292999,112.30999755859375,25.424675348189925
2010-04-22,16.46999931335449,90.92312552848388,35.54913761639406,56.904188193359865,111.83999633789062,25.075652334080363
2010-04-23,16.620000839233395,91.5166849883249,35.780838417422565,56.70281787972414,113.19000244140625,25.269953204458744
2010-04-26,17.46999931335449,91.17107330268887,35.780838417422565,56.76573751966328,112.75,25.381496995718823
2010-04-27,22.80999946594238,89.01479207778945,35.32944929206816,57.56489781850234,114.62999725341797,24.20489632745999
2010-04-28,21.07999992370605,89.69099316630178,35.35340176625539,57.07408724292999,114.30999755859375,24.2336813238602
2010-04-29,18.440000534057614,90.80292437821466,35.59706926763829,57.31321162934841,114.27999877929688,23.989004565104484
2010-04-30,22.049999237060543,89.26273985199444,35.71292157550038,57.97394795738161,115.36000061035156,24.01779127724627
2010-05-03,20.190000534057614,90.41977605917178,35.70890088625156,57.89814608001828,115.7300033569336,23.593207004183068
2010-05-04,23.840000152587887,88.29356991738005,35.342754950606945,58.94004328492061,114.87000274658203,22.772823454456876
2010-05-05,24.909999847412106,87.76766032103869,34.859959435702706,59.287352525751196,115.08999633789062,22.582120494160826
2010-05-06,32.79999923706054,84.85258978473492,33.99487037833198,61.11854521872003,118.48999786376953,22.333845825322786
2010-05-07,40.950000762939446,83.5903975982392,33.99083443030044,60.35446870359143,118.2699966430664,22.531746321525066
2010-05-10,28.840000152587887,87.27180291961389,34.62655728040004,59.104227915876166,117.56999969482422,23.136238108895753
2010-05-11,28.319999694824215,87.02386277480595,34.58634275852049,58.95270426982167,120.66000366210938,22.985115590988475
2010-05-12,25.52000045776367,88.24098048362532,35.0088355640838,58.50433984640179,121.4000015258789,22.855582249316747
2010-05-13,26.680000305175778,87.14406392507517,34.79153905395051,58.88959008025012,120.55999755859375,23.168622731119868
2010-05-14,31.23999977111816,85.56629698906592,34.590363447769306,59.91250534454756,120.37000274658203,22.474174612983074
2010-05-17,30.840000152587887,85.61140961372742,34.54610534846684,59.691516035628275,119.36000061035156,21.03490763555688
2010-05-18,33.54999923706054,84.44692711504499,34.47368716563991,60.60712001151004,119.48999786376953,21.75094321418765
2010-05-19,35.31999969482421,83.96603096120369,34.272503930067344,60.809180785605875,116.62999725341797,21.229208505935258
2010-05-20,45.79000091552734,80.79555872979279,33.25050118051357,62.09103398123769,115.83999633789062,21.124860534839836
2010-05-21,40.09999847412109,81.97505588183796,33.9184162474735,62.15417105900129,115.22000122070312,21.959637440636918
2010-05-24,38.31999969482421,80.92325957734634,33.97073098405634,61.93948363229248,116.83999633789062,22.571325048172262
2010-05-25,34.610000610351555,81.00590883541467,33.930474500524284,62.24259195958026,117.36000061035156,21.83010238322362
2010-05-26,35.020000457763665,80.51754350187719,33.52411785769579,62.065776861313054,118.47000122070312,22.10356413837954
2010-05-27,29.680000305175778,83.21474897648068,33.98682518513866,60.65758466027656,118.69000244140625,22.679270929350015
2010-05-28,32.06999969482421,82.17044473987636,34.04316061097032,60.93546257053042,118.87999725341797,22.287069562769354
2010-05-31,32.06999969482421,82.17044473987636,34.04316061097032,60.93546257053042,118.87999725341797,22.287069562769354
2010-06-01,35.54000091552734,80.78800562672923,33.88220715606004,61.363792196511206,119.91000366210938,21.977626991048567
2010-06-02,30.17000007629394,82.89168978847687,34.05655019281411,60.78084520385081,119.77999877929688,21.81930865297663
2010-06-03,29.459999084472653,83.17715130789757,34.068684739778526,60.33733307714505,117.95999908447266,21.146449711075388
2010-06-04,35.47999954223632,80.2545887037065,33.87813306107167,61.95936584178459,119.19000244140625,20.23971117214857
2010-06-07,36.56999969482421,79.25535894477851,33.642995219233704,62.434471302913536,121.48999786376953,19.854707341474143
2010-06-08,33.700000762939446,80.10435061731478,33.69571049886314,62.12407308645856,121.0,19.95185777666333
2010-06-09,33.72999954223632,79.67607441481634,33.76867036847692,62.054405244564016,120.55999755859375,20.4556012187625
2010-06-10,30.569999694824215,82.0051462237397,34.11327471760533,60.94563255719695,118.97000122070312,20.549153743869358
2010-06-11,28.79000091552734,82.40332445493937,34.161957863898905,61.71856298794934,120.01000213623047,20.865792135754806
2010-06-14,28.57999992370605,82.27561597798878,34.20655165642139,61.401782780611725,119.5999984741211,21.517061901420497
2010-06-15,25.870000839233395,84.14635938949714,34.53902908797674,61.148292238984695,120.98999786376953,21.60701651644503
2010-06-16,25.92000007629394,84.1163148239776,34.567395165068035,61.49681836869248,120.33000183105469,21.545846897820706
2010-06-17,25.049999237060543,84.25152299821252,34.826870765357114,61.997371684679806,121.9000015258789,20.887381311990357
2010-06-18,23.95000076293945,84.34289265709062,34.97687985835576,61.89595792041509,122.83000183105469,20.73266088400075
2010-06-21,24.879999160766598,84.10132305880597,35.102574081077385,61.71856298794934,120.38999938964844,21.150047621157718
2010-06-22,27.049999237060543,82.71233792300374,34.851197079721175,62.45351809339591,121.44999694824219,21.520659811502828
2010-06-23,26.909999847412106,82.45570026557715,34.826870765357114,62.87805590889412,120.94999694824219,21.11406680459285
2010-06-24,29.73999977111816,81.08935155077452,34.58766264322646,62.50426121516567,121.30000305175781,21.61061442652736
2010-06-25,28.530000686645504,81.42905808310633,34.745785593940695,62.75769453631258,122.76000213623047,22.258284566369145
2010-06-28,28.999999999999996,81.17238990809159,34.82281955854284,63.34689763479935,121.08999633789062,22.08197496214399
2010-06-29,34.13000106811523,78.66619401762902,34.47413729973038,64.03755264453757,121.2699966430664,20.98093383709722
2010-06-30,34.54000091552734,77.91883354298145,34.4214296494923,64.468430489233,121.68000030517578,21.128460160663742
2010-07-01,32.860000610351555,77.57159679577718,34.58603758286593,64.57009220891157,117.04000091552734,20.61751918265834
2010-07-02,30.120000839233395,77.14885953552536,34.59420103162539,64.05527573457985,118.48999786376953,20.89817675797892
2010-07-05,30.120000839233395,77.14885953552536,34.59420103162539,64.05527573457985,118.48999786376953,20.89817675797892
2010-07-06,29.64999961853027,77.65461989430017,34.86784441167739,64.58282567308744,116.51000213623047,21.30117185480657
2010-07-07,26.840000152587887,80.10048251301859,35.28850234861766,63.826454849281575,117.7300033569336,21.62860569268058
2010-07-08,25.709999084472653,80.89307768268021,35.45192391163419,63.41980415586864,117.20999908447266,21.639399422927568
2010-07-09,24.979999542236325,81.49697497550218,35.37021694482161,63.057510778644165,118.36000061035156,21.90926326800116
2010-07-12,24.430000305175778,81.54981617935903,35.34161817129372,63.03206292378579,117.33999633789062,21.585427340209478
2010-07-13,24.55999946594238,82.78029296238478,35.61527681012844,62.491897776761235,118.36000061035156,21.65739068908079
2010-07-14,24.889999389648434,82.77272460052714,35.58261157100355,63.1210483997686,118.30000305175781,21.596221070456465
2010-07-15,25.139999389648434,82.79538390971784,35.63570069080982,63.75023335506404,118.2300033569336,21.62500778259825
2010-07-16,26.249999999999996,80.51565141141278,35.4192357843352,64.06163102257176,116.66999816894531,21.03850554563921
2010-07-19,25.96999931335449,80.99119172853626,35.537663011782634,63.66758409357977,115.7300033569336,21.103271358604285
2010-07-20,23.930000305175778,81.88952271169082,35.82356300906087,63.76294774574654,116.6500015258789,21.571033984138587
2010-07-21,25.639999389648434,80.82513790209326,35.80720940867217,64.8433009279877,115.8499984741211,22.215106213898046
2010-07-22,24.629999160766598,82.62931482448076,36.1258166067278,64.09342272132602,116.86000061035156,22.744038458056668
2010-07-23,23.46999931335449,83.34643236928594,36.28919620809183,63.41339546209529,116.08999633789062,22.920348062281825
2010-07-26,22.729999542236325,84.21453568139214,36.30551929091507,63.30534793683541,115.5199966430664,23.208201457767064
2010-07-27,23.190000534057614,84.20699783712264,36.2565157101842,62.69525173370776,113.51000213623047,23.064274760024443
2010-07-28,24.249999999999996,83.66351773941219,36.17892861470818,62.89864002294236,113.77999877929688,23.316147338944816
2010-07-29,24.129999160766598,83.25586379709641,36.28919620809183,62.879513123787824,114.29000091552734,23.643581176818827
2010-07-30,23.499999999999996,83.24077284976333,36.19527458570551,63.85825417743319,115.48999786376953,23.798301604808433
2010-08-02,22.010000228881832,85.12039687941916,36.384010469267736,62.96178854480198,115.54000091552734,24.359616755449597
2010-08-03,22.629999160766598,84.71276582529448,36.384010469267736,63.32523396102619,115.98999786376953,24.14372670883567
2010-08-04,22.209999084472653,85.2789433791808,36.36344163015043,62.84069093537624,116.72000122070312,24.47116054670968
2010-08-05,22.100000381469723,85.18836717759424,36.34696977419559,63.1340031164676,116.9800033569336,24.11134380235313
2010-08-06,21.73999977111816,84.84112280099295,36.33874147560954,63.822586744825514,117.83999633789062,24.032182917575586
2010-08-09,22.139999389648434,85.29401143832277,36.27299519553041,63.586632373005706,117.4000015258789,24.11134380235313
2010-08-10,22.370000839233395,84.83353155094422,36.26063939621644,63.72053592588214,117.7300033569336,23.827088316950217
2010-08-11,25.389999389648434,82.50854909883103,35.78774683130265,64.57496739381773,117.33999633789062,23.406101953969348
2010-08-12,25.729999542236325,82.00274296367402,35.664379572947034,64.41549773042401,118.7699966430664,23.621992000583276
2010-08-13,26.23999977111816,81.76119625358048,35.82065621095119,65.21892667707996,118.73999786376953,23.39890441806311
2010-08-16,26.100000381469723,81.72343836765967,35.86587179886984,66.85110654019398,119.7300033569336,23.582411558194504
2010-08-17,24.32999992370605,82.72743649973386,36.00156815366965,66.46859144529536,119.75,24.01779127724627
2010-08-18,24.590000152587887,82.87840700824083,36.06325559754314,66.64707356688338,120.22000122070312,24.100548356364566
2010-08-19,26.440000534057614,81.43658066858175,35.98921998374704,67.68635007379625,120.38999938964844,23.873864579503646
2010-08-20,25.48999977111816,81.17238990809159,36.07558087929166,67.60979670079402,119.97000122070312,23.683159903466024
2010-08-23,25.659999847412106,80.8629034174111,36.07558087929166,67.622575941354,119.77999877929688,23.686759529289926
2010-08-24,27.459999084472653,79.66259327025743,35.88643300859577,68.70644627577315,120.36000061035156,23.312549428862486
2010-08-25,26.70000076293945,79.97212553732011,35.837089919949214,68.48337032667885,121.36000061035156,23.107453112495545
2010-08-26,27.370000839233395,79.43616039568806,35.78774683130265,69.12734486873579,120.95999908447266,23.787507874561445
2010-08-27,24.45000076293945,80.66658377293457,35.78363077466178,67.16991616722649,121.01000213623047,24.208494237542318
2010-08-30,27.209999084472653,79.49653944381441,35.84941520169773,68.45781184555891,120.91000366210938,24.561115161734207
2010-08-31,26.049999237060543,79.49653944381441,35.837089919949214,69.21656304133775,122.08000183105469,24.186905061306767
2010-09-01,23.889999389648434,81.87441650556369,36.22434638149797,67.78539491018404,121.69000244140625,24.960510632737954
2010-09-02,23.190000534057614,82.6368374099562,36.28234882934265,67.06920812221658,122.29000091552734,25.100839420398245
2010-09-03,21.30999946594238,83.70879058141139,36.39003005905392,66.23782506367303,121.86000061035156,25.140419862787017
2010-09-06,21.30999946594238,83.70879058141139,36.39003005905392,66.23782506367303,121.86000061035156,25.140419862787017
2010-09-07,23.799999237060543,82.76518675625763,36.336166556024196,67.5935384550428,122.69999694824219,24.924529816173088
2010-09-08,23.249999999999996,83.34643236928594,36.3444482603498,67.05637547587517,122.70999908447266,25.118830686551465
2010-09-09,22.80999946594238,83.7314041142199,36.48945247261367,65.73267503578279,121.55999755859375,24.70863976955916
2010-09-10,21.98999977111816,84.15416426266282,36.58468635031459,65.4320920390176,121.7300033569336,24.445973460391798
2010-09-13,21.209999084472653,85.09023024354708,36.77521132615167,65.75187059951347,121.62000274658203,24.982099808973505
2010-09-14,21.55999946594238,85.03735089270506,36.7669448806088,66.3849198445663,124.0199966430664,24.89574481977288
2010-09-15,22.100000381469723,85.36199699529193,36.733791360436605,65.40012486412431,123.94000244140625,24.884949373784316
2010-09-16,21.71999931335449,85.33931479791012,36.79593275309625,64.75423534333272,124.62999725341797,25.064858603833375
2010-09-17,22.010000228881832,85.37120567751185,36.862174943614036,65.0164195832392,124.54000091552734,25.284346560529634
2010-09-20,21.499999999999996,86.67657262182244,36.920185020850084,65.39373142914565,124.87000274658203,25.158411128940237
2010-09-21,22.350000381469723,86.50201201768662,36.85801692532066,66.30180518984372,126.01000213623047,25.003688985209056
2010-09-22,22.510000228881832,86.07700882651574,36.708957691546836,66.89650145442194,126.19999694824219,25.608182488321315
2010-09-23,23.870000839233395,85.37878166876652,36.61368185219341,67.08835028016581,126.30000305175781,25.798885448617366
2010-09-24,21.709999084472653,87.1395015456489,36.7586402881091,66.18669284263845,126.69000244140625,26.003981764984307
2010-09-27,22.54000091552734,86.72208197512971,36.820762607290334,67.33777053830703,126.72000122070312,25.860053351500113
2010-09-28,22.600000381469723,87.02564042431484,36.874618480928696,67.79816652134666,127.8499984741211,26.151506372809255
2010-09-29,23.249999999999996,86.87386882911932,36.96160498656515,67.5167409413254,127.94999694824219,26.313424336705097
2010-09-30,23.70000076293945,86.61584262143253,37.14795668532613,67.47206319044828,127.91000366210938,26.23786136200988
2010-10-01,22.499999999999996,86.98010055341945,37.196746643098805,67.1459751183446,128.91000366210938,26.507725207083475
2010-10-04,23.530000686645504,86.32743615475674,37.06751619747997,67.31927687913249,128.4600067138672,26.320620156869754
2010-10-05,21.760000228881832,88.06536702269882,37.20091229078354,66.91493407841769,130.99000549316406,26.763195696086175
2010-10-06,21.48999977111816,88.05780629023822,37.16757185052293,67.755792848469,131.80999755859375,26.957496566464553
2010-10-07,21.55999946594238,87.95155930714401,37.24261454397907,67.19094278632099,130.3699951171875,26.435761858212164
2010-10-08,20.709999084472653,88.44484560176838,37.36767171252181,66.89560881493207,131.66000366210938,27.1050211742895
2010-10-11,18.959999084472653,88.52828831712823,37.44688386835837,66.90847197886289,132.2899932861328,27.198573699396363
2010-10-12,18.930000305175778,88.80155806008875,37.41354342809776,66.24731603397548,131.9600067138672,27.20936742964335
2010-10-13,19.069999694824215,89.49214819140703,37.538623484814586,66.14463960444947,134.07000732421875,27.44684665249283
2010-10-14,19.879999160766598,89.14305750072351,37.359367120022114,65.1561901426772,134.75,27.41086583592796
2010-10-15,19.030000686645504,89.32516357852587,37.45525331068466,64.36026852301289,133.67999267578125,27.594372976059354
2010-10-18,19.090000152587887,89.76537215798534,37.40521213272829,64.88015854658185,134.27999877929688,27.709514677401764
2010-10-19,20.629999160766598,88.5890335763122,37.40104267034787,65.27172973613402,130.11000061035156,27.022264095171206
2010-10-20,19.79000091552734,89.45422245875147,37.51777235821682,65.41291173408163,131.32000732421875,27.263341228103013
2010-10-21,19.27000045776367,89.65151866604833,37.459396070195304,64.63626960151883,129.47000122070312,27.169788702996154
2010-10-22,18.780000686645504,89.81850327892948,37.6303440277924,65.07273979447126,129.72999572753906,27.284930404338564
2010-10-25,19.850000381469723,90.08411310726797,37.77622180536744,65.25887420160056,130.85000610351562,27.75269131413129
2010-10-26,20.21999931335449,90.09930323676247,37.834613352171694,64.25118339971353,130.8800048828125,27.803067202508625
2010-10-27,20.709999084472653,89.8412541408846,37.79293017245457,63.68631807877082,129.52000427246094,27.15539534692526
2010-10-28,20.879999160766598,89.85642901158504,37.81375078148688,63.85963128365473,131.24000549316406,27.238154141785134
2010-10-29,21.20000076293945,89.92472737383258,37.83045151918264,64.4565591469576,132.6199951171875,26.856748221193037
2010-11-01,21.82999992370605,89.95508474463051,37.75955158523714,64.17905507717384,131.9199981689453,27.191377879231705
2010-11-02,21.569999694824215,90.66848677308016,37.94419811502827,65.02251547172125,132.49000549316406,27.58717544015312
2010-11-03,19.55999946594238,91.0327523344641,38.07010977540377,63.696076077980486,131.57000732421875,27.198573699396363
2010-11-04,18.52000045776367,92.7858733319007,38.56531831005721,64.19189535291261,136.02999877929688,28.112509774229412
2010-11-05,18.260000228881832,93.1349869107753,38.52336810164235,63.09080546867623,136.3800048828125,28.38237190356143
2010-11-08,18.29000091552734,92.96043393603652,38.410022048843324,63.37410788044539,137.77999877929688,28.443541522185754
2010-11-09,19.07999992370605,92.29256414908522,38.30092556703404,61.97679520002892,135.58999633789062,29.069624201533564
2010-11-10,18.46999931335449,92.66445147810605,37.986159767530175,62.060527835936774,137.24000549316406,28.540691957374943
2010-11-11,18.639999389648434,92.31536841681958,37.83508255974058,62.02831270562963,137.66000366210938,28.914902057802383
2010-11-12,20.61000061035156,91.22249543869741,37.696563330136094,61.69345082657433,133.69000244140625,27.98297471681611
2010-11-15,20.20000076293945,91.09348233485402,37.62522852088284,60.40565051570878,132.4199981689453,28.231249385654152
2010-11-16,22.57999992370605,89.67428478679751,37.209735681895985,61.90598676323066,130.97000122070312,26.79917651265104
2010-11-17,21.760000228881832,89.71983991648698,37.39858600632867,61.564700931607305,130.3800048828125,26.83155941913358
2010-11-18,18.749999999999996,91.04033595511581,37.872848046992296,61.815849248248114,132.08999633789062,27.56558626391757
2010-11-19,18.04000091552734,91.29080143034199,37.860251921850356,62.195732201061254,132.1999969482422,27.58357753007079
2010-11-22,18.370000839233395,91.21491944744272,37.595840105348785,62.45972842283818,133.47999572753906,26.982683652782434
2010-11-23,20.629999160766598,89.8943776324317,37.079646929748705,62.76887160342921,134.41000366210938,26.633660638672872
2010-11-24,19.55999946594238,91.22249543869741,37.3020703908786,61.64843356751516,134.17999267578125,27.025862005253533
2010-11-25,19.55999946594238,91.22249543869741,37.3020703908786,61.64843356751516,134.17999267578125,27.025862005253533
2010-11-26,22.21999931335449,90.16001034896128,37.16775495591567,62.504810531774815,133.11000061035156,26.993477383029422
2010-11-29,21.530000686645504,90.43322668614256,37.264293459539836,63.039287963075516,133.50999450683594,27.04385155566518
2010-11-30,23.54000091552734,89.92472737383258,37.34821676454365,63.367706816069386,135.4199981689453,27.51161418119948
2010-12-01,21.36000061035156,91.83722647530752,37.6938281933321,61.95909118348001,135.3800048828125,28.39676525963232
2010-12-02,19.389999389648434,93.01356505698065,37.714942533931925,61.797557768103324,135.1999969482422,28.61985112641091
2010-12-03,18.010000228881832,93.26400001461869,37.77833514677527,61.3129498925759,138.07000732421875,28.74938446808264
2010-12-06,18.02000045776367,93.16534428157323,37.75717502982726,62.17876060665788,139.11000061035156,28.814153712530864
2010-12-07,17.98999977111816,93.21844488492923,37.95153758952042,60.84770161282216,136.5,29.102007108016103
2010-12-08,17.73999977111816,93.55996721375509,37.82900193482348,60.25972303260995,134.7899932861328,29.46542176245498
2010-12-09,17.249999999999996,93.92427092212421,37.74872929358733,60.55693383574677,135.3699951171875,29.37186923734812
2010-12-10,17.61000061035156,94.47066544950161,37.76563221015424,60.18862467871242,135.41000366210938,29.540983021408618
2010-12-13,17.549999237060543,94.53139544989152,37.575538294929224,60.41478671903449,136.0500030517578,30.221037783474518
2010-12-14,17.61000061035156,94.61488394163358,37.76141697142563,59.53604417644555,136.17999267578125,30.235429423803836
2010-12-15,17.940000534057614,94.18228950041394,37.613563181487315,58.76067996793876,134.6999969482422,29.695705165139803
2010-12-16,17.389999389648434,94.72874506296762,37.75297886457707,59.167761722301925,133.80999755859375,29.580561748055814
2010-12-17,16.11000061035156,94.83019315532749,37.807879964832296,60.2467454277189,134.1999969482422,29.886406409694274
2010-12-20,16.409999847412106,95.05907506634475,37.87550307518696,60.18219691144569,135.11000061035156,30.22823360363918
2010-12-21,16.48999977111816,95.66175928503831,37.955745198857656,60.602141829739665,135.32000732421875,30.73197876147992
2010-12-22,15.449999809265135,95.9592981399637,38.06138938107474,60.16927652703476,135.0500030517578,30.72118331549136
2010-12-23,16.46999931335449,95.8219995109415,38.09939137945874,60.04651189428821,134.66000366210938,30.598844078242713
2010-12-24,16.46999931335449,95.8219995109415,38.09939137945874,60.04651189428821,134.66000366210938,30.598844078242713
2010-12-27,17.67000007629394,95.8601159785229,38.1289705297769,60.58278223396598,135.02000427246094,30.764361667962458
2010-12-28,17.52000045776367,95.99745275453029,38.15320910614028,59.396262172911534,137.22000122070312,31.116980876412775
2010-12-29,17.280000686645504,96.06610206904139,38.280795417920174,60.401217835848875,137.7100067138672,31.009036710976595
2010-12-30,17.52000045776367,95.91350649896619,38.323314015991656,60.3558419951143,137.02999877929688,31.3508639049215
2010-12-31,17.749999999999996,95.93640994886198,38.39134148408861,61.023673662682285,138.72000122070312,31.94815815638595
2011-01-03,17.61000061035156,96.92820867507895,38.42109992510383,60.56331964132808,138.0,32.034514861328155
2011-01-04,17.379999160766598,96.87483341342973,38.595420073683805,60.634662135940786,134.75,31.40123807755726
2011-01-05,17.02000045776367,97.37832784128545,38.69321742688303,59.29899117140745,134.3699951171875,31.67469983271318
2011-01-06,17.39999961853027,97.18761580362886,38.73998559594425,59.55839449598014,133.8300018310547,31.0953934159188
2011-01-07,17.139999389648434,96.99684273079599,38.59118194678111,59.87604063991689,133.5800018310547,30.746370401809237
2011-01-10,17.54000091552734,96.87483341342973,38.56140061759181,60.20022517738193,134.1199951171875,30.616835344395934
2011-01-11,16.889999389648434,97.21810287417635,38.71023859901608,59.863124070204634,134.91000366210938,31.2249284733321
2011-01-12,16.23999977111816,98.09547590367876,38.79100715069089,59.396262172911534,135.4600067138672,31.678296027053936
2011-01-13,16.389999389648434,97.93526619536372,38.78250037932005,59.92793580068639,134.0500030517578,31.426425163875138
2011-01-14,15.46000003814697,98.64475434313498,38.84632023807977,59.54540163229439,132.69000244140625,31.689091473042495
2011-01-17,15.46000003814697,98.64475434313498,38.84632023807977,59.54540163229439,132.69000244140625,31.689091473042495
2011-01-18,15.86999988555908,98.812608707278,38.84204014952457,59.26662345315332,133.42999267578125,31.797035638478675
2011-01-19,17.30999946594238,97.84373631914792,38.72296823850689,59.69455253577327,133.72000122070312,31.376050991239378
2011-01-20,17.98999977111816,97.71399842258631,38.64646070190886,58.8710926063769,131.1999969482422,30.674405337196355
2011-01-21,18.46999931335449,97.93526619536372,38.80374441957306,59.33795450367,131.02999877929688,30.94427089801152
2011-01-24,17.64999961853027,98.49219692004496,38.85902698939648,59.36388301056137,130.36000061035156,31.242916308002172
2011-01-25,17.590000152587887,98.54557218169417,38.918570574296695,59.92793580068639,130.10000610351562,30.361364855393234
2011-01-26,16.639999389648434,98.92702677459552,38.999362014145596,59.020247324554454,131.16000366210938,30.660013696867036
2011-01-27,16.14999961853027,99.17118273847464,39.05039882767496,59.28610130458592,127.93000030517578,31.16735504904853
2011-01-28,20.04000091552734,97.43933249996859,38.81651602071637,59.597285348967866,130.27999877929688,31.415629717886574
2011-01-31,19.530000686645504,98.17173935642971,39.024847995996986,59.14344683294991,129.8699951171875,32.0309186669874
2011-02-01,17.629999160766598,99.74334936903259,39.101485232248194,58.850649636179625,130.8000030517578,32.67139127092295
2011-02-02,17.299999237060543,99.55263733137599,39.144247970843324,58.86364249986537,130.4499969482422,32.62821291845185
2011-02-03,16.690000534057614,99.77387458656526,39.144247970843324,58.37565480131224,132.1999969482422,32.63540873861651
2011-02-04,15.93000030517578,100.0561699062169,39.315440068964065,57.78358686412083,131.66000366210938,32.89447885344312
2011-02-07,16.280000686645504,100.68174994540924,39.38818631561965,58.08288049273399,131.67999267578125,32.86929176712523
2011-02-08,15.810000419616697,101.13949087925262,39.430979571780234,57.54934147730725,133.13999938964844,32.87288796146599
2011-02-09,15.86999988555908,100.91057845064724,39.20849507551943,58.050356371834205,133.07000732421875,32.52386494735643
2011-02-10,16.090000152587887,100.94875595340491,39.25126162881024,57.38022444096542,132.85000610351562,32.64980381042898
2011-02-11,15.689999580383299,101.55146306028959,39.34967696270994,58.20651487677836,132.32000732421875,32.606625457957875
2011-02-14,15.949999809265135,101.79558850658059,39.37964521198767,58.2455545030144,132.9499969482422,33.26868895387056
2011-02-15,16.370000839233395,101.47514620175942,39.30260743268985,58.5058275788849,133.97000122070312,32.610221652298634
2011-02-16,16.71999931335449,102.11603081140177,39.315440068964065,58.317080103163484,134.10000610351562,32.13886283242358
2011-02-17,16.590000152587887,102.42117617516996,39.40531811392748,58.40817510751335,135.0399932861328,32.239611177695096
2011-02-18,16.430000305175778,102.63479929211938,39.5251453346902,58.22603468989638,135.41000366210938,32.22881573170653
2011-02-21,16.430000305175778,102.63479929211938,39.5251453346902,58.22603468989638,135.41000366210938,32.22881573170653
2011-02-22,20.799999237060543,100.57494601633155,39.19991963962631,59.097887886678954,136.2899932861328,31.271703020143956
2011-02-23,22.129999160766598,99.95696485658499,39.23845188071011,59.31263634856656,137.50999450683594,30.753566221973895
2011-02-24,21.319999694824215,99.88830791267685,39.26838961242238,59.68998634145976,136.47999572753906,31.134972142565996
2011-02-25,19.21999931335449,100.95637772104179,39.38818631561965,60.04130101589868,137.3800048828125,31.922971070068073
2011-02-28,18.350000381469723,101.58193487204302,39.58503987159315,60.11941841535751,137.66000366210938,32.225219537365774
2011-03-01,21.010000228881832,99.88830791267685,39.52432136042289,60.29363951852598,140.02999877929688,32.31517243664873
2011-03-02,20.70000076293945,100.10193102962627,39.55877569182264,59.36678599625276,139.9199981689453,32.239611177695096
2011-03-03,18.600000381469723,101.82612135351029,39.700934141107744,58.78583409099919,138.08999633789062,32.203628645388655
2011-03-04,19.05999946594238,101.06321979710464,39.619055512989476,59.27542396299567,139.35000610351562,32.18204118489468
2011-03-07,20.659999847412106,100.26974724678412,39.62769579870918,58.8967922313478,139.72000122070312,31.03782342311838
2011-03-08,19.819999694824215,101.14707449990432,39.59323383791807,58.53780619787422,139.36000061035156,31.124176696577432
2011-03-09,20.21999931335449,101.00216936203931,39.48128014904298,59.10568513076987,139.41000366210938,30.221037783474518
2011-03-10,21.879999160766598,99.13299760631993,39.27456941942721,60.097800517968444,137.77000427246094,30.11309361803834
2011-03-11,20.07999992370605,99.81964333937168,39.26594820718591,59.75841822098372,138.22000122070312,30.188654876991983
2011-03-14,21.129999160766598,99.21697437947216,39.10659692446207,59.73234094084404,138.86000061035156,30.033932733260798
2011-03-15,24.319999694824215,98.08019422141984,38.904215874445356,60.62658260414794,136.27000427246094,29.68490971915124
2011-03-16,29.39999961853027,96.26445113312893,38.6630584428212,61.31196570031785,136.24000549316406,30.131081452708415
2011-03-17,26.370000839233395,97.53855280839457,39.080756175912256,60.84202152649566,136.97000122070312,31.203337581354976
2011-03-18,24.440000534057614,97.89330451167723,39.26594820718591,61.00515330061702,138.3699951171875,31.15656303454312
2011-03-21,20.61000061035156,99.41045588825207,39.50710182411438,60.646190155335475,139.13999938964844,30.767957862303213
2011-03-22,20.209999084472653,99.06560714231942,39.52865104002195,60.84854847592793,139.0500030517578,30.9694579843294
2011-03-23,19.17000007629394,99.3491231654965,39.48128014904298,60.77017930635658,140.33999633789062,31.797035638478675
2011-03-24,17.999999999999996,100.29925775451127,39.515745924529774,60.313277587302906,139.22000122070312,31.764652731996136
2011-03-25,17.909999847412106,100.6057382627604,39.52865104002195,60.163157750360675,139.25999450683594,31.72507400534894
2011-03-28,19.440000534057614,100.36053707148763,39.54154852612277,60.2479623165961,138.5399932861328,31.235720487837515
2011-03-29,18.159999847412106,101.03484606953553,39.563078668551924,59.78452601871281,138.2100067138672,31.21413302734354
2011-03-30,17.709999084472653,101.73210429386144,39.623381377892855,60.26105436244739,138.6699981689453,30.699592423514233
2011-03-31,17.73999977111816,101.59416479548838,39.60183979137665,60.13704232323424,139.86000061035156,30.94427089801152
2011-04-01,17.39999961853027,102.02327260226352,39.55417898352584,60.429370312067554,139.1999969482422,30.59524788390196
2011-04-04,17.499999999999996,102.10756981009116,39.79682033177029,60.49494116758556,139.83999633789062,30.559265351595517
2011-04-05,17.249999999999996,102.09222709265597,39.753512091692635,60.25238355235999,142.0500030517578,30.642022430713816
2011-04-06,16.89999961853027,102.41405794773732,39.84018197758749,59.34780405564786,142.3800048828125,31.40123807755726
2011-04-07,17.11000061035156,102.15350640963233,39.87919487032722,59.22983449913531,142.50999450683594,31.72867019968969
2011-04-08,17.870000839233395,101.80108167244501,39.87919487032722,58.91516763486344,143.66000366210938,32.34755534313127
2011-04-11,16.590000152587887,101.49455538781368,39.84018197758749,58.96761211224208,142.63999938964844,32.04890650165747
2011-04-12,17.090000152587887,100.73599495832032,39.714495384257226,59.60344608732738,141.61000061035156,31.501986422828775
2011-04-13,16.92000007629394,100.72838082008047,39.905169133225904,59.977099637204866,141.89999389648438,30.861510387410075
2011-04-14,16.27000045776367,100.80497996630092,39.744848917798834,59.931185923957166,143.80999755859375,30.796744574444997
2011-04-15,15.319999694824217,101.1727626797175,39.79682033177029,60.744010473448704,145.0500030517578,30.60603989840737
2011-04-18,16.959999084472653,100.03872147520035,39.658171402512615,60.881618098738194,145.92999267578125,30.181455625344174
2011-04-19,15.829999923706053,100.61340580677948,39.79682033177029,61.143863373823464,145.92999267578125,30.404543207864336
2011-04-20,15.069999694824217,101.98496539975626,39.94854222313015,60.750556496374344,146.5,31.20693720717888
2011-04-21,14.689999580383299,102.50596166440778,40.0438333212663,60.698146351283775,146.74000549316406,31.64950931491215
2011-04-22,14.689999580383299,102.50596166440778,40.0438333212663,60.698146351283775,146.74000549316406,31.64950931491215
2011-04-25,15.77000045776367,102.39873811849324,40.000506007710236,60.927531811985894,146.8699951171875,30.951466718176178
2011-04-26,15.61999988555908,103.27986481133632,40.09150938789983,61.51749785020758,146.3800048828125,31.077402149765575
2011-04-27,15.350000381469725,103.95413566239907,40.11749509488556,60.88822515684263,149.1999969482422,30.429730294182214
2011-04-28,14.61999988555908,104.2913092349156,40.13917019575064,61.353606951049976,149.82000732421875,30.548469905606954
2011-04-29,14.749999999999998,104.53652568498245,40.23451088493066,61.543697200704855,152.3699951171875,29.97636274046038
2011-05-02,15.989999771118162,104.37556829575809,40.21399926624859,61.64244449059601,150.41000366210938,30.098698546225876
2011-05-03,16.70000076293945,104.00014092651352,40.22274254875171,61.99136353426728,149.8800048828125,30.512487373300512
2011-05-04,17.07999992370605,103.31051209922154,40.20965051317112,62.26781474721683,147.72999572753906,29.6525268126687
2011-05-05,18.20000076293945,102.37572785703897,40.04394776213676,62.860260339577025,143.47000122070312,28.681020745035234
2011-05-06,18.39999961853027,102.82779251948912,40.24888084356472,62.5837900531341,145.3000030517578,28.522700691221722
2011-05-09,17.159999847412106,103.22624540898202,40.30122609771301,62.517978871599595,147.3800048828125,28.814153712530864
2011-05-10,15.909999847412108,104.10738736061917,40.388414782220615,62.07033924092789,147.89999389648438,28.997659136920678
2011-05-11,16.95000076293945,103.01169150559446,40.32739491009148,62.42579286342878,146.5399932861328,28.0801251520053
2011-05-12,16.030000686645504,103.50207862934593,40.36662905518076,62.0308418508509,146.58999633789062,28.50111151498617
2011-05-13,17.069999694824215,102.70520336794829,40.200911045363675,62.59035514955312,145.6300048828125,28.605457770340017
2011-05-16,18.23999977111816,102.05391226075169,40.27939077962929,62.93926274912836,145.3699951171875,28.66302947888201
2011-05-17,17.549999237060543,102.0385924315076,40.34919971060974,63.584389330185026,144.74000549316406,28.72059947168243
2011-05-18,16.229999542236325,102.95039692982404,40.39716187941942,62.74178342814075,145.60000610351562,29.50140429476142
2011-05-19,15.52000045776367,103.19561337989087,40.379698202587264,62.71547345138191,145.64999389648438,29.12359456851008
2011-05-20,17.430000305175778,102.37572785703897,40.34919971060974,62.74837904214916,147.49000549316406,29.641731366680137
2011-05-23,18.27000045776367,101.18808250896159,40.15731288841419,63.05115549065225,147.8300018310547,28.71340365151777
2011-05-24,17.819999694824215,101.103800559928,40.09193663381622,63.28812075762084,148.58999633789062,28.875319899672036
2011-05-25,17.069999694824215,101.4409436148564,40.09193663381622,62.991920849632784,148.5800018310547,29.519395560914642
2011-05-26,16.090000152587887,101.90832047715362,40.05708175936986,63.53172360028326,148.22000122070312,29.555374661737936
2011-05-27,15.979999542236326,102.29911345202446,40.1791291330195,63.505428882319116,149.6999969482422,30.0771110857319
2011-05-30,15.979999542236326,102.29911345202446,40.1791291330195,63.505428882319116,149.6999969482422,30.0771110857319
2011-05-31,15.449999809265135,103.36418490735508,40.28811880334969,63.650234844007606,149.63999938964844,30.033932733260798
2011-06-01,18.299999237060543,101.04252124295165,40.05386978560562,64.510483727422,149.91000366210938,29.526591381079303
2011-06-02,18.090000152587887,100.9352290324638,40.027556014791244,63.281563290599166,149.5,29.36467341718346
2011-06-03,17.95000076293945,99.9314979292858,39.86959328129564,63.64493622754856,150.22000122070312,29.72089225145768
2011-06-06,18.48999977111816,98.8740558709891,39.7730929246283,63.162605727129886,150.47999572753906,29.77126642409344
2011-06-07,18.069999694824215,98.81280707160087,39.742384624388265,63.453312469026486,150.4199981689453,29.825236791069955
2011-06-08,18.79000091552734,98.39901909406983,39.55375173760946,63.948887603243435,149.80999755859375,29.540983021408618
2011-06-09,17.77000045776367,99.14991960894115,39.58005787903247,63.6912352253624,150.55999755859375,29.530187575420058
2011-06-10,18.86000061035156,97.77070010134233,39.32123077700933,64.18013082220008,149.24000549316406,29.15957710081652
2011-06-13,19.61000061035156,97.84731450635682,39.17207999053914,63.85633156930118,147.77000427246094,29.00485495708534
2011-06-14,18.260000228881832,99.08860214497963,39.417734948372356,62.89175830653335,148.6699981689453,29.893602229858935
2011-06-15,21.319999694824215,97.32628009472013,39.251025117677955,64.03477554390246,149.1199951171875,29.659722632833358
2011-06-16,22.729999542236325,97.54081873931364,38.553511826921444,64.32546321230568,148.97000122070312,29.630935920691574
2011-06-17,21.850000381469723,97.83191838314241,38.97904113024762,64.02153853950153,149.94000244140625,29.526591381079303
2011-06-20,19.98999977111816,98.33242208736085,39.251025117677955,64.10079271916538,150.02999877929688,29.325091259053114
2011-06-21,18.86000061035156,99.67994145028378,39.51426582260516,63.81668540597588,150.75999450683594,29.42943923014854
2011-06-22,18.52000045776367,99.07938583336266,39.22910587628923,63.85633156930118,150.99000549316406,29.43303885597244
2011-06-23,19.29000091552734,98.79444311294026,39.43966944854381,64.3452386102349,148.33999633789062,29.080416216038977
2011-06-24,21.100000381469723,97.647103869393,39.251025117677955,64.07440263373438,146.25999450683594,29.494205043113613
2011-06-27,20.55999946594238,98.51722897171321,39.24224750291369,63.19569442343352,145.72999572753906,29.155977474992618
2011-06-28,19.17000007629394,99.80317147117546,39.40017971884383,62.686905173007695,146.24000549316406,29.44743049630176
2011-06-29,17.27000045776367,100.6578928208842,39.79064815415683,62.27068340062014,147.17999267578125,30.292999416604253
2011-06-30,16.52000045776367,101.62043280947613,40.0582376121615,62.1715889731496,146.0,30.742770775985335
2011-07-01,15.86999988555908,103.12198969851366,40.27105566956414,62.07212833460629,144.92999267578125,30.886697473727953
2011-07-04,15.86999988555908,103.12198969851366,40.27105566956414,62.07212833460629,144.92999267578125,30.886697473727953
2011-07-05,16.05999946594238,103.03728050324618,40.3240646807611,62.21138009502454,147.6300048828125,31.2249284733321
2011-07-06,16.340000152587887,103.16046474775567,40.34170001889895,62.52956411147441,148.91000366210938,31.134972142565996
2011-07-07,15.949999809265135,104.23083100462782,40.500685090837315,62.34395231806353,149.14999389648438,31.89418778940944
2011-07-08,15.949999809265135,103.49161872601245,40.39025346553934,63.22569702850939,150.25,31.681895652877838
2011-07-11,18.389999389648434,101.62043280947613,39.992907133911714,64.17369924023468,151.58999633789062,31.365255545250815
2011-07-12,19.870000839233395,101.18154411570352,39.88252891435328,64.39246457982667,152.77000427246094,31.53076970348741
2011-07-13,19.909999847412106,101.52033512039125,40.19156885563848,64.57149601802384,154.13999938964844,31.62432222859427
2011-07-14,20.799999237060543,100.81959789101788,40.16951609990088,63.649975444497734,154.5399932861328,31.46240769618158
2011-07-15,19.530000686645504,101.40481079050382,40.156282920580054,63.75602788235078,155.1999969482422,31.69988691903106
2011-07-18,20.95000076293945,100.57317599621969,40.08565001533229,63.13949246786038,156.57000732421875,31.635117674582833
2011-07-19,19.209999084472653,102.20564570896205,40.26666495483417,64.45213409649504,154.66000366210938,32.09928067429323
2011-07-20,19.090000152587887,102.14405358670732,40.301969963371,63.689762751673996,156.02000427246094,31.869000703091558
2011-07-21,17.55999946594238,103.56091653927143,40.49624097036779,63.1991848727208,154.8300018310547,31.501986422828775
2011-07-22,17.52000045776367,103.63024487011856,40.549192761129525,63.676476156190304,156.1199951171875,31.696287293207156
2011-07-25,19.350000381469723,103.05266136766654,40.33286136900377,62.980362312648694,157.33999633789062,31.67469983271318
2011-07-26,20.229999542236325,102.66768962273257,40.416735082963726,63.411312636618945,157.77000427246094,32.196432825223994
2011-07-27,22.979999542236325,100.5655084522006,40.098864121174714,63.417950212312775,157.19000244140625,31.95535397655061
2011-07-28,23.73999977111816,100.27290581715616,40.16068126470139,63.65659776139687,157.32000732421875,32.12806738643501
2011-07-29,25.249999999999996,99.58755708160018,40.20043039370774,64.91623033724905,158.2899932861328,32.196432825223994
2011-08-01,23.659999847412106,99.16406451104201,40.28969427266635,65.57138957581995,157.72000122070312,31.69268766738325
2011-08-02,24.79000091552734,96.63068507894762,39.79220836469076,67.54023948516104,161.52000427246094,31.584743501947074
2011-08-03,23.379999160766598,97.15425245039958,39.77000683582157,67.67328091613702,161.49000549316406,31.08819759575414
2011-08-04,31.659999847412106,92.60340104304072,38.62392347981965,70.08118738413192,160.63999938964844,30.447721560335435
2011-08-05,31.999999999999996,92.46481304591977,38.58394928376806,68.05909954008786,161.75,29.59855301420904
2011-08-08,47.99999999999999,86.44318173715816,36.940383834486234,70.20752257483791,167.1199951171875,28.47952233875062
2011-08-09,35.06000137329101,90.46275245266379,38.06865256165325,70.42038276088158,168.61000061035156,28.5478877775396
2011-08-10,42.99000167846679,86.4662988101709,37.424602230879856,72.51563652550482,174.5800018310547,27.96138554058056
2011-08-11,38.99999999999999,90.34725101096745,38.10422078419214,68.85724894377815,170.75,28.81774990687162
2011-08-12,36.360000610351555,90.95556572467206,37.92654370341201,70.22087402019908,169.97000122070312,28.85373243917806
2011-08-15,31.870000839233395,92.88063044306183,38.543956014238056,69.50911991209153,171.8000030517578,29.012050777249996
2011-08-16,32.84999847412109,92.08749358621081,38.299632385197846,70.65986954367409,173.9199981689453,28.742188647917978
2011-08-17,31.57999992370605,92.14908570846555,38.7216521684966,71.8970144708394,174.4199981689453,28.994059511096776
2011-08-18,42.669998168945305,88.1757949153676,38.25078902168563,73.37366906898924,177.72000122070312,28.52989651138638
2011-08-19,43.04999923706054,86.7357843722026,37.9176287596032,73.96568741509789,179.9499969482422,28.659431568799683
2011-08-22,42.43999862670898,86.8051279618438,37.96205470551567,73.77944619640569,184.58999633789062,28.468728608503632
2011-08-23,36.270000457763665,89.66193279299962,38.246356345303155,72.76178377218321,177.6699981689453,28.745786558000308
2011-08-24,35.9000015258789,90.92478110764024,38.07309668212277,70.69310319852737,171.64999389648438,28.76377782415353
2011-08-25,39.759998321533196,89.53870277210794,37.76662021633587,71.45804946495377,172.36000061035156,29.353877971194898
2011-08-26,35.59000015258788,90.84007954176978,38.14861621253916,72.16310496218868,177.47000122070312,29.49780466893752
2011-08-29,32.27999877929687,93.45042433114223,38.535083032081744,71.1653705238424,173.88999938964844,29.425843035807784
2011-08-30,32.88999938964843,93.69686911413154,38.60614699794157,72.30944443274437,179.10000610351562,29.67051807882192
2011-08-31,31.620000839233395,94.11267125247953,39.10367105287398,71.19194371480978,177.72000122070312,30.131081452708415
2011-09-01,31.819999694824215,93.127044708463,39.07818125632691,72.70107665747534,177.8699951171875,29.810845150740636
2011-09-02,33.919998168945305,90.74764176730696,38.894896572894254,75.0628939360835,183.24000549316406,29.555374661737936
2011-09-05,33.919998168945305,90.74764176730696,38.894896572894254,75.0628939360835,183.24000549316406,29.555374661737936
2011-09-06,36.99999999999999,90.08545588114593,38.434405583642615,75.8434575788838,182.89999389648438,29.069624201533564
2011-09-07,33.38000106811523,92.62651048665643,38.62218397858866,74.39570313789285,177.0800018310547,29.61654428036226
2011-09-08,34.31999969482421,91.6639704980645,38.74287332057552,75.0628939360835,181.80999755859375,29.706497179645215
2011-09-09,38.520000457763665,89.26149626027791,38.394160544197604,75.86342371174675,180.6999969482422,28.69541238536455
2011-09-12,38.59000015258788,89.83901872755366,38.06335776404664,75.94349423692698,176.6699981689453,28.42914816611486
2011-09-13,36.9099998474121,90.66295546023058,38.35394220762237,74.86272906722895,178.5399932861328,28.468728608503632
2011-09-14,34.59999847412109,91.91810571326398,38.60875243509237,75.49652599322201,177.2100067138672,27.95778763049823
2011-09-15,31.96999931335449,93.5043489093779,38.86809070633689,74.34228972705085,174.39999389648438,28.38956772372609
2011-09-16,30.979999542236325,94.05777011142354,38.84570607207497,74.88271808828395,176.02999877929688,28.2096602094186
2011-09-19,32.72999954223632,93.1212387373202,38.78760825683823,76.31046062002787,173.30999755859375,27.141003706595946
2011-09-20,32.860000610351555,93.01284026426244,38.850180710109946,76.63074272074877,175.77999877929688,26.745204429932954
2011-09-21,37.31999969482421,90.27284150169575,38.51490329192401,79.16596857170772,173.58999633789062,27.011468649182643
2011-09-22,41.34999847412109,87.35482601813689,37.991805517139525,82.14148694369105,169.0500030517578,25.046867337680155
2011-09-23,41.24999999999999,87.88116286071214,38.09463063924761,80.61370012450662,159.8000030517578,23.546430741629635
2011-09-26,39.020000457763665,89.97099203744621,38.23770843019208,79.3193576054141,157.5800018310547,23.568019917865186
2011-09-27,37.70999908447265,90.97722558285132,38.28242429297639,78.1051619054753,160.6300048828125,24.679854773158947
2011-09-28,41.08000183105468,89.11957421665315,37.853244325882535,78.07845901475298,156.22000122070312,23.287362342544608
2011-09-29,38.84000015258788,89.82393540961762,37.78169970836678,78.61883397020463,157.6999969482422,23.294558162709265
2011-09-30,42.95999908447265,87.5793362846537,37.03060138736534,80.59369584465693,158.05999755859375,22.632494666796585
2011-10-03,45.450000762939446,85.08698012041064,36.58423240152844,82.81163794805322,160.9600067138672,22.59651385023172
2011-10-04,40.81999969482421,86.95236006580416,36.471740840562184,81.76149717931503,157.63999938964844,22.26908001235771
2011-10-05,37.81000137329101,88.5623230572965,36.91723244639223,81.17291206201355,159.4600067138672,22.29066918859326
2011-10-06,36.270000457763665,90.16448880502018,37.48868530364163,79.6746738987627,160.49000549316406,23.308951518780155
2011-10-07,36.200000762939446,89.56076698833,37.52021376345329,79.08609641085857,159.17999267578125,23.506850299240863
2011-10-10,33.020000457763665,92.55616744600378,38.325686756705856,77.96912212134109,163.27000427246094,24.194100881471428
2011-10-11,32.860000610351555,92.64907824308273,37.902709484790925,77.70824250838132,162.10000610351562,23.657972817148142
2011-10-12,31.260000228881832,93.46179213272276,38.78467857055446,76.57780996193978,163.25999450683594,24.39919719783837
2011-10-13,30.70000076293945,93.27602394434413,38.62268751841869,77.34035296820117,162.3000030517578,23.765918698325894
2011-10-14,28.23999977111816,94.87048400106357,38.89269930818143,76.21667243841371,163.39999389648438,24.503543453192215
2011-10-17,33.38999938964843,93.0592956628019,38.66767803929209,77.53429224881874,162.6199951171875,24.2768596763313
2011-10-18,31.55999946594238,94.87821258025892,38.8746786857797,77.0527552057244,161.83999633789062,24.147324618917995
2011-10-19,34.43999862670898,93.75591301777695,38.748679287403505,77.02599127982327,159.8699951171875,23.416895684216335
2011-10-20,34.77999877929687,94.16613043749614,39.09068964346816,76.47755205137346,157.77000427246094,21.98122661687247
2011-10-21,31.319999694824215,95.95411777937768,39.56315496246557,75.66822558056656,159.52000427246094,23.165024821037537
2011-10-24,29.260000228881832,97.1305860608004,40.634146033967475,75.79527030522603,161.02000427246094,24.805790204748348
2011-10-25,32.22000122070312,95.24199748962972,39.9141718150354,77.72160921253717,165.58999633789062,24.604291798463734
2011-10-26,29.86000061035156,96.20953473327886,40.08516554898068,76.36382825448577,167.39999389648438,25.100839420398245
2011-10-27,25.459999084472653,99.56099915052515,40.674642843327504,73.7753415806318,169.5500030517578,26.54730393373067
2011-10-28,24.530000686645504,99.53777526595394,40.55313334176902,74.55119788526763,169.6199951171875,26.640856458837533
2011-10-31,29.959999084472653,97.13836804577498,40.175173293597275,77.50755884050703,167.33999633789062,26.115523840502814
2011-11-01,34.770000457763665,94.42929885878375,39.458132575644655,80.10208036766423,167.3800048828125,25.176402395093458
2011-11-02,32.74000167846679,95.96955204957727,39.83386484153811,79.10288871442424,169.05999755859375,25.752109186063937
2011-11-03,30.499999999999996,97.71883546030581,40.227659691485805,78.01652356707189,171.72000122070312,25.795287538535035
2011-11-04,30.159999847412106,97.122849852208,40.18688822403667,78.11042618964628,170.85000610351562,25.640565394803854
2011-11-07,29.850000381469723,97.72657929829523,40.0511003165405,78.60663456384322,174.97999572753906,25.424675348189925
2011-11-08,27.479999542236325,98.98048595961211,40.14163830385689,77.60080533490938,173.52999877929688,25.417479528025268
2011-11-09,36.1599998474121,95.32715681932221,39.290667435205215,79.21023433512799,172.07000732421875,24.748218496206356
2011-11-10,32.81000137329101,96.2249766328755,39.33139694100184,78.02994367700919,171.13999938964844,24.269662140425066
2011-11-11,30.04000091552734,98.03615734174012,39.85195031376644,77.55378535904605,173.9600067138672,24.913734370184525
2011-11-14,31.129999160766598,97.1073698056262,39.58489872785292,78.80114604926197,173.1999969482422,25.0828498699866
2011-11-15,31.21999931335449,97.587251249662,39.480799497387046,78.69380805795558,173.36000061035156,25.18000030517579
2011-11-16,33.509998321533196,96.03923133268796,39.09599588516181,79.41136813744589,171.50999450683594,25.190000534057624
2011-11-17,34.509998321533196,94.5144734472703,38.90588289645839,80.04840755731236,167.10000610351562,25.190000534057624
2011-11-18,31.999999999999996,94.41380355340789,38.878733707289655,80.02832698348917,167.6199951171875,24.43000030517579
2011-11-21,32.9099998474121,92.61809526172803,38.439650790205356,80.50445478386293,163.5,23.69000053405762
2011-11-22,31.96999931335449,92.25430272296018,38.1454309416447,81.4029994272718,165.30999755859375,23.69000053405762
2011-11-23,33.97999954223632,90.21868041215204,37.45740098435362,82.20103439000184,164.8300018310547,23.500000000000004
2011-11-24,33.97999954223632,90.21868041215204,37.45740098435362,82.20103439000184,164.8300018310547,23.500000000000004
2011-11-25,34.47000122070312,90.04836175276706,37.45740098435362,81.00734651013778,163.39999389648438,23.500000000000004
2011-11-28,32.13000106811523,92.65678393408697,38.2948334980299,80.96712432731262,166.6300048828125,24.12999916076661
2011-11-29,30.639999389648434,92.9199294671835,38.54377290884532,80.30324468757152,166.8800048828125,24.250000000000007
2011-11-30,27.799999237060543,96.74356963746133,39.20012181849746,79.04922353346971,170.1300048828125,25.20000076293946
2011-12-01,27.409999847412106,96.72812010846766,39.372809277325544,78.6526093122697,169.6300048828125,25.20000076293946
2011-12-02,27.52000045776367,96.64296840817222,39.59600712167888,79.7550801174263,169.82000732421875,25.20000076293946
2011-12-05,27.840000152587887,97.6956344639257,39.81921259542358,79.59377939866876,167.32000732421875,25.329999923706062
2011-12-06,28.129999160766598,97.72657929829523,39.996882046812345,78.83415082219477,168.17999267578125,25.39999961853028
2011-12-07,28.67000007629394,98.0903794664601,39.86933006729359,79.11649192989793,169.39999389648438,25.29000091552735
2011-12-08,30.590000152587887,95.93861484460479,39.60966754691609,80.10469725095503,165.97999572753906,25.250000000000007
2011-12-09,26.379999160766598,97.56405025328189,39.95129261871686,78.45766295120204,166.39999389648438,25.479999542236335
2011-12-12,25.67000007629394,96.13984782077114,39.73720045295644,79.33162567635168,161.99000549316406,24.89999961853028
2011-12-13,25.409999847412106,95.24199748962972,39.58688236960756,80.07104397924755,158.4499969482422,24.20000076293946
2011-12-14,26.04000091552734,94.22805062382334,39.51854972585604,81.58361015072025,152.88999938964844,23.399999618530277
2011-12-15,25.11000061035156,94.56863453681403,39.659792648177465,81.28113506341245,152.3300018310547,23.399999618530277
2011-12-16,24.29000091552734,94.70882470731209,39.84652963120232,82.22895798430004,155.22999572753906,23.870000839233402
2011-12-19,24.92000007629394,93.69622061538365,39.79645030628914,83.27098107425864,154.8699951171875,23.399999618530277
2011-12-20,23.21999931335449,96.53149528810978,40.29295583747445,81.19367165220082,156.97999572753906,24.079999923706062
2011-12-21,21.430000305175778,96.7184307742346,40.40687790932146,80.06434536837492,157.16000366210938,24.12999916076661
2011-12-22,21.159999847412106,97.57524257873062,40.56177362748873,80.40047372739019,156.0399932861328,24.37999916076661
2011-12-23,20.729999542236325,98.44762598257286,40.748522054600635,79.50636939323857,156.30999755859375,24.73999977111817
2011-12-26,20.729999542236325,98.44762598257286,40.748522054600635,79.50636939323857,156.30999755859375,24.73999977111817
2011-12-27,21.909999847412106,98.525506867495,40.91122645482895,79.88403982082043,154.91000366210938,24.36000061035157
2011-12-28,23.52000045776367,97.23251480517341,40.71872928132428,81.36098433606955,151.02999877929688,24.36000061035157
2011-12-29,22.64999961853027,98.23730639453912,40.96161858478806,81.50936848511483,150.33999633789062,23.989999771118168
2011-12-30,23.39999961853027,97.7544037092779,40.984541091141146,81.77240721752443,151.99000549316406,24.500000000000007
2012-01-02,23.39999961853027,97.7544037092779,40.984541091141146,81.77240721752443,151.99000549316406,24.500000000000007
2012-01-03,22.96999931335449,99.31223503083754,41.11744508870174,80.54501266017145,155.9199981689453,25.159999847412116
2012-01-04,22.21999931335449,99.46801968887291,41.04872334599066,79.58734781670336,156.7100067138672,24.39999961853028
2012-01-05,21.479999542236325,99.7328436893169,40.86996670633253,79.44568516672274,157.77999877929688,24.350000381469734
2012-01-06,20.629999160766598,99.47581693264156,40.741682305242826,80.07292081099546,157.1999969482422,24.420000076293952
2012-01-09,21.069999694824215,99.71725683117663,40.79665207002033,79.9312200140281,156.5,24.420000076293952
2012-01-10,20.690000534057614,100.58190402642647,40.93869607843497,79.79635515708566,158.63999938964844,24.420000076293952
2012-01-11,21.049999237060543,100.63639318004265,40.89747829159105,80.83495264763445,159.6699981689453,25.2199993133545
2012-01-12,20.46999931335449,100.87784070797474,40.84247419455241,80.72034384065424,160.3800048828125,25.7199993133545
2012-01-13,20.909999847412106,100.35598232145838,40.79665207002033,81.52288014782033,159.25999450683594,25.530000686645515
2012-01-16,20.909999847412106,100.35598232145838,40.79665207002033,81.52288014782033,159.25999450683594,25.530000686645515
2012-01-17,22.20000076293945,100.74545541064236,40.87914104944772,81.9005658341969,160.5,25.530000686645515
2012-01-18,20.889999389648434,101.85930923060779,40.99370017547361,80.90913327806108,161.60000610351562,25.530000686645515
2012-01-19,19.870000839233395,102.39676973405848,41.053278092634955,79.79635515708566,161.22000122070312,27.030000686645515
2012-01-20,18.280000686645504,102.77843032067975,41.053278092634955,78.8926835586581,162.07000732421875,26.64999961853028
2012-01-23,18.67000007629394,102.51358343204465,41.19534117452801,78.39357601346846,163.16000366210938,27.120000839233406
2012-01-24,18.909999847412106,102.39676973405848,41.30076410439553,78.53523103405172,162.00999450683594,27.05999946594239
2012-01-25,18.30999946594238,103.25355865036342,41.66281305687769,78.34637293206873,166.4199981689453,27.260000228881843
2012-01-26,18.569999694824215,102.7239030200784,41.76362020497,79.38497805201487,167.27000427246094,27.600000381469734
2012-01-27,18.530000686645504,102.67714244565758,41.61239803874449,79.63450512171897,168.97000122070312,27.70000076293946
2012-01-30,19.39999961853027,102.32667083411094,41.47949785587958,80.57192917401956,168.02999877929688,27.190000534057624
2012-01-31,19.440000534057614,102.28775327984097,41.584886453485964,81.5026698742422,169.30999755859375,27.20000076293946
2012-02-01,18.549999237060543,103.18345975041586,41.66187082704424,80.5690528912189,169.55999755859375,27.299999237060554
2012-02-02,17.979999542236325,103.34700350523472,41.68950448256459,80.53526229035913,171.0500030517578,26.819999694824226
2012-02-03,17.100000381469723,104.79581837257685,41.809335518023,78.80468608963201,167.63999938964844,27.760000228881843
2012-02-06,17.760000228881832,104.72574999021744,41.81855945218205,79.58877451400765,167.17999267578125,27.43000030517579
2012-02-07,17.64999961853027,104.99052821427922,41.901483306917186,78.6017975259238,169.6999969482422,27.549999237060554
2012-02-08,18.159999847412106,105.30212041854107,41.938398117031824,78.6626495991813,168.5,27.7199993133545
2012-02-09,18.629999160766598,105.43453623346157,41.956826911871524,78.07448409873403,168.02000427246094,28.2199993133545
2012-02-10,20.79000091552734,104.65559768449064,41.5927599853736,79.08856070620237,167.13999938964844,27.350000381469734
2012-02-13,19.04000091552734,105.43453623346157,41.71255287387518,79.18990962058962,167.50999450683594,27.18000030517579
2012-02-14,19.54000091552734,105.30212041854107,41.71255287387518,79.60904582276459,167.1199951171875,27.18000030517579
2012-02-15,21.139999389648434,104.81142048951119,41.57892026943933,79.46713140267144,168.11000061035156,27.18000030517579
2012-02-16,19.21999931335449,105.97201199570634,41.754018615938435,78.83164837986422,168.0,27.18000030517579
2012-02-17,17.780000686645504,106.25241522489357,41.74020941756962,78.8113770711073,167.35000610351562,26.459999084472663
2012-02-20,17.780000686645504,106.25241522489357,41.74020941756962,78.8113770711073,167.35000610351562,26.459999084472663
2012-02-21,18.190000534057614,106.29913002293219,41.896898042707434,77.93929880710292,171.02000427246094,27.30999946594239
2012-02-22,18.190000534057614,105.95640987877199,42.03053827653465,78.91951614913536,172.94000244140625,27.260000228881843
2012-02-23,16.799999237060543,106.42375622348108,42.182622563984296,78.91951614913536,173.02000427246094,26.95000076293946
2012-02-24,17.30999946594238,106.65742939583562,42.31168516299312,79.43330265482494,172.22999572753906,27.48999977111817
2012-02-27,18.190000534057614,106.83661341457399,42.320874764891045,80.13637450874904,171.6999969482422,27.479999542236335
2012-02-28,17.959999084472653,107.14817510124769,42.40384439597436,79.87269490696211,173.49000549316406,27.62999916076661
2012-02-29,18.430000305175778,106.72756644276834,42.45915366866756,79.38600039125967,164.2899932861328,27.229999542236335
2012-03-01,17.260000228881832,107.28057565737413,42.53192280349724,78.6386169975312,166.61000061035156,27.7199993133545
2012-03-02,17.29000091552734,106.95345763014829,42.35576015690285,79.37716554912926,166.33999633789062,27.690000534057624
2012-03-05,18.049999237060543,106.51723922533755,42.11937109488119,78.74702310446649,165.64999389648438,27.319999694824226
2012-03-06,20.870000839233395,104.95939264498384,41.558454427105445,79.70240675812718,162.6999969482422,26.639999389648445
2012-03-07,19.069999694824215,105.69158587832801,41.67430673496753,79.21456783282235,163.6300048828125,26.709999084472663
2012-03-08,17.95000076293945,106.74316093030563,41.99881526724321,78.42178952486593,165.27999877929688,26.709999084472663
2012-03-09,17.11000061035156,107.15594945682524,42.04520578143191,78.57762759512141,166.3800048828125,27.18000030517579
2012-03-12,15.640000343322752,107.16376195938797,42.04520578143191,78.56410830301857,165.07000732421875,27.229999542236335
2012-03-13,14.800000190734862,109.09546425319725,42.351144375127646,77.1818827558602,162.3000030517578,27.600000381469734
2012-03-14,15.310000419616697,108.97859714943185,42.24451218672893,75.23724855370558,159.57000732421875,27.600000381469734
2012-03-15,15.420000076293944,109.60957117232715,42.10081641508398,75.3523990478976,161.0800018310547,27.549999237060554
2012-03-16,14.470000267028807,109.76131224993455,41.947828044757706,75.50146984270431,161.3000030517578,27.37999916076661
2012-03-19,15.039999961853026,110.19158735445588,42.10544745564192,74.60033883359405,161.58999633789062,27.600000381469734
2012-03-20,15.579999923706053,109.8708551325474,42.07301109825794,74.89843464682338,160.1300048828125,27.14999961853028
2012-03-21,15.130000114440916,109.69089291531158,41.93858503712024,75.74538930535672,160.2100067138672,27.159999847412116
2012-03-22,15.569999694824217,108.90075441149487,42.04055948209124,75.98933928559853,159.57000732421875,26.64999961853028
2012-03-23,14.819999694824217,109.25281293762457,41.952459085315645,76.70754786386352,161.52999877929688,26.940000534057624
2012-03-26,14.260000228881834,110.78615389470536,42.20741045652588,76.31451183002031,164.39999389648438,27.420000076293952
2012-03-27,15.590000152587889,110.4419536475206,42.2816101022363,76.86340882231106,163.24000549316406,27.37999916076661
2012-03-28,15.470000267028807,109.8943231578237,42.142526297670884,76.75498745658108,161.50999450683594,26.799999237060554
2012-03-29,15.479999542236326,109.70656369681923,42.13791051589567,77.33095355066692,161.27999877929688,26.80999946594239
2012-03-30,15.499999999999998,110.16031445601388,42.0544640478521,76.02325195681588,162.1199951171875,27.12999916076661
2012-04-02,15.640000343322752,110.96614662952933,42.1267410869388,76.4443946904937,162.94000244140625,27.620000839233406
2012-04-03,15.659999847412108,110.51237298214357,42.089456251343016,75.11972531693796,159.88999938964844,27.459999084472663
2012-04-04,16.440000534057614,109.41709674395571,41.93553709527033,76.15228032478616,157.2100067138672,26.870000839233406
2012-04-05,16.70000076293945,109.36233293204633,41.83291796672907,76.70254297920243,158.30999755859375,26.870000839233406
2012-04-06,16.70000076293945,109.36233293204633,41.83291796672907,76.70254297920243,158.30999755859375,26.870000839233406
2012-04-09,18.80999946594238,108.13407630355745,41.61839474035658,78.49597015529255,159.3699951171875,26.440000534057624
2012-04-10,20.389999389648434,106.3190885255729,41.41320988901361,79.3858783209021,161.10000610351562,26.010000228881843
2012-04-11,20.02000045776367,107.17963110521849,41.66505991263438,78.43482816493578,161.07000732421875,25.7199993133545
2012-04-12,17.20000076293945,108.58001456018938,42.03814477972454,78.1087400928321,162.6999969482422,26.030000686645515
2012-04-13,19.549999237060543,107.28914347024322,41.902890929623844,79.3722598466337,160.85000610351562,25.600000381469734
2012-04-16,19.549999237060543,107.21877754139948,41.968171816829766,79.25678891775303,160.4600067138672,25.579999923706062
2012-04-17,18.459999084472653,108.8068899397867,42.15007176572986,79.20925777226728,160.25,25.840000152587898
2012-04-18,18.639999389648434,108.4391682615464,42.13606801788127,79.44023014761804,159.30999755859375,25.840000152587898
2012-04-19,18.36000061035156,107.74284845305567,42.056802456305164,79.51495246525646,159.42999267578125,25.840000152587898
2012-04-20,17.440000534057614,107.92284881727666,42.12208715820677,79.5285175337434,159.5399932861328,26.11000061035157
2012-04-23,18.96999931335449,107.01534729888735,42.03346414812274,80.10597136031234,159.07000732421875,25.659999847412116
2012-04-24,18.100000381469723,107.42214674873533,42.13141027445356,79.54209023162768,159.3000030517578,25.889999389648445
2012-04-25,16.819999694824215,108.8929266501381,42.439225698424835,79.13450493703947,159.6199951171875,26.170000076293952
2012-04-26,16.23999977111816,109.65177699671874,42.46721030594793,79.61007579140673,161.02999877929688,26.709999084472663
2012-04-27,16.319999694824215,109.83173921395456,42.44854118528026,79.67800794540432,161.3800048828125,26.909999847412116
2012-04-30,17.14999961853027,109.4249245053125,42.53248737845817,79.69837080692943,161.8800048828125,26.959999084472663
2012-05-01,16.600000381469723,110.10552775591339,42.56487414479828,79.28499479975315,161.32000732421875,27.02000045776368
2012-05-02,16.879999160766598,109.77699066083923,42.72899379712461,79.84341327993575,160.58999633789062,27.02000045776368
2012-05-03,17.55999946594238,108.93990084767586,42.70083371360015,79.82297412443715,158.97000122070312,26.340000152587898
2012-05-04,19.159999847412106,107.17963110521849,42.6164297569404,80.44946971716698,159.47000122070312,26.100000381469734
2012-05-07,18.940000534057614,107.25786294240419,42.686768930620644,80.46311870902476,159.0800018310547,26.100000381469734
2012-05-08,19.049999237060543,106.82755732029473,42.67739622332999,80.89208920438288,156.0,25.870000839233406
2012-05-09,20.07999992370605,106.19385960265832,42.527326095200436,80.94657836025112,154.47000122070312,25.709999084472663
2012-05-10,18.82999992370605,106.41295299728107,42.48043967057308,80.7082512458557,154.77000427246094,25.77000045776368
2012-05-11,19.889999389648434,106.09217499899039,42.58830019098139,81.37559463199334,153.55999755859375,25.530000686645515
2012-05-14,21.870000839233395,104.91866692361684,42.27409515174278,82.5128478596651,151.3300018310547,25.000000000000007
2012-05-15,21.96999931335449,104.31630313959869,42.0677239300427,82.84645851755512,149.74000549316406,25.000000000000007
2012-05-16,22.27000045776367,103.91728567472529,41.655046336469155,83.08484666712934,149.4600067138672,24.37999916076661
2012-05-17,24.48999977111816,102.37610169749362,41.07816135256859,84.55568766449908,152.8000030517578,24.48999977111817
2012-05-18,25.100000381469723,101.49989596573741,41.07816135256859,84.57613444939503,154.5500030517578,24.48999977111817
2012-05-21,22.010000228881832,103.24449492668712,41.504949505469824,84.39909428390602,154.64999389648438,24.48999977111817
2012-05-22,22.479999542236325,103.42441136754076,41.50026124447666,83.45930511842718,152.0800018310547,24.45000076293946
2012-05-23,22.32999992370605,103.47918280884717,41.45804400736406,84.03814749531368,151.6199951171875,24.000000000000007
2012-05-24,21.54000091552734,103.68260542196226,41.46741289995903,83.71811716470529,151.41000366210938,24.000000000000007
2012-05-25,21.760000228881832,103.34620241854616,41.33609963049783,84.03135733167287,152.67999267578125,24.000000000000007
2012-05-28,21.760000228881832,103.34620241854616,41.33609963049783,84.03135733167287,152.67999267578125,24.000000000000007
2012-05-29,21.030000686645504,104.59795758989948,41.79105549631489,83.77255291479209,151.02000427246094,24.000000000000007
2012-05-30,24.139999389648434,103.08018823216489,41.60341061571771,85.89726378258072,151.91000366210938,23.819999694824222
2012-05-31,24.05999946594238,102.85331285256756,41.162576753315385,86.89141240417287,151.6199951171875,23.70999908447266
2012-06-01,26.659999847412106,100.26381157589174,40.80490325678048,88.95424885945918,157.5,23.379999160766605
2012-06-04,26.120000839233395,100.2168678959421,40.83794996547357,88.25143640504496,157.32000732421875,23.399999618530277
2012-06-05,24.680000305175778,100.97572587191978,41.09744845393674,87.07085582982688,157.13999938964844,23.270000457763675
2012-06-06,22.159999847412106,103.24449492668712,41.5363482656283,85.33081917638673,157.2100067138672,23.610000610351566
2012-06-07,21.71999931335449,103.3070636117622,41.692067958062886,85.46049604313167,154.5,23.969999313354496
2012-06-08,21.229999542236325,104.12853604919717,41.85251405844746,85.44001111124898,154.72999572753906,23.159999847412113
2012-06-11,23.55999946594238,102.80639969020605,41.57880964326455,85.8290188232918,155.36000061035156,23.159999847412113
2012-06-12,22.090000152587887,103.98772789753936,41.87138535798627,85.04424375315473,156.4600067138672,23.159999847412113
2012-06-13,24.27000045776367,103.32272676387282,41.74868948607069,85.88355375554414,157.1199951171875,23.159999847412113
2012-06-14,21.680000305175778,104.41798774326661,42.060125056244175,85.77441522646332,157.75,23.159999847412113
2012-06-15,21.11000061035156,105.48588207549977,42.13564458666057,86.25200024173078,157.83999633789062,24.000000000000007
2012-06-18,18.319999694824215,105.69039569239072,42.14980092233644,86.71602018851128,157.92999267578125,23.78000068664551
2012-06-19,18.379999160766598,106.7126891185522,42.44706489805133,85.58329119346763,157.16000366210938,23.78000068664551
2012-06-20,17.23999977111816,106.5396620232202,42.612233591690206,86.00637179407214,155.97000122070312,24.000000000000007
2012-06-21,20.07999992370605,104.14905912721838,42.26304016365636,86.46354054203303,152.02000427246094,23.20999908447266
2012-06-22,18.11000061035156,104.95116052558426,42.550885655732415,85.31038765028546,152.63999938964844,23.26000022888184
2012-06-25,20.379999160766598,103.26833679241808,42.48482657060737,86.5522628038073,153.75999450683594,23.26000022888184
2012-06-26,19.71999931335449,103.78728837866453,42.423512966910714,86.21108378374683,152.6199951171875,23.26000022888184
2012-06-27,19.45000076293945,104.72310258944667,42.678315564989354,86.34755844352995,152.8300018310547,23.26000022888184
2012-06-28,19.709999084472653,104.42428962521662,42.67359678643073,86.55915214961365,151.0500030517578,23.520000457763675
2012-06-29,17.07999992370605,107.02721101127507,43.0794270012551,85.43320568881346,155.19000244140625,23.520000457763675
2012-07-02,16.799999237060543,107.34963695932507,43.12594721509699,86.314637593968,155.08999633789062,23.520000457763675
2012-07-03,16.659999847412106,108.0573856045726,43.28255573162548,85.65130727083606,157.4600067138672,23.520000457763675
2012-07-04,16.659999847412106,108.0573856045726,43.28255573162548,85.65130727083606,157.4600067138672,23.520000457763675
2012-07-05,17.499999999999996,107.56981372832662,43.28730502774956,86.08901342615906,155.67999267578125,24.389999389648445
2012-07-06,17.100000381469723,106.54752030216514,43.23035162121742,86.8890930673787,153.7100067138672,23.94000053405762
2012-07-09,17.979999542236325,106.41383037793996,43.2445918801983,87.65492434389762,154.0399932861328,24.02000045776368
2012-07-10,18.71999931335449,105.48588207549977,43.054738290801254,87.83280374309504,152.14999389648438,24.02000045776368
2012-07-11,17.95000076293945,105.50164440977183,43.19236488161615,87.94220167168574,152.99000549316406,24.02000045776368
2012-07-12,18.32999992370605,104.99048243789701,43.09747051183092,88.56447057828409,152.58999633789062,24.02000045776368
2012-07-13,16.73999977111816,106.75200340146795,43.23035162121742,88.33204098803962,154.13999938964844,24.02000045776368
2012-07-16,17.11000061035156,106.50034774030448,43.06424451244077,88.74230420109743,154.2100067138672,24.55999946594239
2012-07-17,16.479999542236325,107.23169411057789,43.26832691673165,88.04479417784091,153.47000122070312,24.55999946594239
2012-07-18,16.159999847412106,108.0259524887929,43.44866665509781,88.09264575801531,153.0500030517578,24.459999084472663
2012-07-19,15.449999809265135,108.30903363633902,43.557835616125054,87.86699107261697,153.3800048828125,24.459999084472663
2012-07-20,16.27000045776367,107.31818095535426,43.35374176774713,88.9406456439855,153.6699981689453,24.459999084472663
2012-07-23,18.620000839233395,106.23296789185413,43.28255573162548,89.43985237134069,153.02999877929688,23.680000305175785
2012-07-24,20.46999931335449,105.32077429428897,43.01677062467839,90.14416781703272,153.52000427246094,23.659999847412113
2012-07-25,19.340000152587887,105.34436438991781,42.92658740406042,90.37668133064803,155.6699981689453,23.659999847412113
2012-07-26,17.530000686645504,107.08227999906583,43.36797058264096,89.54925029993137,156.77000427246094,24.000000000000007
2012-07-27,16.70000076293945,109.05611945269338,43.624260912035574,87.8601780207841,157.5399932861328,24.2199993133545
2012-07-30,18.030000686645504,109.05611945269338,43.624260912035574,88.51667240389114,157.42999267578125,24.20000076293946
2012-07-31,18.930000305175778,108.29330944905215,43.51985650591514,88.69445262092302,156.49000549316406,24.20000076293946
2012-08-01,18.959999084472653,108.19892617834566,43.75609298010953,88.25107782336954,155.13999938964844,24.20000076293946
2012-08-02,17.569999694824215,107.45187087957945,43.579503087598766,88.75135266635361,154.1300048828125,23.340000152587894
2012-08-03,15.640000343322752,109.58298272366397,43.7608651644077,87.31901723740548,155.5500030517578,23.340000152587894
2012-08-06,15.949999809265135,109.79528595492654,43.73223205861867,87.35334189607968,156.3000030517578,23.97999954223633
2012-08-07,15.989999771118162,110.34577746851116,43.646328926555896,86.22946300196114,156.27999877929688,24.23999977111817
2012-08-08,15.319999694824217,110.4794368751482,43.674931514779466,85.77031061068944,156.47999572753906,24.23999977111817
2012-08-09,15.27999973297119,110.57382014585467,43.67970751377332,85.70865745071026,156.99000549316406,24.069999694824226
2012-08-10,14.739999771118162,110.75469789073456,43.64154911286636,86.1404050467035,157.17999267578125,23.88999938964844
2012-08-13,13.699999809265135,110.69965179113493,43.665421478444266,85.99642305992873,155.99000549316406,23.88999938964844
2012-08-14,14.850000381469725,110.7153302020396,43.73223205861867,84.83153615505805,155.1300048828125,23.63999938964844
2012-08-15,14.630000114440916,110.84119236490798,43.52224069071639,83.6390918669619,155.6300048828125,23.63999938964844
2012-08-16,14.289999961853026,111.6590332093548,43.684502586245586,82.92641460177512,156.55999755859375,23.63999938964844
2012-08-17,13.449999809265135,111.80842443267576,43.684502586245586,83.33068873791376,156.72000122070312,24.000000000000007
2012-08-20,14.02000045776367,111.8163284880029,43.736977540047064,83.50203737298024,157.25999450683594,23.700000762939457
2012-08-21,15.02000045776367,111.47813257628381,43.83245937296732,83.87204025622613,158.8300018310547,24.14999961853028
2012-08-22,15.109999656677244,111.52539669090888,43.78948682610968,85.25634099946348,160.5399932861328,24.2199993133545
2012-08-23,15.96000003814697,110.61317257575557,43.77995771629607,85.61268726145423,161.88999938964844,24.440000534057624
2012-08-24,15.18000030517578,111.28159930869033,43.97559438434701,85.53047287561887,161.97000122070312,24.440000534057624
2012-08-27,16.350000381469723,111.30516651612808,43.942177650172766,86.03074771860294,161.36000061035156,24.440000534057624
2012-08-28,16.48999977111816,111.19506668753175,43.9040192492658,86.2363065713834,161.63999938964844,24.440000534057624
2012-08-29,17.05999946594238,111.28159930869033,43.9660652745334,85.85937619534441,160.58999633789062,24.440000534057624
2012-08-30,17.82999992370605,110.4794368751482,43.94697272264503,86.30486433596363,160.52000427246094,24.20000076293946
2012-08-31,17.46999931335449,111.00629251672176,44.06150514580115,87.52470578994087,164.22000122070312,24.20000076293946
2012-09-03,17.46999931335449,111.00629251672176,44.06150514580115,87.52470578994087,164.22000122070312,24.20000076293946
2012-09-04,17.979999542236325,110.90411963164365,44.06050951022815,87.43673883850418,164.47999572753906,24.36000061035157
2012-09-05,17.73999977111816,110.80973636093718,44.06534272965723,87.02469797586402,164.30999755859375,24.36000061035157
2012-09-06,15.600000381469725,113.0587452773867,44.32445211916084,85.57567705491309,164.88999938964844,24.73999977111817
2012-09-07,14.380000114440916,113.49923614453643,44.40121905506524,85.17735384870684,168.44000244140625,25.350000381469734
2012-09-10,16.280000686645504,112.8543766190394,44.329224303459014,85.38340098291765,167.2899932861328,25.750000000000007
2012-09-11,16.409999847412106,113.16892139995338,44.63158089790936,84.84767995984902,167.89999389648438,25.77000045776368
2012-09-12,15.800000190734862,113.54637055941191,44.76593447982911,83.79013867568207,167.9199981689453,25.819999694824226
2012-09-13,14.050000190734862,115.27644314840907,45.053825748253345,83.46052582200305,171.30999755859375,26.11000061035157
2012-09-14,14.510000228881834,115.78758223209279,45.04905737865086,81.24227091331545,171.8000030517578,26.11000061035157
2012-09-17,14.590000152587889,115.39440125595033,45.01065102252456,82.21746048249474,170.39999389648438,26.139999389648445
2012-09-18,14.18000030517578,115.30005613222902,45.02983131241362,82.62951660392962,171.72000122070312,26.350000381469734
2012-09-19,13.880000114440916,115.36292999318545,44.972259925181,83.17203542003641,171.74000549316406,26.61000061035157
2012-09-20,14.069999694824217,115.37082641911555,44.76112414857412,83.37805966605517,171.47000122070312,26.36000061035157
2012-09-21,13.979999542236326,115.32254759468498,44.698750059477874,83.47422059024493,171.9600067138672,26.45000076293946
2012-09-24,14.149999618530272,115.1486278599,44.64117485754957,84.12660272818071,171.0500030517578,26.11000061035157
2012-09-25,15.43000030517578,113.9232475140929,44.242893925479855,84.9576195756515,170.77000427246094,26.250000000000007
2012-09-26,16.80999946594238,113.28286644465479,44.0221794480155,85.8709957675073,169.80999755859375,25.87999916076661
2012-09-27,14.840000152587889,114.35018857211041,44.50200331498346,85.25977422827064,172.33999633789062,25.87999916076661
2012-09-28,15.729999542236326,113.8204642772521,44.290848464898176,85.30782417277612,171.88999938964844,25.87999916076661
2012-10-01,16.319999694824215,114.1208641560652,44.21609187361818,85.62436023939856,172.2899932861328,25.87999916076661
2012-10-02,15.71000003814697,114.23945550356027,44.327049926920274,85.50740920743213,172.10000610351562,25.87999916076661
2012-10-03,15.43000030517578,114.70591683821341,44.438000350831004,85.53491318487612,172.41000366210938,25.87999916076661
2012-10-04,14.550000190734862,115.52815221535177,44.626129697779795,84.46826240027418,173.61000061035156,25.87999916076661
2012-10-05,14.329999923706053,115.53602575309075,44.60201319167824,83.37401608546007,172.6199951171875,25.87999916076661
2012-10-08,15.109999656677244,115.14072380457287,44.53930722405766,84.07601982375529,172.0500030517578,25.87999916076661
2012-10-09,16.370000839233395,114.00227280857013,44.41386477125104,83.92456865697561,170.99000549316406,26.12999916076661
2012-10-10,16.29000091552734,113.2749700187247,44.307770454943494,84.51642678573991,170.83999633789062,26.010000228881843
2012-10-11,15.590000152587889,113.33821009073876,44.54893933065469,85.10141082749256,171.32000732421875,26.23999977111817
2012-10-12,16.139999389648434,112.96662030820227,44.626129697779795,85.31471351858248,170.05999755859375,26.23999977111817
2012-10-15,15.27000045776367,113.90746229162976,44.82872437075469,85.12204071792489,168.35000610351562,26.23999977111817
2012-10-16,15.220000267028807,115.06169851009565,44.99275247038466,83.94521380620264,169.4199981689453,26.23999977111817
2012-10-17,15.069999694824217,115.5834882320387,45.09403645543722,83.16756459318975,169.5399932861328,26.23999977111817
2012-10-18,15.02999973297119,115.2830425768434,45.06992376403135,82.65831757892298,168.7899932861328,26.23999977111817
2012-10-19,17.05999946594238,113.36192225672015,44.843201140867855,83.7800831299758,166.97000122070312,26.23999977111817
2012-10-22,16.620000839233395,113.37773036737441,44.852871394421705,83.24329399127826,167.5800018310547,26.23999977111817
2012-10-23,18.82999992370605,111.80448003440924,44.6840215194497,84.43382330063974,165.42999267578125,25.000000000000007
2012-10-24,18.32999992370605,111.48824152735374,44.64545113140908,83.60112798575211,164.86000061035156,24.93000030517579
2012-10-25,18.120000839233395,111.81237646033932,44.71778539093101,83.17447682718816,166.02000427246094,24.86000061035157
2012-10-26,17.80999946594238,111.74910587073713,44.611672001145045,84.39949101256818,165.92999267578125,24.86000061035157
2012-10-29,17.80999946594238,111.74910587073713,44.611672001145045,84.39949101256818,165.92999267578125,24.86000061035157
2012-10-30,17.80999946594238,111.74910587073713,44.611672001145045,84.39949101256818,165.92999267578125,24.86000061035157
2012-10-31,18.600000381469723,111.74910587073713,44.66471534460314,84.8949059294408,166.8300018310547,24.64999961853028
2012-11-01,16.690000534057614,112.91917308804838,44.64059883850159,84.19982968393869,166.07000732421875,24.840000152587898
2012-11-02,17.590000152587887,111.91514443838606,44.57788905618533,84.13797815962843,162.60000610351562,24.799999237060554
2012-11-05,18.42000007629394,112.14441544865204,44.50555861135908,84.61281659185015,163.22999572753906,24.319999694824226
2012-11-06,17.57999992370605,113.02194869549217,44.57307491023465,83.8144383062394,166.3000030517578,24.319999694824226
2012-11-07,19.07999992370605,110.46045493532783,44.307770454943494,85.33536629720686,166.49000549316406,24.319999694824226
2012-11-08,18.48999977111816,109.13227609388585,44.16303708607304,86.60165552224625,167.99000549316406,24.319999694824226
2012-11-09,18.61000061035156,109.2271476460025,44.08586579242635,86.697969034383,167.82000732421875,24.090000152587898
2012-11-12,16.680000305175778,109.31412277218905,44.100304415582684,86.84249270836956,167.4499969482422,24.090000152587898
2012-11-13,16.64999961853027,108.93462893432543,43.999028059921486,87.1315553151374,167.10000610351562,24.319999694824226
2012-11-14,17.92000007629394,107.46413895000997,43.75781722255778,87.21415117084022,167.13999938964844,24.319999694824226
2012-11-15,17.98999977111816,107.28231515989786,43.73852630649395,87.04205485483352,166.08999633789062,24.319999694824226
2012-11-16,16.409999847412106,107.8120470841532,43.86397257399625,86.96639412132116,165.8800048828125,24.319999694824226
2012-11-19,15.239999771118162,109.99400885946875,44.4186827318974,86.47776936808935,167.8699951171875,24.319999694824226
2012-11-20,15.079999923706053,110.04146370901967,44.42353502480489,85.61059680658053,167.38999938964844,24.319999694824226
2012-11-21,15.310000419616697,110.24698440631907,44.409050625300374,85.5624781974989,167.55999755859375,24.319999694824226
2012-11-22,15.310000419616697,110.24698440631907,44.409050625300374,85.5624781974989,167.55999755859375,24.319999694824226
2012-11-23,15.140000343322752,111.74910587073713,44.5585981401215,85.47988997119343,169.61000061035156,24.319999694824226
2012-11-26,15.499999999999998,111.51194606393808,44.56823787610989,85.8859341275171,169.42999267578125,24.70000076293946
2012-11-27,15.920000076293944,110.94273201003227,44.611672001145045,86.22312297276392,168.7100067138672,24.70000076293946
2012-11-28,15.510000228881834,111.83607336752665,44.62131555182912,86.09925207740173,166.5500030517578,24.70000076293946
2012-11-29,15.060000419616697,112.35784020127859,44.81906556128789,86.112977363233,167.17999267578125,25.100000381469734
2012-11-30,15.86999988555908,112.38159814364218,44.88663526590301,85.87904478171075,166.0500030517578,25.250000000000007
2012-12-03,16.639999389648434,111.82816931219952,45.11407123715904,85.95836762595074,166.1300048828125,25.4699993133545
2012-12-04,17.120000839233395,111.67004242927473,45.11407123715904,86.45477436447877,164.4199981689453,25.48999977111817
2012-12-05,16.459999084472653,111.86773536521737,45.18676026337939,86.4134230308459,164.1199951171875,25.659999847412116
2012-12-06,16.57999992370605,112.24716053850769,45.26922253993701,86.59961084375665,164.5,25.36000061035157
2012-12-07,15.899999618530272,112.58713409973566,45.20136673314574,85.7997295668681,165.16000366210938,25.510000228881843
2012-12-10,16.049999237060543,112.63455843169844,45.240162188231594,86.17899453849594,165.8000030517578,25.799999237060554
2012-12-11,15.569999694824217,113.40145779214986,45.28377941865949,85.52393448209057,165.64999389648438,25.690000534057624
2012-12-12,15.949999809265135,113.45680906763086,45.41959021432976,84.53097604648491,165.77000427246094,25.89999961853028
2012-12-13,16.55999946594238,112.76107672271175,45.25952939820907,84.59306408211299,164.3699951171875,25.62999916076661
2012-12-14,16.999999999999996,112.34203972002138,45.225620568291845,85.22740269531783,164.1300048828125,25.62999916076661
2012-12-17,16.340000152587887,113.66226872975402,45.40017341330842,83.95177508792298,164.44000244140625,25.54000091552735
2012-12-18,15.569999694824217,114.92727616375522,45.42441580436748,83.09671038000741,162.0800018310547,25.37999916076661
2012-12-19,17.36000061035156,114.07345508289649,45.375923392858,83.37256649996371,161.69000244140625,25.11000061035157
2012-12-20,17.67000007629394,114.72961374540073,45.53594224732619,83.38632993278173,159.72999572753906,24.620000839233406
2012-12-21,17.840000152587887,113.6882086796693,45.40501426212887,84.29653229534024,160.3300018310547,24.620000839233406
2012-12-24,17.840000152587887,113.33789728546037,45.240162188231594,84.14484461724274,160.6199951171875,24.620000839233406
2012-12-25,17.840000152587887,113.33789728546037,45.240162188231594,84.14484461724274,160.6199951171875,24.620000839233406
2012-12-26,19.479999542236325,112.86019021957924,45.349865206654314,84.44754858647102,160.77999877929688,24.620000839233406
2012-12-27,19.46999931335449,112.70890690579388,45.44247457372603,84.73081285125343,161.16000366210938,24.620000839233406
2012-12-28,22.71999931335449,111.49071345199272,45.32059123199071,85.21460819596317,160.5399932861328,25.010000228881843
2012-12-31,18.02000045776367,113.38564205209858,45.51562136342822,83.74264567718309,162.02000427246094,25.010000228881843
2013-01-01,18.02000045776367,113.38564205209858,45.51562136342822,83.74264567718309,162.02000427246094,25.010000228881843
2013-01-02,14.68000030517578,116.29170989990234,45.94469451904297,82.62310791015625,163.1699981689453,26.01000022888184
2013-01-03,14.5600004196167,116.02896118164062,45.80332946777344,81.50358581542969,161.1999969482422,25.93000030517578
2013-01-04,13.829999923706056,116.53849792480467,45.83258819580078,81.82145690917969,160.44000244140625,25.76000022888184
2013-01-07,13.789999961853027,116.22006225585938,45.87158966064453,81.85601806640625,159.42999267578125,25.600000381469727
2013-01-08,13.619999885559082,115.88558197021484,45.83744430541992,82.39507293701172,160.55999755859375,25.600000381469727
2013-01-09,13.8100004196167,116.18028259277344,45.92520904541016,82.31900787353516,160.49000549316406,25.600000381469727
2013-01-10,13.489999771118164,117.10386657714844,46.003196716308594,82.09098052978516,161.97999572753906,25.600000381469727
2013-01-11,13.359999656677246,117.09585571289062,46.08610153198242,82.82352447509766,161.05999755859375,25.5
2013-01-14,13.520000457763672,117.01622772216795,46.02271270751953,82.59546661376953,161.5399932861328,25.5
2013-01-15,13.550000190734863,117.09585571289062,46.032493591308594,82.97550964355469,162.55999755859375,25.5
2013-01-16,13.420000076293944,117.07991790771484,45.95446395874024,83.1482925415039,162.64999389648438,25.200000762939453
2013-01-17,13.56999969482422,117.8363265991211,46.120243072509766,82.31900787353516,163.35000610351562,25.530000686645508
2013-01-18,12.460000038146973,118.09900665283205,46.183631896972656,82.9548110961914,163.08999633789062,25.65999984741211
2013-01-22,12.43000030517578,118.73603057861328,46.212886810302734,83.1137924194336,163.6699981689453,25.84000015258789
2013-01-23,12.460000038146973,118.92713165283205,46.1592903137207,82.98931121826172,163.2100067138672,25.76000022888184
2013-01-24,12.6899995803833,118.9589385986328,46.26165390014648,82.69912719726562,161.4199981689453,25.6200008392334
2013-01-25,12.890000343322754,119.62773895263672,46.247013092041016,81.5657730102539,160.64999389648438,25.459999084472656
2013-01-28,13.56999969482422,119.48440551757812,46.222652435302734,81.26863861083984,160.2899932861328,25.57999992370605
2013-01-29,13.3100004196167,119.95418548583984,46.14461898803711,80.8194580078125,160.99000549316406,25.75
2013-01-30,14.31999969482422,119.48440551757812,45.813087463378906,80.68123626708984,162.19000244140625,26.15999984741211
2013-01-31,14.279999732971191,119.18986511230467,45.67167663574219,81.07514953613281,161.1999969482422,26.15999984741211
2013-02-01,12.899999618530272,120.4159927368164,45.82314682006836,80.0223617553711,161.4499969482422,26.3799991607666
2013-02-04,14.670000076293944,119.06243896484376,45.631961822509766,81.04742431640625,162.0,26.309999465942383
2013-02-05,13.720000267028809,120.2646713256836,45.734901428222656,80.32711791992188,161.9600067138672,26.290000915527344
2013-02-06,13.40999984741211,120.3523178100586,45.666282653808594,80.9850845336914,162.38999938964844,26.290000915527344
2013-02-07,13.5,120.19303131103516,45.57805252075195,80.80500030517578,161.83999633789062,25.979999542236328
2013-02-08,13.020000457763672,120.8618392944336,45.58786010742188,81.11660766601562,161.57000732421875,25.979999542236328
2013-02-11,12.9399995803833,120.83800506591795,45.58294677734375,81.05436706542969,159.6999969482422,25.979999542236328
2013-02-12,12.640000343322754,121.03697204589844,45.73980712890625,80.85348510742188,159.88999938964844,26.0
2013-02-13,12.979999542236328,121.1404800415039,45.80841064453125,80.19551849365234,159.0500030517578,26.15999984741211
2013-02-14,12.65999984741211,121.25198364257812,45.78882598876953,80.9227294921875,158.35000610351562,26.15999984741211
2013-02-15,12.460000038146973,121.10867309570312,45.793704986572266,80.68724822998047,155.75999450683594,26.020000457763672
2013-02-19,12.3100004196167,122.01631927490234,45.83784866333008,80.28555297851562,155.3300018310547,26.020000457763672
2013-02-20,14.68000030517578,120.49560546875,45.793704986572266,80.5279769897461,151.44000244140625,25.38999938964844
2013-02-21,15.220000267028809,119.76309204101562,45.842750549316406,80.99896240234375,152.6199951171875,24.739999771118164
2013-02-22,14.170000076293944,120.93348693847656,45.95550155639648,81.05436706542969,152.97000122070312,24.649999618530277
2013-02-25,18.989999771118164,118.63255310058594,45.81335067749024,82.64728546142578,154.33999633789062,24.770000457763672
2013-02-26,16.8700008392334,119.44466400146484,46.038822174072266,82.1694107055664,156.22000122070312,24.84000015258789
2013-02-27,14.729999542236328,120.94947052001952,46.11725997924805,81.92703247070312,154.57000732421875,24.82999992370605
2013-02-28,15.510000228881836,120.7105712890625,46.09764862060547,82.07935333251953,153.0,24.82999992370605
2013-03-01,15.359999656677246,121.10867309570312,46.1893196105957,82.52637481689453,152.44000244140625,24.43000030517578
2013-03-04,14.010000228881836,121.75364685058594,46.19426345825195,82.08912658691406,152.3000030517578,24.43000030517578
2013-03-05,13.479999542236328,122.84434509277344,46.287879943847656,81.85311126708984,152.3800048828125,24.51000022888184
2013-03-06,13.529999732971191,123.01155853271484,46.258331298828125,81.11045837402344,153.22999572753906,24.309999465942383
2013-03-07,13.0600004196167,123.23444366455078,46.32732009887695,80.48579406738281,152.69000244140625,24.479999542236328
2013-03-08,12.59000015258789,123.7599868774414,46.38152313232422,79.64596557617188,152.7100067138672,24.450000762939453
2013-03-11,11.5600004196167,124.22976684570312,46.35195541381836,79.72227478027344,152.99000549316406,24.5
2013-03-12,12.270000457763672,123.9510269165039,46.33224105834961,80.2983627319336,154.19000244140625,24.729999542236328
2013-03-13,11.829999923706056,124.126220703125,46.3420524597168,80.21510314941406,153.66000366210938,24.559999465942383
2013-03-14,11.300000190734863,124.78705596923828,46.5195198059082,79.97215270996094,153.67999267578125,24.59000015258789
2013-03-15,11.300000190734863,124.62232208251952,46.51458740234375,80.34697723388672,154.0,24.479999542236328
2013-03-18,13.359999656677246,123.93455505371094,46.52444076538086,80.95772552490234,155.3800048828125,24.479999542236328
2013-03-19,14.390000343322754,123.64665222167967,46.445594787597656,81.5060806274414,156.0800018310547,23.6200008392334
2013-03-20,12.670000076293944,124.5103988647461,46.598388671875,80.59684753417969,155.3699951171875,23.920000076293945
2013-03-21,13.989999771118164,123.44676971435548,46.51458740234375,81.37417602539062,156.25,23.950000762939453
2013-03-22,13.56999969482422,124.43843841552734,46.480098724365234,81.4366683959961,155.5500030517578,24.1299991607666
2013-03-25,13.739999771118164,123.9185791015625,46.41110229492188,81.36031341552734,155.24000549316406,24.0
2013-03-26,12.770000457763672,124.91019439697266,46.494876861572266,81.45748138427734,154.72000122070312,24.030000686645508
2013-03-27,13.149999618530272,124.91019439697266,46.41601943969727,82.15155029296875,155.36000061035156,24.01000022888184
2013-03-28,12.699999809265137,125.29415130615234,46.499778747558594,81.735107421875,154.4499969482422,24.01000022888184
2013-04-01,13.579999923706056,124.79830932617188,46.58298110961914,82.35070037841797,154.6699981689453,24.01000022888184
2013-04-02,12.779999732971191,125.41400909423828,46.54836654663086,82.01683044433594,152.42999267578125,24.01000022888184
2013-04-03,14.210000038146973,124.1424560546875,46.54836654663086,82.75415802001953,150.72999572753906,23.25
2013-04-04,13.890000343322754,124.64631652832033,46.53350830078125,83.74192810058594,150.2899932861328,23.38999938964844
2013-04-05,13.920000076293944,124.08654022216795,46.578102111816406,85.43217468261719,152.80999755859375,23.239999771118164
2013-04-08,13.1899995803833,124.9262466430664,46.627662658691406,84.77831268310547,152.16000366210938,23.51000022888184
2013-04-09,12.84000015258789,125.35812377929688,46.7762565612793,84.56969451904297,153.33999633789062,23.51000022888184
2013-04-10,12.359999656677246,126.89354705810548,46.92486953735352,83.40799713134766,150.75,23.76000022888184
2013-04-11,12.239999771118164,127.30941772460938,46.92486953735352,83.5679702758789,151.0500030517578,23.68000030517578
2013-04-12,12.0600004196167,126.9975128173828,46.93973159790039,84.8131103515625,143.9499969482422,23.209999084472656
2013-04-15,17.270000457763672,124.05452728271484,46.64249420166016,85.55044555664062,131.30999755859375,22.84000015258789
2013-04-16,13.960000038146973,125.88590240478516,46.96453094482422,84.84788513183594,132.8000030517578,22.979999542236328
2013-04-17,16.510000228881836,124.04653930664062,46.89020156860352,85.41130828857422,132.8699951171875,22.1299991607666
2013-04-18,17.559999465942383,123.27073669433594,46.815879821777344,85.61998748779297,134.3000030517578,22.25
2013-04-19,14.970000267028809,124.34241485595705,46.79109191894531,85.4391098022461,135.47000122070312,21.8700008392334
2013-04-22,14.390000343322754,124.89423370361328,46.90013122558594,85.50171661376953,137.89999389648438,21.729999542236328
2013-04-23,13.479999542236328,126.18180847167967,47.083404541015625,85.20262145996094,136.8800048828125,21.3700008392334
2013-04-24,13.609999656677246,126.26179504394533,47.16762924194336,85.41822814941406,138.3699951171875,21.88999938964844
2013-04-25,13.619999885559082,126.77362823486328,47.29642105102539,85.04960632324219,141.6300048828125,22.43000030517578
2013-04-26,13.609999656677246,126.5496826171875,47.246864318847656,85.82865905761719,140.91000366210938,21.96999931335449
2013-04-29,13.710000038146973,127.39739990234376,47.336055755615234,85.51559448242188,142.3000030517578,22.209999084472656
2013-04-30,13.520000457763672,127.7012176513672,47.48466110229492,85.5643310546875,142.77000427246094,22.0
2013-05-01,14.489999771118164,126.5816650390625,47.394073486328125,86.44330596923828,141.11000061035156,21.170000076293945
2013-05-02,13.59000015258789,127.75731658935548,47.69775772094727,86.33182525634766,141.9199981689453,21.170000076293945
2013-05-03,12.850000381469728,129.05287170410156,47.77243041992188,84.2964096069336,142.08999633789062,22.84000015258789
2013-05-06,12.65999984741211,129.3806915283203,47.80231857299805,84.08722686767578,142.14999389648438,22.71999931335449
2013-05-07,12.829999923706056,130.0364990234375,47.76743316650391,83.75965881347656,140.3800048828125,22.780000686645508
2013-05-08,12.65999984741211,130.6283416748047,47.93672943115234,83.89204406738281,142.4600067138672,23.07999992370605
2013-05-09,13.130000114440918,130.2604522705078,47.797340393066406,83.67594909667969,140.80999755859375,23.030000686645508
2013-05-10,12.59000015258789,130.68431091308594,47.54838562011719,82.77676391601562,139.60000610351562,23.229999542236328
2013-05-13,12.550000190734863,130.78822326660156,47.354270935058594,82.14241790771484,138.42999267578125,23.190000534057617
2013-05-14,12.770000457763672,132.1398162841797,47.404029846191406,81.25017547607422,137.80999755859375,22.57999992370605
2013-05-15,12.8100004196167,132.85157775878906,47.40901947021485,81.79389190673828,134.6300048828125,22.270000457763672
2013-05-16,13.06999969482422,132.22776794433594,47.52347946166992,82.64432525634766,134.08999633789062,22.6200008392334
2013-05-17,12.449999809265137,133.50733947753906,47.52347946166992,81.59874725341797,131.07000732421875,22.790000915527344
2013-05-20,13.020000457763672,133.49937438964844,47.573272705078125,81.50116729736328,135.1199951171875,22.790000915527344
2013-05-21,13.369999885559082,133.69131469726562,47.66289138793945,82.14241790771484,132.8800048828125,22.950000762939453
2013-05-22,13.81999969482422,132.69961547851562,47.369178771972656,80.92255401611328,131.94000244140625,23.34000015258789
2013-05-23,14.06999969482422,132.31581115722656,47.23974990844727,81.30593872070312,134.61000061035156,23.34000015258789
2013-05-24,13.989999771118164,132.20379638671875,47.15010070800781,81.41746520996094,133.75999450683594,22.670000076293945
2013-05-28,14.479999542236328,132.99549865722656,46.97589111328125,79.35417175292969,133.49000549316406,22.809999465942383
2013-05-29,14.829999923706056,132.1317901611328,46.78672790527344,80.24639129638672,134.8300018310547,22.56999969482422
2013-05-30,14.529999732971191,132.61962890625,46.88132095336914,80.05123138427734,136.6999969482422,22.940000534057617
2013-05-31,16.299999237060547,130.71630859375,46.25899124145508,79.77936553955078,133.9199981689453,22.690000534057617
2013-06-03,16.280000686645508,131.43601989746094,46.21849060058594,80.20210266113281,136.50999450683594,22.81999969482422
2013-06-04,16.270000457763672,130.8042755126953,46.21849060058594,79.46147918701172,135.22999572753906,23.489999771118164
2013-06-05,17.5,128.97291564941406,45.81814193725586,80.5584716796875,135.52000427246094,23.440000534057617
2013-06-06,16.6299991607666,130.14053344726562,46.17843246459961,80.5095443725586,136.52999877929688,22.739999771118164
2013-06-07,15.140000343322754,131.7959442138672,46.208457946777344,79.07015228271484,133.27999877929688,22.459999084472656
2013-06-10,15.4399995803833,131.7959442138672,46.11337661743164,78.6928482055664,133.94000244140625,22.459999084472656
2013-06-11,17.06999969482422,130.43643188476562,45.828125,79.6291275024414,133.25,22.040000915527344
2013-06-12,18.59000015258789,129.35678100585938,45.86318588256836,78.49018859863281,134.25,22.200000762939453
2013-06-13,16.40999984741211,131.3240966796875,46.38860321044922,79.7199478149414,133.74000549316406,21.8799991607666
2013-06-14,17.149999618530273,130.50038146972656,46.44365692138672,79.53128051757812,134.42999267578125,21.68000030517578
2013-06-17,16.799999237060547,131.50802612304688,46.43868637084961,79.112060546875,133.77000427246094,21.68000030517578
2013-06-18,16.610000610351562,132.54766845703125,46.55374526977539,79.15398406982422,132.1300048828125,21.68000030517578
2013-06-19,16.639999389648438,130.71630859375,45.858177185058594,78.33647918701172,130.58999633789062,21.68000030517578
2013-06-20,20.489999771118164,127.4773406982422,45.40779113769531,77.05078125,123.5999984741211,20.93000030517578
2013-06-21,18.899999618530277,127.8866195678711,45.11255645751953,75.74410247802734,125.0500030517578,21.459999084472656
2013-06-24,20.11000061035156,126.2706527709961,44.55709457397461,76.05853271484375,123.93000030517578,20.84000015258789
2013-06-25,18.46999931335449,127.48463439941406,45.19259643554688,75.38077545166016,123.47000122070312,21.030000686645508
2013-06-26,17.209999084472656,128.746826171875,45.56793975830078,75.86988830566406,118.27999877929688,20.850000381469727
2013-06-27,16.860000610351562,129.5026092529297,45.78810501098633,76.64549255371094,115.94000244140624,20.850000381469727
2013-06-28,16.860000610351562,128.97193908691406,45.47782897949219,77.16954803466797,119.11000061035156,21.100000381469727
2013-07-01,16.3700008392334,129.72764587402344,45.724342346191406,77.32504272460938,121.12999725341795,21.61000061035156
2013-07-02,16.440000534057617,129.6071014404297,45.58348083496094,77.27598571777344,120.0500030517578,21.61000061035156
2013-07-03,16.200000762939453,129.66334533691406,45.68912887573242,77.04484558105469,120.73999786376952,21.65999984741211
2013-07-05,14.890000343322754,131.06227111816406,45.20117568969727,74.41864013671875,118.08999633789062,21.65999984741211
2013-07-08,14.779999732971191,131.8099822998047,45.824954986572266,75.13999938964844,119.51000213623048,21.65999984741211
2013-07-09,14.350000381469728,132.75865173339844,45.85009765625,75.21698760986328,120.62000274658205,20.93000030517578
2013-07-10,14.210000038146973,132.80690002441406,46.03126525878906,74.6286849975586,120.9499969482422,21.030000686645508
2013-07-11,14.010000228881836,134.6157684326172,46.60972595214844,75.504150390625,124.23999786376952,21.68000030517578
2013-07-12,13.84000015258789,134.67201232910156,46.56446838378906,75.4411392211914,124.12999725341795,21.530000686645508
2013-07-15,13.789999961853027,135.18663024902344,46.76069259643555,75.8403091430664,124.18000030517578,21.65999984741211
2013-07-16,14.420000076293944,134.68006896972656,46.644981384277344,76.09947204589844,124.88999938964844,21.809999465942383
2013-07-17,13.779999732971191,135.02578735351562,46.98709487915039,76.23951721191406,123.31999969482422,21.420000076293945
2013-07-18,13.770000457763672,135.76548767089844,47.26881790161133,75.28704071044922,124.01000213623048,21.440000534057617
2013-07-19,12.539999961853027,136.00665283203125,47.23860931396485,76.47758483886719,125.11000061035156,21.440000534057617
2013-07-22,12.289999961853027,136.2719268798828,47.273807525634766,76.58966064453125,128.83999633789062,21.440000534057617
2013-07-23,12.65999984741211,135.98251342773438,47.15814208984375,76.26750183105469,129.7100067138672,21.440000534057617
2013-07-24,13.18000030517578,135.48403930664062,46.76069259643555,75.30103302001953,127.4800033569336,21.799999237060547
2013-07-25,12.970000267028809,135.81369018554688,46.6550407409668,75.27301025390625,128.6699981689453,21.799999237060547
2013-07-26,12.720000267028809,135.95838928222656,46.6751708984375,75.73522186279297,128.77999877929688,21.799999237060547
2013-07-29,13.390000343322754,135.5403289794922,46.57453918457031,75.18196868896484,128.47000122070312,21.21999931335449
2013-07-30,13.390000343322754,135.5403289794922,46.63996887207031,75.15397644042969,128.1199951171875,20.86000061035156
2013-07-31,13.449999809265137,135.6368865966797,46.77579498291016,75.42710876464844,127.95999908447266,21.34000015258789
2013-08-01,12.9399995803833,137.2045135498047,46.33245468139648,73.9737548828125,126.61000061035156,21.71999931335449
2013-08-02,11.979999542236328,137.4376678466797,46.61554336547852,74.78819274902344,126.36000061035156,21.82999992370605
2013-08-05,11.84000015258789,137.23670959472656,46.37793350219727,74.21244812011719,125.6999969482422,21.700000762939453
2013-08-06,12.720000267028809,136.45684814453125,46.33245468139648,74.43011474609375,123.97000122070312,21.700000762939453
2013-08-07,12.979999542236328,136.01466369628906,46.18581771850586,74.98477172851562,124.1500015258789,21.700000762939453
2013-08-08,12.729999542236328,136.51312255859375,46.28694152832031,75.18836975097656,126.86000061035156,22.25
2013-08-09,13.40999984741211,136.11920166015625,46.29198455810547,75.3077163696289,126.86000061035156,22.549999237060547
2013-08-12,12.8100004196167,135.95838928222656,46.25154876708984,74.79524993896484,129.1300048828125,22.540000915527344
2013-08-13,12.3100004196167,136.3603973388672,46.25154876708984,73.71395111083984,127.73999786376952,22.520000457763672
2013-08-14,13.039999961853027,135.6609344482422,46.16054153442383,73.8262939453125,129.0,22.520000457763672
2013-08-15,14.729999542236328,133.76356506347656,45.92293930053711,72.82930755615234,131.69000244140625,22.61000061035156
2013-08-16,14.369999885559082,133.3213653564453,45.76620101928711,72.57658386230469,132.5800018310547,22.88999938964844
2013-08-19,15.100000381469728,132.46917724609375,45.4629135131836,71.94465637207031,132.00999450683594,22.57999992370605
2013-08-20,14.90999984741211,133.1204071044922,45.88250732421875,72.49931335449219,132.4499969482422,22.71999931335449
2013-08-21,15.9399995803833,132.30038452148438,45.71566009521485,71.7059097290039,132.07000732421875,22.649999618530277
2013-08-22,14.760000228881836,133.50631713867188,45.96337890625,72.43614959716797,132.80999755859375,22.700000762939453
2013-08-23,13.979999542236328,133.95651245117188,46.15548706054688,73.22252655029297,134.89999389648438,22.700000762939453
2013-08-26,14.989999771118164,133.45806884765625,46.16054153442383,73.58757019042969,135.4499969482422,22.6200008392334
2013-08-27,16.770000457763672,131.31149291992188,45.86228561401367,74.51441192626953,136.75,22.649999618530277
2013-08-28,16.489999771118164,131.7777099609375,46.03417205810547,73.9105453491211,136.7100067138672,22.600000381469727
2013-08-29,16.809999465942383,131.98678588867188,46.2212142944336,74.50030517578125,135.8699951171875,22.290000915527344
2013-08-30,17.010000228881836,131.5687713623047,46.18075180053711,74.41607666015625,134.6199951171875,22.06999969482422
2013-09-03,16.610000610351562,132.16368103027344,45.93681335449219,73.36646270751953,136.4199981689453,22.59000015258789
2013-09-04,15.880000114440918,133.25704956054688,46.10961151123047,73.20458221435547,134.66000366210938,22.07999992370605
2013-09-05,15.770000457763672,133.4259490966797,45.875823974609375,72.1838150024414,132.1999969482422,22.07999992370605
2013-09-06,15.850000381469728,133.490234375,46.028297424316406,72.54281616210938,134.14999389648438,22.149999618530277
2013-09-09,15.630000114440918,134.76853942871094,46.14518737792969,72.57799530029297,133.91000366210938,22.290000915527344
2013-09-10,14.529999732971191,135.76548767089844,46.30783462524414,72.0711898803711,131.74000549316406,22.21999931335449
2013-09-11,13.81999969482422,136.1915283203125,46.3687744140625,72.7117691040039,131.6999969482422,22.209999084472656
2013-09-12,14.289999961853027,135.82972717285156,46.312896728515625,72.61328887939453,127.66999816894533,22.0
2013-09-13,14.15999984741211,136.13528442382812,46.27732849121094,72.89480590820312,127.81999969482422,21.81999969482422
2013-09-16,14.380000114440918,136.92315673828125,46.53142166137695,72.4090576171875,126.4499969482422,21.950000762939453
2013-09-17,14.529999732971191,137.53414916992188,46.68391799926758,73.00743865966797,126.5,21.950000762939453
2013-09-18,13.59000015258789,139.12599182128906,47.13109588623047,73.90848541259766,132.00999450683594,22.540000915527344
2013-09-19,13.15999984741211,138.89285278320312,46.99388885498047,73.47203826904297,131.75,22.540000915527344
2013-09-20,13.119999885559082,137.92176818847656,46.9379997253418,73.85923767089844,127.95999908447266,22.440000534057617
2013-09-23,14.3100004196167,137.28359985351562,46.93292236328125,74.40131378173828,127.5500030517578,22.34000015258789
2013-09-24,14.079999923706056,136.9604034423828,46.83126449584961,75.20379638671875,127.66000366210938,22.059999465942383
2013-09-25,14.010000228881836,136.5645751953125,46.749942779541016,75.35867309570312,128.7899932861328,22.059999465942383
2013-09-26,14.0600004196167,137.0896453857422,46.72455596923828,74.83071899414062,127.79000091552734,22.440000534057617
2013-09-27,15.460000038146973,136.45948791503906,46.67372512817383,75.01372528076172,128.97000122070312,22.440000534057617
2013-09-30,16.600000381469727,135.73240661621094,46.541603088378906,74.90109252929688,128.17999267578125,22.440000534057617
2013-10-01,15.539999961853027,136.80691528320312,46.743309020996094,74.67382049560547,124.58999633789062,22.440000534057617
2013-10-02,16.600000381469727,136.67759704589844,46.76373291015625,74.78673553466797,127.05999755859376,22.530000686645508
2013-10-03,17.670000076293945,135.4174041748047,46.79438018798828,74.6667709350586,127.18000030517578,22.239999771118164
2013-10-04,16.739999771118164,136.443359375,46.87609100341797,74.61034393310547,126.52999877929688,22.420000076293945
2013-10-07,19.40999984741211,135.2638702392578,46.75350570678711,74.91375732421875,127.63999938964844,22.459999084472656
2013-10-08,20.34000015258789,133.68853759765625,46.73307037353516,74.93497467041016,127.4000015258789,22.459999084472656
2013-10-09,19.600000381469727,133.7854766845703,46.773963928222656,74.33504486083984,126.11000061035156,22.459999084472656
2013-10-10,16.479999542236328,136.6696014404297,46.98844528198242,74.45501708984375,124.2699966430664,22.459999084472656
2013-10-11,15.720000267028809,137.5501708984375,47.07526779174805,74.43388366699219,122.5999984741211,22.25
2013-10-14,16.06999969482422,138.09951782226562,47.146759033203125,73.83390045166016,122.83000183105467,22.25
2013-10-15,18.65999984741211,137.09776306152344,47.13143157958984,73.78453063964844,123.7300033569336,22.25
2013-10-16,14.710000038146973,139.01242065429688,47.381683349609375,74.70909881591797,123.54000091552734,22.25
2013-10-17,13.479999542236328,139.9415283203125,47.61152267456055,75.38668060302734,127.41999816894533,22.3799991607666
2013-10-18,13.039999961853027,140.8867645263672,47.70850372314453,75.54900360107422,126.8499984741211,22.46999931335449
2013-10-21,13.15999984741211,140.89479064941406,47.601295471191406,75.30902862548828,126.9800033569336,22.46999931335449
2013-10-22,13.329999923706056,141.71075439453125,47.744266510009766,76.14894104003906,129.33999633789062,22.46999931335449
2013-10-23,13.420000076293944,141.03211975097656,47.78512954711914,76.4454116821289,128.69000244140625,22.200000762939453
2013-10-24,13.199999809265137,141.50074768066406,47.80047225952149,76.14894104003906,129.89999389648438,22.200000762939453
2013-10-25,13.09000015258789,142.14703369140625,47.81573486328125,76.4312973022461,130.4600067138672,22.200000762939453
2013-10-28,13.3100004196167,142.3732147216797,47.80552673339844,76.17012023925781,130.55999755859375,22.200000762939453
2013-10-29,13.40999984741211,143.13267517089844,47.88214111328125,76.2689437866211,129.77000427246094,22.200000762939453
2013-10-30,13.649999618530272,142.4217071533203,47.68808364868164,75.8101806640625,129.60000610351562,22.200000762939453
2013-10-31,13.75,142.01776123046875,47.71361923217773,75.97246551513672,127.73999786376952,22.51000022888184
2013-11-01,13.279999732971191,142.35708618164062,47.63154220581055,75.15013885498047,126.9499969482422,22.51000022888184
2013-11-04,12.93000030517578,142.85797119140625,47.713626861572266,75.2209243774414,126.80999755859376,22.51000022888184
2013-11-05,13.270000457763672,142.4055938720703,47.58531951904297,74.32215118408203,126.55999755859376,22.51000022888184
2013-11-06,12.670000076293944,143.13267517089844,47.7238883972168,74.35753631591797,127.1999969482422,22.51000022888184
2013-11-07,13.90999984741211,141.3229522705078,47.75467300415039,74.98738098144531,126.16000366210938,22.0
2013-11-08,12.899999618530272,143.22955322265625,47.672550201416016,73.18275451660156,124.27999877929688,22.0
2013-11-11,12.529999732971191,143.2538299560547,47.49296188354492,72.90678405761719,123.87000274658205,22.0
2013-11-12,12.81999969482422,142.9629669189453,47.42627334594727,73.2464828491211,122.4499969482422,21.84000015258789
2013-11-13,12.520000457763672,144.11021423339844,47.605838775634766,73.51541900634766,122.8499984741211,21.459999084472656
2013-11-14,12.369999885559082,144.82923889160156,47.744415283203125,73.96831512451172,124.2699966430664,21.459999084472656
2013-11-15,12.1899995803833,145.4593505859375,47.81626510620117,74.11698913574219,124.31999969482422,21.540000915527344
2013-11-18,13.100000381469728,144.95040893554688,47.67767333984375,74.56275177001953,122.9000015258789,21.399999618530277
2013-11-19,13.390000343322754,144.63523864746094,47.65717315673828,73.99662017822266,122.9499969482422,21.479999542236328
2013-11-20,13.399999618530272,144.18283081054688,47.6109733581543,72.73694610595703,120.12000274658205,21.479999542236328
2013-11-21,12.65999984741211,145.3462371826172,47.77522277832031,72.857177734375,119.94000244140624,21.479999542236328
2013-11-22,12.260000228881836,146.07334899902344,47.811153411865234,73.53658294677734,119.91999816894533,21.780000686645508
2013-11-25,12.789999961853027,145.9279327392578,47.8829460144043,73.74893188476562,120.45999908447266,21.850000381469727
2013-11-26,12.8100004196167,145.96827697753906,47.918853759765625,74.02490997314453,119.81999969482422,21.850000381469727
2013-11-27,12.979999542236328,146.3238067626953,47.88811111450195,73.89753723144531,119.45999908447266,21.850000381469727
2013-11-29,13.699999809265137,146.22683715820312,47.93942642211914,73.91873931884766,120.6999969482422,21.850000381469727
2013-12-02,14.229999542236328,145.8470916748047,47.95489501953125,73.34382629394531,117.58000183105467,21.450000762939453
2013-12-03,14.550000190734863,145.2169647216797,47.9084358215332,73.61355590820312,117.95999908447266,21.420000076293945
2013-12-04,14.699999809265137,145.2008056640625,47.78471374511719,72.91087341308594,119.95999908447266,21.86000061035156
2013-12-05,15.079999923706056,144.56260681152344,47.74861907958984,72.70501708984375,118.3000030517578,21.739999771118164
2013-12-06,13.789999961853027,146.1783905029297,47.88270568847656,73.05278778076172,118.5500030517578,21.8799991607666
2013-12-09,13.489999771118164,146.5500030517578,48.057987213134766,73.22318267822266,119.72000122070312,21.950000762939453
2013-12-10,13.90999984741211,146.0248565673828,48.057987213134766,73.74840545654297,121.81999969482422,22.0
2013-12-11,15.420000076293944,144.3848419189453,47.91360855102539,73.18061828613281,120.86000061035156,22.0
2013-12-12,15.539999961853027,143.90823364257812,47.82600402832031,72.90373992919922,118.29000091552734,22.239999771118164
2013-12-13,15.760000228881836,143.8920440673828,47.903297424316406,73.25870513916016,119.37999725341795,22.239999771118164
2013-12-16,16.030000686645508,144.788818359375,47.9445686340332,72.98892211914062,119.69000244140624,22.420000076293945
2013-12-17,16.209999084472656,144.32830810546875,47.94969940185547,73.31541442871094,118.6500015258789,22.450000762939453
2013-12-18,13.800000190734863,146.79234313964844,48.0322380065918,72.9463119506836,117.61000061035156,22.450000762939453
2013-12-19,14.149999618530272,146.62274169921875,47.98067474365234,72.87535095214844,114.81999969482422,22.450000762939453
2013-12-20,13.789999961853027,147.47557067871094,48.011600494384766,73.9968490600586,115.94000244140624,22.239999771118164
2013-12-23,13.039999961853027,148.26353454589844,48.04770278930664,73.57804870605469,115.56999969482422,22.309999465942383
2013-12-24,12.479999542236328,148.58837890625,48.02191925048828,72.98892211914062,116.0999984741211,22.76000022888184
2013-12-26,12.329999923706056,149.34385681152344,48.0670280456543,72.70767211914062,116.73999786376952,22.88999938964844
2013-12-27,12.460000038146973,149.33566284179688,48.06180953979492,72.50111389160156,117.12000274658205,22.88999938964844
2013-12-30,13.5600004196167,149.31134033203125,48.103302001953125,72.9996109008789,115.38999938964844,22.88999938964844
2013-12-31,13.720000267028809,150.0179901123047,48.13438415527344,72.53675842285156,116.12000274658205,22.899999618530277
2014-01-02,14.229999542236328,148.58026123046875,48.21731185913086,72.75751495361328,118.0,22.780000686645508
2014-01-03,13.760000228881836,148.5558624267578,48.20174026489258,72.75751495361328,119.29000091552734,22.65999984741211
2014-01-06,13.550000190734863,148.12535095214844,48.30538940429688,73.06366729736328,119.5,22.65999984741211
2014-01-07,12.920000076293944,149.03514099121094,48.30538940429688,73.24886322021484,118.81999969482422,22.600000381469727
2014-01-08,12.869999885559082,149.06765747070312,48.27430725097656,73.04943084716797,118.12000274658205,22.57999992370605
2014-01-09,12.890000343322754,149.16513061523438,48.34685516357422,73.47676086425781,118.45999908447266,22.229999542236328
2014-01-10,12.140000343322754,149.5712127685547,48.49195098876953,74.35265350341797,120.26000213623048,22.459999084472656
2014-01-13,13.279999732971191,147.58120727539062,48.44014739990234,74.72293853759766,121.0199966430664,22.56999969482422
2014-01-14,12.279999732971191,149.1894989013672,48.51266479492188,74.3811264038086,119.88999938964844,22.489999771118164
2014-01-15,12.279999732971191,149.99363708496094,48.61116790771485,74.30281829833984,119.66000366210938,22.489999771118164
2014-01-16,12.529999732971191,149.79872131347656,48.5904426574707,74.80126953125,119.79000091552734,22.459999084472656
2014-01-17,12.4399995803833,149.16513061523438,48.60079193115234,75.1146240234375,120.93000030517578,22.540000915527344
2014-01-21,12.869999885559082,149.60377502441406,48.6629524230957,75.17161560058594,119.6999969482422,22.34000015258789
2014-01-22,12.84000015258789,149.701171875,48.5904426574707,74.98648071289062,119.19000244140624,22.489999771118164
2014-01-23,13.770000457763672,148.4746551513672,48.52823257446289,76.0475082397461,121.79000091552734,22.13999938964844
2014-01-24,18.13999938964844,145.30679321289062,48.20695495605469,76.53883361816406,122.29000091552734,22.0
2014-01-27,17.420000076293945,144.59201049804688,48.19136047363281,76.00473022460938,120.95999908447266,21.940000534057617
2014-01-28,15.800000190734863,145.4530792236328,48.40386581420898,76.18993377685547,120.9499969482422,21.8799991607666
2014-01-29,17.350000381469727,144.0559844970703,48.25876998901367,76.81659698486328,122.47000122070312,21.809999465942383
2014-01-30,17.290000915527344,145.58297729492188,48.34167098999024,76.5958023071289,119.7699966430664,21.690000534057617
2014-01-31,18.40999984741211,144.73011779785156,48.32614135742188,77.10853576660156,120.08999633789062,21.459999084472656
2014-02-03,21.440000534057617,141.4729461669922,48.18134689331055,78.04813385009766,121.31999969482422,21.36000061035156
2014-02-04,19.11000061035156,142.4638671875,48.23863220214844,77.21990966796875,120.98999786376952,21.36000061035156
2014-02-05,19.950000762939453,142.28518676757812,48.23863220214844,76.50601196289062,121.29000091552734,21.36000061035156
2014-02-06,17.229999542236328,144.16151428222656,48.41049575805664,76.17753601074219,121.23999786376952,21.36000061035156
2014-02-07,15.289999961853027,145.94850158691406,48.65526580810547,76.24186706542969,122.16999816894533,21.81999969482422
2014-02-10,15.260000228881836,146.2165985107422,48.68651580810547,76.45598602294922,122.91999816894533,21.709999084472656
2014-02-11,14.510000228881836,147.81671142578125,48.76984786987305,76.01337432861328,124.36000061035156,21.709999084472656
2014-02-12,14.300000190734863,147.88986206054688,48.69171905517578,75.6207046508789,124.43000030517578,21.709999084472656
2014-02-13,14.140000343322754,148.6533966064453,48.83236312866211,76.04900360107422,125.48999786376952,21.709999084472656
2014-02-14,13.56999969482422,149.47377014160156,48.91049957275391,76.09192657470703,127.1500015258789,21.709999084472656
2014-02-18,13.869999885559082,149.6524200439453,48.97818756103516,76.26325225830078,127.4000015258789,21.709999084472656
2014-02-19,15.5,148.66148376464844,48.85318374633789,75.94194793701172,126.2699966430664,21.989999771118164
2014-02-20,14.789999961853027,149.53883361816406,49.00421905517578,75.75634765625,127.5999984741211,21.96999931335449
2014-02-21,14.68000030517578,149.36817932128906,49.045928955078125,76.15615844726562,127.58000183105467,21.989999771118164
2014-02-24,14.229999542236328,150.19668579101562,49.15525436401367,75.9634017944336,128.99000549316406,21.709999084472656
2014-02-25,13.670000076293944,150.1398468017578,49.21256256103516,76.64165496826172,129.2100067138672,21.709999084472656
2014-02-26,14.350000381469728,150.14796447753906,49.295875549316406,77.04856872558594,128.11000061035156,21.709999084472656
2014-02-27,14.039999961853027,150.93589782714844,49.3896369934082,77.4698257446289,128.1999969482422,21.709999084472656
2014-02-28,14.0,151.31761169433594,49.44173049926758,77.51266479492188,127.62000274658205,21.520000457763672
2014-03-03,16.0,150.25357055664062,49.396183013916016,78.03008270263672,130.2899932861328,21.440000534057617
2014-03-04,14.100000381469728,152.36541748046875,49.57414245605469,76.85636901855469,128.67999267578125,21.739999771118164
2014-03-05,13.890000343322754,152.50350952148438,49.48515319824219,77.02094268798828,128.88999938964844,21.690000534057617
2014-03-06,14.210000038146973,152.85281372070312,49.411895751953125,76.26235961914062,130.1699981689453,21.799999237060547
2014-03-07,14.109999656677246,152.9177703857422,49.223480224609375,75.7828369140625,129.08999633789062,20.86000061035156
2014-03-10,14.199999809265137,152.83656311035156,49.22869873046875,75.89018249511719,129.1300048828125,20.63999938964844
2014-03-11,14.800000190734863,152.08114624023438,49.17634582519531,76.09060668945312,129.86000061035156,19.96999931335449
2014-03-12,14.470000267028809,152.12176513671875,49.2601432800293,76.62022399902344,131.75999450683594,20.049999237060547
2014-03-13,16.219999313354492,150.41598510742188,49.1292724609375,77.65078735351562,132.2100067138672,19.81999969482422
2014-03-14,17.81999969482422,149.99363708496094,49.09263610839844,77.6650619506836,133.10000610351562,19.940000534057617
2014-03-17,15.640000343322754,151.35011291503906,49.16070175170898,77.08540344238281,131.63999938964844,20.020000457763672
2014-03-18,14.520000457763672,152.43048095703125,49.30723571777344,77.364501953125,130.6199951171875,19.93000030517578
2014-03-19,15.119999885559082,151.6181182861328,49.05597686767578,76.76339721679688,128.08999633789062,20.200000762939453
2014-03-20,14.520000457763672,152.50350952148438,49.223480224609375,76.6273422241211,127.86000061035156,19.899999618530277
2014-03-21,15.0,151.91204833984375,49.19207382202149,77.45752716064453,128.47000122070312,19.96999931335449
2014-03-24,15.09000015258789,151.2838134765625,49.2077751159668,78.00861358642578,126.18000030517578,19.959999084472656
2014-03-25,14.020000457763672,152.00180053710938,49.30723571777344,77.71511840820312,126.41000366210938,20.290000915527344
2014-03-26,14.93000030517578,150.90855407714844,49.31769943237305,78.32349395751953,125.41000366210938,20.01000022888184
2014-03-27,14.619999885559082,150.59031677246094,49.244415283203125,78.71714782714844,124.58999633789062,20.290000915527344
2014-03-28,14.40999984741211,151.33279418945312,49.32815170288086,78.27338409423828,124.55999755859376,20.57999992370605
2014-03-31,13.880000114440918,152.57286071777344,49.40142822265625,78.08013916015625,123.61000061035156,20.540000915527344
2014-04-01,13.100000381469728,153.58453369140625,49.49347305297852,77.41287994384766,123.38999938964844,20.59000015258789
2014-04-02,13.09000015258789,154.09844970703125,49.44086837768555,76.96802520751953,124.31999969482422,20.59000015258789
2014-04-03,13.369999885559082,153.89456176757812,49.46188354492188,77.30529022216797,123.91999816894533,20.450000762939453
2014-04-04,13.960000038146973,152.07516479492188,49.57757186889648,77.82184600830078,125.56999969482422,20.309999465942383
2014-04-07,15.56999969482422,150.39450073242188,49.47242736816406,78.28826141357422,124.91000366210938,20.309999465942383
2014-04-08,14.890000343322754,151.0146026611328,49.58809280395508,78.4748306274414,126.08999633789062,20.56999969482422
2014-04-09,13.81999969482422,152.6381072998047,49.666988372802734,78.08734893798828,126.31999969482422,20.56999969482422
2014-04-10,15.890000343322754,149.43179321289062,49.52500534057617,78.81207275390625,127.01000213623048,20.38999938964844
2014-04-11,17.030000686645508,148.0856475830078,49.31464385986328,79.45064544677734,126.93000030517578,20.40999984741211
2014-04-14,16.110000610351562,149.2523193359375,49.47242736816406,79.24254608154297,127.8499984741211,20.489999771118164
2014-04-15,15.609999656677246,150.2803497314453,49.52500534057617,79.73764038085938,125.48999786376952,20.239999771118164
2014-04-16,14.18000030517578,151.85494995117188,49.55129623413086,79.83808898925781,125.54000091552734,20.46999931335449
2014-04-17,13.359999656677246,152.0670623779297,49.49347305297852,78.9627914428711,124.75,20.46999931335449
2014-04-21,13.25,152.59739685058594,49.49347305297852,78.89815521240234,124.23999786376952,20.530000686645508
2014-04-22,13.1899995803833,153.2908477783203,49.54602813720703,79.16357421875,123.77999877929688,20.559999465942383
2014-04-23,13.270000457763672,152.93185424804688,49.56180953979492,79.61566162109375,123.76000213623048,20.6299991607666
2014-04-24,13.31999969482422,153.2418670654297,49.57229995727539,79.7663345336914,124.55999755859376,20.950000762939453
2014-04-25,14.0600004196167,151.98548889160156,49.55653762817383,79.88113403320312,125.43000030517578,20.899999618530277
2014-04-28,13.970000267028809,152.46681213378906,49.54602813720703,79.49369049072266,124.87999725341795,20.989999771118164
2014-04-29,13.710000038146973,153.1765594482422,49.61966323852539,79.38605499267578,124.86000061035156,20.790000915527344
2014-04-30,13.40999984741211,153.63348388671875,49.609134674072266,79.71611785888672,124.22000122070312,20.450000762939453
2014-05-01,13.25,153.64984130859375,49.55790710449219,80.57131958007812,123.8000030517578,20.450000762939453
2014-05-02,12.90999984741211,153.42947387695312,49.67411422729492,81.06758117675781,125.05999755859376,20.739999771118164
2014-05-05,13.289999961853027,153.7232666015625,49.652950286865234,80.57850646972656,126.22000122070312,20.68000030517578
2014-05-06,13.800000190734863,152.3852081298828,49.66353225708008,80.90213775634766,125.9800033569336,20.649999618530277
2014-05-07,13.399999618530272,153.28262329101562,49.73750686645508,80.61448669433594,124.16999816894533,20.520000457763672
2014-05-08,13.43000030517578,153.11952209472656,49.72692108154297,80.26921844482422,124.16999816894533,20.65999984741211
2014-05-09,12.920000076293944,153.34793090820312,49.77445983886719,80.01026916503906,124.0999984741211,20.739999771118164
2014-05-12,12.229999542236328,154.84091186523438,49.82725524902344,79.6866226196289,124.94000244140624,21.15999984741211
2014-05-13,12.130000114440918,154.9796600341797,49.90650177001953,80.37712097167969,124.5999984741211,21.059999465942383
2014-05-14,12.170000076293944,154.24542236328125,49.932952880859375,81.24740600585938,125.80999755859376,21.34000015258789
2014-05-15,13.170000076293944,152.89100646972656,49.88540649414063,81.89473724365234,124.7699966430664,21.170000076293945
2014-05-16,12.4399995803833,153.42135620117188,49.98576736450195,81.6645736694336,124.5,21.18000030517578
2014-05-19,12.420000076293944,153.9842987060547,50.05970001220703,81.06040954589844,124.58000183105467,21.18000030517578
2014-05-20,12.960000038146973,153.013427734375,49.99633026123047,81.240234375,124.69000244140624,21.18000030517578
2014-05-21,11.90999984741211,154.3024444580078,49.99104309082031,80.74397277832031,124.38999938964844,21.01000022888184
2014-05-22,12.029999732971191,154.67774963378906,50.02803802490234,80.62882232666016,124.66999816894533,21.1299991607666
2014-05-23,11.359999656677246,155.2978515625,50.04384994506836,81.06040954589844,124.51000213623048,21.32999992370605
2014-05-27,11.510000228881836,156.25241088867188,50.091400146484375,81.53512573242188,121.8499984741211,21.309999465942383
2014-05-28,11.68000030517578,156.13821411132812,50.10726165771485,82.54207611083984,121.1999969482422,21.479999542236328
2014-05-29,11.56999969482422,156.9458465576172,50.1547737121582,82.10334777832031,120.94000244140624,21.479999542236328
2014-05-30,11.399999618530272,157.1987762451172,50.20761489868164,82.06737518310547,120.43000030517578,21.09000015258789
2014-06-02,11.579999923706056,157.37823486328125,50.04789733886719,81.45731353759766,119.6999969482422,21.09000015258789
2014-06-03,11.869999885559082,157.2966766357422,50.05322265625,80.45494842529297,120.01000213623048,21.09000015258789
2014-06-04,12.079999923706056,157.61488342285156,50.05322265625,80.43334197998047,119.76000213623048,20.790000915527344
2014-06-05,11.68000030517578,158.6428680419922,50.17524719238281,80.4693603515625,120.66000366210938,20.790000915527344
2014-06-06,10.729999542236328,159.40158081054688,50.31852722167969,80.4693603515625,120.61000061035156,20.6200008392334
2014-06-09,11.149999618530272,159.56475830078125,50.37689208984375,80.35401916503906,120.6500015258789,20.479999542236328
2014-06-10,10.989999771118164,159.58102416992188,50.3503532409668,80.058349609375,121.38999938964844,20.690000534057617
2014-06-11,11.600000381469728,159.0263214111328,50.355690002441406,80.20257568359375,121.41000366210938,20.690000534057617
2014-06-12,12.5600004196167,157.90040588378906,50.32381057739258,80.91646575927734,122.63999938964844,20.440000534057617
2014-06-13,12.18000030517578,158.38177490234375,50.38219833374024,80.87322998046875,122.95999908447266,20.3700008392334
2014-06-16,12.649999618530272,158.51231384277344,50.355690002441406,81.07511901855469,122.41999816894533,20.649999618530277
2014-06-17,12.0600004196167,158.95286560058594,50.31852722167969,80.43334197998047,122.27999877929688,20.649999618530277
2014-06-18,10.609999656677246,160.1195068359375,50.54668426513672,81.05349731445312,122.66999816894533,20.649999618530277
2014-06-19,10.619999885559082,160.29896545410156,50.53607177734375,80.01507568359375,126.94000244140624,20.71999931335449
2014-06-20,10.850000381469728,160.6244354248047,50.58382797241211,80.620849609375,126.5,21.0
2014-06-23,10.979999542236328,160.5752410888672,50.57851791381836,80.36841583251953,126.8499984741211,21.21999931335449
2014-06-24,12.130000114440918,159.60797119140625,50.53607177734375,81.18327331542969,126.9800033569336,21.190000534057617
2014-06-25,11.59000015258789,160.32933044433594,50.610347747802734,81.39240264892578,126.98999786376952,21.38999938964844
2014-06-26,11.630000114440918,160.21458435058594,50.557273864746094,81.78180694580078,126.7300033569336,21.38999938964844
2014-06-27,11.260000228881836,160.5260772705078,50.557273864746094,81.6591796875,126.66000366210938,21.32999992370605
2014-06-30,11.56999969482422,160.44407653808594,50.51483917236328,81.8611068725586,128.0399932861328,21.43000030517578
2014-07-01,11.149999618530272,161.5180206298828,50.52817916870117,81.17572021484375,127.6999969482422,21.600000381469727
2014-07-02,10.81999969482422,161.6819610595703,50.56014633178711,80.30818939208984,127.6999969482422,22.100000381469727
2014-07-03,10.31999969482422,162.4770965576172,50.48552703857422,80.01897430419922,127.16000366210938,22.209999084472656
2014-07-07,11.329999923706056,161.9114990234375,50.44822692871094,80.60455322265625,127.0199966430664,22.059999465942383
2014-07-08,11.979999542236328,160.8704071044922,50.45891189575195,81.50833129882812,127.06999969482422,22.07999992370605
2014-07-09,11.649999618530272,161.59176635742188,50.42158889770508,81.57337188720703,127.83999633789062,21.96999931335449
2014-07-10,12.59000015258789,160.9523468017578,50.26701736450195,81.59505462646484,128.5399932861328,22.07999992370605
2014-07-11,12.079999923706056,161.17367553710938,50.35226058959961,82.11559295654297,128.77999877929688,22.07999992370605
2014-07-14,11.81999969482422,161.9853057861328,50.33631134033203,81.76136016845703,125.72000122070312,21.940000534057617
2014-07-15,11.960000038146973,161.6819610595703,50.2563705444336,81.59505462646484,124.52999877929688,21.950000762939453
2014-07-16,11.0,162.28038024902344,50.17644882202149,82.02886962890625,124.97000122070312,21.770000457763672
2014-07-17,14.539999961853027,160.4359130859375,49.82471084594727,83.06275177001953,127.08999633789062,21.88999938964844
2014-07-18,12.0600004196167,162.07542419433594,50.03252029418945,82.79523468017578,126.12999725341795,21.65999984741211
2014-07-21,12.8100004196167,161.7720947265625,49.947242736816406,83.20729064941406,126.33999633789062,21.790000915527344
2014-07-22,12.239999771118164,162.4770965576172,50.01655578613281,83.38080596923828,125.73999786376952,21.71999931335449
2014-07-23,11.520000457763672,162.83782958984375,50.11249542236328,83.27239227294922,125.62000274658205,21.84000015258789
2014-07-24,11.84000015258789,162.84603881835938,50.20307922363281,82.65060424804688,124.3499984741211,22.209999084472656
2014-07-25,12.6899995803833,162.0836181640625,50.117820739746094,83.62665557861328,125.79000091552734,22.049999237060547
2014-07-28,12.5600004196167,162.1492462158203,49.968563079833984,83.51095581054688,125.58000183105467,21.989999771118164
2014-07-29,13.279999732971191,161.4524688720703,49.89929962158203,83.81462097167969,125.1999969482422,21.93000030517578
2014-07-30,13.329999923706056,161.47695922851562,49.69143295288086,82.65060424804688,124.83000183105467,22.030000686645508
2014-07-31,16.950000762939453,158.2880859375,49.28640365600586,82.40483093261719,123.38999938964844,21.959999084472656
2014-08-01,17.030000686645508,157.80447387695312,49.28158950805664,83.04273223876953,124.37999725341795,21.809999465942383
2014-08-04,15.119999885559082,158.94393920898438,49.581424713134766,82.82521057128906,123.98999786376952,22.0
2014-08-05,16.8700008392334,157.4027862548828,49.48508071899414,83.09343719482422,123.87000274658205,21.71999931335449
2014-08-06,16.3700008392334,157.45201110839844,49.60284805297852,83.14414978027344,125.66999816894533,21.420000076293945
2014-08-07,16.65999984741211,156.59939575195312,49.63497161865234,83.9198226928711,126.18000030517578,21.51000022888184
2014-08-08,15.770000457763672,158.41110229492188,49.790260314941406,83.73861694335938,126.19000244140624,21.540000915527344
2014-08-11,14.229999542236328,158.87017822265625,50.025856018066406,83.73130798339844,125.95999908447266,21.489999771118164
2014-08-12,14.130000114440918,158.6488494873047,50.01512145996094,83.18763732910156,125.98999786376952,21.350000381469727
2014-08-13,12.899999618530272,159.72271728515625,50.15972900390625,83.73130798339844,126.1999969482422,21.07999992370605
2014-08-14,12.420000076293944,160.47686767578125,50.25608444213867,84.40547943115234,126.30999755859376,20.920000076293945
2014-08-15,13.149999618530272,160.44407653808594,50.35782623291016,85.3260726928711,125.4800033569336,21.1299991607666
2014-08-18,12.31999969482422,161.78855895996094,50.50238800048828,84.47799682617188,124.95999908447266,21.09000015258789
2014-08-19,12.210000038146973,162.63287353515625,50.48634719848633,84.21701049804688,124.68000030517578,21.0
2014-08-20,11.779999732971191,163.06732177734375,50.5237922668457,84.07930755615234,124.22000122070312,21.3799991607666
2014-08-21,11.760000228881836,163.5428009033203,50.5237922668457,84.55048370361328,122.87999725341795,21.530000686645508
2014-08-22,11.470000267028809,163.28868103027344,50.400672912597656,85.02165222167969,123.19000244140624,21.530000686645508
2014-08-25,11.699999809265137,164.1166534423828,50.50773239135742,85.34064483642578,122.73999786376952,21.530000686645508
2014-08-26,11.630000114440918,164.2231903076172,50.54522705078125,85.06515502929688,123.3499984741211,21.709999084472656
2014-08-27,11.779999732971191,164.15762329101562,50.497032165527344,85.7900161743164,123.31999969482422,21.6299991607666
2014-08-28,12.050000190734863,164.06744384765625,50.422061920166016,86.23946380615234,124.0,21.6299991607666
2014-08-29,12.09000015258789,164.53472900390625,50.45955276489258,86.29743957519531,123.86000061035156,21.6299991607666
2014-09-02,12.25,164.45274353027344,50.518741607666016,84.80876922607422,121.6500015258789,21.3700008392334
2014-09-03,12.359999656677246,164.36256408691406,50.389644622802734,85.2809829711914,122.1500015258789,21.1200008392334
2014-09-04,12.640000343322754,164.12481689453125,50.22290802001953,84.24205017089844,121.4800033569336,21.31999969482422
2014-09-05,12.09000015258789,164.8625946044922,50.1637077331543,84.0822525024414,122.05999755859376,21.34000015258789
2014-09-08,12.65999984741211,164.43637084960938,50.11529541015625,84.11856842041016,120.7300033569336,21.34000015258789
2014-09-09,13.5,163.3952178955078,49.884010314941406,84.05320739746094,120.87000274658205,21.34000015258789
2014-09-10,12.880000114440918,164.010009765625,49.90549850463867,83.52278137207031,120.26000213623048,21.34000015258789
2014-09-11,12.800000190734863,164.19863891601562,49.90549850463867,83.2467041015625,119.47000122070312,20.93000030517578
2014-09-12,13.3100004196167,163.23951721191406,49.84635543823242,82.3748779296875,118.37999725341795,20.82999992370605
2014-09-15,14.119999885559082,163.1165313720703,49.75489807128906,82.49838256835938,118.63999938964844,20.82999992370605
2014-09-16,12.729999542236328,164.34622192382812,49.85710144042969,82.16415405273438,118.83000183105467,21.31999969482422
2014-09-17,12.649999618530272,164.56753540039062,50.01848220825195,81.95345306396484,117.54000091552734,21.31999969482422
2014-09-18,12.029999732971191,165.44468688964844,50.034645080566406,82.21498107910156,117.77999877929688,20.899999618530277
2014-09-19,12.109999656677246,165.2956085205078,50.10992431640625,83.26123046875,117.08999633789062,20.770000457763672
2014-09-22,13.6899995803833,164.01904296875,50.01848220825195,83.36294555664062,116.8499984741211,20.489999771118164
2014-09-23,14.93000030517578,163.08013916015625,49.76566696166992,83.87877655029297,117.5999984741211,20.489999771118164
2014-09-24,13.270000457763672,164.35671997070312,49.61509704589844,83.41378021240234,117.0500030517578,20.68000030517578
2014-09-25,15.640000343322754,161.70468139648438,49.27619171142578,84.40190124511719,117.38999938964844,20.479999542236328
2014-09-26,14.850000381469728,162.98953247070312,49.2439079284668,84.2784423828125,117.05999755859376,20.479999542236328
2014-09-29,15.979999542236328,162.69305419921875,49.141719818115234,84.95406341552734,117.02999877929688,20.520000457763672
2014-09-30,16.309999465942383,162.26473999023438,49.459102630615234,84.474609375,116.20999908447266,20.299999237060547
2014-10-01,16.709999084472656,160.0657501220703,49.51364517211914,86.11255645751953,116.7699966430664,20.299999237060547
2014-10-02,16.15999984741211,160.09046936035156,49.61085510253906,85.36241149902344,116.73999786376952,20.299999237060547
2014-10-03,14.550000190734863,161.85296630859375,49.778350830078125,85.72654724121094,114.61000061035156,20.270000457763672
2014-10-06,15.460000038146973,161.66355895996094,49.83235549926758,85.77751922607422,116.02999877929688,20.440000534057617
2014-10-07,17.200000762939453,159.16802978515625,49.64326858520508,86.93566131591797,116.36000061035156,20.43000030517578
2014-10-08,15.109999656677246,161.95179748535156,49.88097381591797,86.95751190185547,117.47000122070312,20.420000076293945
2014-10-09,18.76000022888184,158.73973083496094,49.35159683227539,86.57877349853516,117.63999938964844,20.38999938964844
2014-10-10,21.239999771118164,156.92788696289062,48.95182418823242,87.4382095336914,117.58999633789062,20.350000381469727
2014-10-13,24.63999938964844,154.3500213623047,48.7087516784668,87.96988677978516,118.5199966430664,20.559999465942383
2014-10-14,22.790000915527344,154.58883666992188,48.87083053588867,88.54531860351562,118.58999633789062,20.63999938964844
2014-10-15,25.270000457763672,153.5428466796875,48.88161849975586,89.24449157714844,118.98999786376952,20.200000762939453
2014-10-16,25.200000762939453,153.4111328125,49.15712738037109,88.67638397216797,119.22000122070312,20.059999465942383
2014-10-17,21.989999771118164,155.22305297851562,49.57305145263672,88.18106842041016,118.98999786376952,20.059999465942383
2014-10-20,18.56999969482422,156.7301788330078,49.9295654296875,88.50159454345703,119.8000030517578,20.13999938964844
2014-10-21,16.079999923706055,159.83511352539062,50.33470153808594,87.79509735107422,120.0199966430664,20.489999771118164
2014-10-22,17.8700008392334,158.69859313964844,50.00522613525391,87.88978576660156,119.33999633789062,20.26000022888184
2014-10-23,16.530000686645508,160.54345703125,49.98361587524414,87.11042785644531,118.5199966430664,20.479999542236328
2014-10-24,16.110000610351562,161.77886962890625,50.12402725219727,87.19783782958984,118.3499984741211,20.530000686645508
2014-10-27,16.040000915527344,161.5564727783203,49.91876602172852,87.3580322265625,118.05999755859376,20.5
2014-10-28,14.390000343322754,163.40957641601562,49.99979019165039,86.81182098388672,118.0999984741211,20.84000015258789
2014-10-29,15.149999618530272,163.16246032714844,49.96196746826172,87.00847625732422,116.41000366210938,20.850000381469727
2014-10-30,14.520000457763672,164.2084503173828,49.94038391113281,87.08130645751953,115.19000244140624,20.57999992370605
2014-10-31,14.029999732971191,166.0863037109375,49.98361587524414,86.85549926757812,112.66000366210938,20.51000022888184
2014-11-03,14.729999542236328,166.1768341064453,50.08885192871094,86.85550689697266,112.1500015258789,20.61000061035156
2014-11-04,14.890000343322754,165.60035705566406,49.93150329589844,87.12561798095703,112.22000122070312,20.200000762939453
2014-11-05,14.170000076293944,166.64627075195312,49.92068099975586,87.00154113769531,109.79000091552734,20.200000762939453
2014-11-06,13.670000076293944,167.31341552734375,50.05086517333984,86.4393310546875,109.87999725341795,20.34000015258789
2014-11-07,13.119999885559082,167.46987915039062,50.09968185424805,87.43231201171875,112.97000122070312,20.459999084472656
2014-11-10,12.670000076293944,167.99696350097656,50.12144088745117,86.62919616699219,110.45999908447266,20.290000915527344
2014-11-11,12.920000076293944,168.16165161132812,50.235347747802734,86.68760681152344,112.04000091552734,20.5
2014-11-12,13.020000457763672,167.98049926757812,50.07259750366211,86.61457061767578,111.5,20.5
2014-11-13,13.789999961853027,168.16995239257812,49.86641693115234,86.81900787353516,111.66999816894533,20.06999969482422
2014-11-14,13.3100004196167,168.21112060546875,49.61679458618164,87.24250030517578,114.47000122070312,20.450000762939453
2014-11-17,13.989999771118164,168.31822204589844,49.61141586303711,87.02345275878906,114.0500030517578,20.450000762939453
2014-11-18,13.859999656677246,169.29000854492188,49.513771057128906,87.26438903808594,115.0500030517578,20.450000762939453
2014-11-19,13.960000038146973,169.01824951171875,49.50287628173828,86.70947265625,113.68000030517578,20.3799991607666
2014-11-20,13.579999923706056,169.314697265625,49.50832748413086,87.16217803955078,114.86000061035156,20.270000457763672
2014-11-21,12.899999618530272,170.22068786621094,49.77959442138672,87.6878890991211,115.38999938964844,20.3700008392334
2014-11-24,12.619999885559082,170.69834899902344,49.77418518066406,87.76090240478516,115.11000061035156,20.229999542236328
2014-11-25,12.25,170.5748291015625,49.85555267333984,88.4909896850586,115.37999725341795,20.18000030517578
2014-11-26,12.06999969482422,171.01132202148438,49.92068099975586,88.73191833496094,115.16000366210938,19.88999938964844
2014-11-28,13.329999923706056,170.64895629882812,49.44320297241211,89.43287658691406,112.11000061035156,19.309999465942383
2014-12-01,14.15999984741211,169.4630126953125,48.945579528808594,88.9111328125,116.58000183105467,19.420000076293945
2014-12-02,12.850000381469728,170.55836486816406,49.21264266967773,88.047607421875,115.13999938964844,19.520000457763672
2014-12-03,12.5,171.2172393798828,49.294395446777344,88.39153289794922,116.33000183105467,19.520000457763672
2014-12-04,12.380000114440918,171.02783203125,49.26168823242188,89.1306381225586,115.87999725341795,13.050000190734863
2014-12-05,11.890000343322754,171.30783081054688,49.22354888916016,88.61104583740234,114.43000030517578,19.559999465942383
2014-12-08,14.210000038146973,170.16299438476562,48.97285079956055,89.6941146850586,115.77999877929688,19.5
2014-12-09,15.350000381469728,170.04769897460938,48.945579528808594,90.1551513671875,118.19000244140624,19.670000076293945
2014-12-10,18.530000686645508,167.3217010498047,48.38418197631836,90.81375122070312,117.95999908447266,19.489999771118164
2014-12-11,20.07999992370605,168.16995239257812,48.20976638793945,91.18692779541016,117.69000244140624,19.770000457763672
2014-12-12,21.07999992370605,165.45205688476562,47.55573654174805,92.42365264892578,117.41000366210938,19.790000915527344
2014-12-15,20.420000076293945,164.31549072265625,47.52843475341797,92.23333740234376,114.38999938964844,19.790000915527344
2014-12-16,23.56999969482422,162.9977264404297,47.359500885009766,93.37492370605467,114.9499969482422,19.26000022888184
2014-12-17,19.440000534057617,166.19337463378906,48.3242073059082,92.5334014892578,114.2699966430664,19.26000022888184
2014-12-18,16.809999465942383,170.3030242919922,48.71121597290039,90.88690185546876,115.1500015258789,19.200000762939453
2014-12-19,16.489999771118164,171.02769470214844,49.179969787597656,92.10897827148438,114.7699966430664,19.489999771118164
2014-12-22,15.25,171.81442260742188,49.06005096435547,92.23333740234376,112.5500030517578,19.489999771118164
2014-12-23,14.800000190734863,172.0463104248047,49.234474182128906,90.40396118164062,112.73999786376952,19.239999771118164
2014-12-24,14.369999885559082,172.06283569335938,49.40193557739258,90.89598846435548,112.7699966430664,19.239999771118164
2014-12-26,14.5,172.6177215576172,49.24871444702149,91.23332214355467,114.83000183105467,18.90999984741211
2014-12-29,15.0600004196167,172.8495635986328,49.27606964111328,91.91533660888672,113.66999816894533,19.09000015258789
2014-12-30,15.920000076293944,171.9220733642578,49.17751693725586,92.16466522216795,115.1999969482422,19.26000022888184
2014-12-31,19.200000762939453,170.216064453125,49.04615020751953,92.34063720703124,113.58000183105467,19.020000457763672
2015-01-02,17.790000915527344,170.12496948242188,49.04615020751953,93.36726379394533,114.08000183105467,19.020000457763672
2015-01-05,19.920000076293945,167.05262756347656,48.591835021972656,94.83395385742188,115.8000030517578,19.020000457763672
2015-01-06,21.1200008392334,165.4791259765625,48.405704498291016,96.5426025390625,117.12000274658205,18.739999771118164
2015-01-07,19.309999465942383,167.5412139892578,48.70676803588867,96.35195922851562,116.43000030517578,18.739999771118164
2015-01-08,17.010000228881836,170.51425170898438,49.07355499267578,95.07600402832033,115.94000244140624,18.68000030517578
2015-01-09,17.549999237060547,169.1477813720703,49.3198356628418,96.11726379394533,117.26000213623048,18.61000061035156
2015-01-12,19.600000381469727,167.8227996826172,49.25965118408203,96.6672592163086,118.55999755859376,18.61000061035156
2015-01-13,20.559999465942383,167.3507537841797,49.25965118408203,96.6672592163086,118.16000366210938,18.61000061035156
2015-01-14,21.479999542236328,166.34039306640625,49.144718170166016,97.40062713623048,117.97000122070312,16.920000076293945
2015-01-15,22.38999938964844,164.81666564941406,48.84365463256836,98.93328857421876,120.94000244140624,17.489999771118164
2015-01-16,20.950000762939453,166.9780731201172,49.02973175048828,97.6719741821289,122.5199966430664,17.829999923706055
2015-01-20,19.88999938964844,167.3341522216797,48.942169189453125,98.9699249267578,124.1999969482422,17.56999969482422
2015-01-21,18.850000381469727,168.17889404296875,49.20491409301758,97.82591247558594,124.2300033569336,17.520000457763672
2015-01-22,16.399999618530273,170.67984008789062,49.27061462402344,97.47393035888672,125.2300033569336,17.399999618530273
2015-01-23,16.65999984741211,169.74411010742188,49.27061462402344,98.83060455322266,124.2300033569336,16.90999984741211
2015-01-26,15.520000457763672,170.1415557861328,49.495025634765625,98.52994537353516,122.98999786376952,17.059999465942383
2015-01-27,17.219999313354492,167.89735412597656,49.45670700073242,98.68397521972656,124.4000015258789,16.729999542236328
2015-01-28,20.440000534057617,165.74415588378906,49.35269546508789,100.29725646972656,123.41999816894533,16.75
2015-01-29,18.76000022888184,167.27618408203125,49.527870178222656,99.63726806640624,120.76000213623048,16.68000030517578
2015-01-30,20.96999931335449,165.17269897460938,49.39101409912109,101.40460205078124,123.4499969482422,16.68000030517578
2015-02-02,19.43000030517578,167.21824645996094,49.58064270019531,101.0217742919922,122.41999816894533,11.899999618530272
2015-02-03,17.329999923706055,169.63638305664062,49.86091995239258,98.88343048095705,121.0500030517578,17.34000015258789
2015-02-04,18.32999992370605,168.990478515625,49.652076721191406,99.05242156982422,121.58000183105467,17.34000015258789
2015-02-05,16.850000381469727,170.69644165039062,49.943397521972656,97.96491241455078,121.79000091552734,17.56999969482422
2015-02-06,17.290000915527344,170.22438049316406,49.98181915283203,96.23077392578124,118.63999938964844,17.420000076293945
2015-02-09,18.549999237060547,169.46249389648438,49.86091995239258,96.0764617919922,119.16999816894533,17.520000457763672
2015-02-10,17.229999542236328,171.2678680419922,50.03130340576172,95.31221771240234,118.47000122070312,17.290000915527344
2015-02-11,16.959999084472656,171.36724853515625,50.01482009887695,95.4886245727539,117.06999969482422,17.360000610351562
2015-02-12,15.34000015258789,173.01527404785156,50.00932693481445,95.17266845703124,117.33999633789062,17.700000762939453
2015-02-13,14.6899995803833,173.72743225097656,50.08077621459961,94.19532775878906,117.9800033569336,17.700000762939453
2015-02-17,15.800000190734863,174.00070190429688,50.047813415527344,92.7771987915039,116.01000213623048,17.299999237060547
2015-02-18,15.449999809265137,174.01730346679688,50.21818542480469,93.32827758789062,116.33999633789062,17.6200008392334
2015-02-19,15.289999961853027,173.89312744140625,50.10275650024414,92.7110824584961,115.94000244140624,17.65999984741211
2015-02-20,14.300000190734863,174.9364471435547,50.24020767211914,92.9829330444336,115.27999877929688,17.540000915527344
2015-02-23,14.5600004196167,174.9116668701172,50.27862548828125,94.04837799072266,115.43000030517578,17.450000762939453
2015-02-24,13.6899995803833,175.4085693359375,50.32809448242188,95.28284454345705,115.26000213623048,17.450000762939453
2015-02-25,13.84000015258789,175.2594757080078,50.49298095703125,95.6943359375,115.6999969482422,17.979999542236328
2015-02-26,13.90999984741211,175.05245971679688,50.48197555541992,94.38640594482422,116.06999969482422,18.559999465942383
2015-02-27,13.34000015258789,174.45620727539062,50.49298095703125,95.17998504638672,116.16000366210938,17.979999542236328
2015-03-02,13.039999961853027,175.5576629638672,50.48360061645508,93.40711212158205,115.68000030517578,17.979999542236328
2015-03-03,13.859999656677246,174.83709716796875,50.34010314941406,93.06847381591795,115.47000122070312,17.979999542236328
2015-03-04,14.229999542236328,174.10008239746094,50.24623489379883,93.0979232788086,115.11000061035156,17.979999542236328
2015-03-05,14.039999961853027,174.29051208496094,50.34010314941406,92.9801025390625,115.0,18.020000457763672
2015-03-06,15.199999809265137,171.8392333984375,50.01993560791016,90.92598724365234,111.86000061035156,17.65999984741211
2015-03-09,15.0600004196167,172.55145263671875,49.9150505065918,91.76531219482422,111.97000122070312,18.049999237060547
2015-03-10,16.690000534057617,169.75230407714844,49.72185134887695,92.97274017333984,111.41999816894533,17.6200008392334
2015-03-11,16.8700008392334,169.35484313964844,49.859859466552734,93.65007781982422,110.75,17.690000534057617
2015-03-12,15.420000076293944,171.50804138183594,49.9592170715332,93.5838394165039,110.72000122070312,17.690000534057617
2015-03-13,16.0,170.45628356933594,49.78812026977539,93.29669952392578,110.87999725341795,18.09000015258789
2015-03-16,15.609999656677246,172.7336883544922,49.73844146728516,94.19493103027344,110.80999755859376,18.09000015258789
2015-03-17,15.65999984741211,172.22021484375,49.49005889892578,94.97532653808594,110.20999908447266,17.90999984741211
2015-03-18,13.970000267028809,174.29051208496094,49.931640625,96.80860900878906,112.37000274658205,17.520000457763672
2015-03-19,14.06999969482422,173.4955596923828,49.534210205078125,96.31524658203124,112.29000091552734,17.520000457763672
2015-03-20,13.020000457763672,175.02694702148438,49.92060852050781,96.82327270507812,113.56999969482422,18.290000915527344
2015-03-23,13.40999984741211,174.68589782714844,49.9592170715332,96.7055206298828,114.29000091552734,19.46999931335449
2015-03-24,13.619999885559082,173.70431518554688,50.03651809692383,97.64051055908205,114.56999969482422,18.86000061035156
2015-03-25,15.4399995803833,171.158935546875,49.904029846191406,96.81591033935548,114.7300033569336,18.86000061035156
2015-03-26,15.800000190734863,170.75128173828125,49.898529052734375,95.30660247802734,115.4800033569336,19.059999465942383
2015-03-27,15.06999969482422,171.14227294921875,49.93716430664063,96.4919662475586,115.05999755859376,19.059999465942383
2015-03-30,14.510000228881836,173.23020935058594,50.07513046264648,96.01343536376952,113.75,18.799999237060547
2015-03-31,15.289999961853027,171.71627807617188,50.014434814453125,96.21961975097656,113.66000366210938,18.59000015258789
2015-04-01,15.109999656677246,171.1090087890625,50.11757659912109,97.48345184326172,115.5999984741211,18.43000030517578
2015-04-02,14.670000076293944,171.72454833984375,50.15638732910156,96.45047760009766,115.27999877929688,18.43000030517578
2015-04-06,14.739999771118164,172.88082885742188,50.28390884399414,95.91187286376952,116.69000244140624,18.43000030517578
2015-04-07,14.779999732971191,172.42327880859375,50.55001831054688,96.71613311767578,116.11000061035156,18.65999984741211
2015-04-08,13.979999542236328,173.005615234375,50.538944244384766,96.74559020996094,115.47000122070312,18.440000534057617
2015-04-09,13.09000015258789,173.77081298828125,50.48903274536133,95.49137878417967,114.66999816894533,18.440000534057617
2015-04-10,12.579999923706056,174.71913146972656,50.6054801940918,95.6315460205078,115.97000122070312,18.549999237060547
2015-04-13,13.9399995803833,173.92897033691406,50.51121520996094,95.76431274414062,115.13999938964844,18.440000534057617
2015-04-14,13.670000076293944,174.26174926757812,50.53339767456055,96.44310760498048,114.44000244140624,17.979999542236328
2015-04-15,12.84000015258789,175.0435791015625,50.7330322265625,96.36193084716795,115.43000030517578,18.270000457763672
2015-04-16,12.600000381469728,174.99366760253906,50.62764739990234,95.88243865966795,115.02999877929688,18.65999984741211
2015-04-17,13.890000343322754,172.9806365966797,50.4724235534668,96.98171997070312,115.5999984741211,18.65999984741211
2015-04-20,13.300000190734863,174.5611572265625,50.58329391479492,96.12589263916016,114.72000122070312,18.459999084472656
2015-04-21,13.25,174.35317993164062,50.6165885925293,95.69053649902344,115.37999725341795,18.209999084472656
2015-04-22,12.710000038146973,175.21002197265625,50.566654205322266,94.22975158691406,113.83000183105467,18.049999237060547
2015-04-23,12.479999542236328,175.65081787109375,50.55001831054688,94.63551330566406,114.66000366210938,18.36000061035156
2015-04-24,12.289999961853027,176.05838012695312,50.63321304321289,95.22579193115234,113.0500030517578,18.36000061035156
2015-04-27,13.119999885559082,175.32647705078125,50.64984893798828,95.22579193115234,115.33000183105467,18.75
2015-04-28,12.40999984741211,175.8837432861328,50.57221221923828,93.91255950927734,116.33000183105467,18.75
2015-04-29,13.390000343322754,175.1601104736328,50.47794723510742,92.76158142089844,115.51000213623048,18.850000381469727
2015-04-30,14.550000190734863,173.40484619140625,50.45024108886719,92.92386627197266,113.47000122070312,19.3700008392334
2015-05-01,12.699999809265137,175.2848358154297,50.562744140625,91.67301940917967,113.08000183105467,19.850000381469727
2015-05-04,12.850000381469728,175.783935546875,50.55158615112305,90.80802917480467,114.0999984741211,19.63999938964844
2015-05-05,14.3100004196167,173.77081298828125,50.48476791381836,90.68234252929688,114.41999816894533,19.790000915527344
2015-05-06,15.149999618530272,173.05548095703125,50.33439254760742,89.12983703613281,114.36000061035156,19.65999984741211
2015-05-07,15.130000114440918,173.7458953857422,50.32882690429688,90.32746124267578,113.41999816894533,19.63999938964844
2015-05-08,12.859999656677246,176.0334930419922,50.724239349365234,90.57144927978516,113.97000122070312,19.63999938964844
2015-05-11,13.850000381469728,175.1933135986328,50.40678024291992,88.3683090209961,113.52999877929688,19.63999938964844
2015-05-12,13.859999656677246,174.66929626464844,50.40123748779297,88.59750366210938,114.5,19.709999084472656
2015-05-13,13.760000228881836,174.7025146484375,50.32882690429688,87.88775634765625,116.5500030517578,19.71999931335449
2015-05-14,12.739999771118164,176.52427673339844,50.5738525390625,88.12432861328125,117.18000030517578,19.709999084472656
2015-05-15,12.380000114440918,176.71556091308594,50.68527603149414,89.89127349853516,117.52999877929688,19.709999084472656
2015-05-18,12.729999542236328,177.26458740234375,50.60169982910156,88.38314056396484,117.5199966430664,19.65999984741211
2015-05-19,12.850000381469728,177.20639038085938,50.52375030517578,87.59944152832031,115.88999938964844,19.100000381469727
2015-05-20,12.880000114440918,177.08163452148438,50.46248245239258,87.74732208251953,116.08000183105467,19.030000686645508
2015-05-21,12.109999656677246,177.5973358154297,50.53489303588867,88.97454071044922,115.69000244140624,19.309999465942383
2015-05-22,12.130000114440918,177.17311096191406,50.5738525390625,89.01153564453125,115.5999984741211,18.8799991607666
2015-05-26,14.0600004196167,175.26817321777344,50.46806335449219,90.53449249267578,113.91000366210938,18.8799991607666
2015-05-27,13.270000457763672,176.93186950683594,50.57945251464844,90.74143981933594,113.88999938964844,18.899999618530277
2015-05-28,13.3100004196167,176.7322540283203,50.557167053222656,90.51969146728516,114.0199966430664,18.899999618530277
2015-05-29,13.84000015258789,175.63418579101562,50.62956237792969,90.71930694580078,114.0999984741211,18.5
2015-06-01,13.970000267028809,175.9918975830078,50.71458435058594,89.74429321289062,114.0,18.5
2015-06-02,14.239999771118164,175.8172149658203,50.61943435668945,88.49219512939453,114.45999908447266,18.5
2015-06-03,13.65999984741211,176.28298950195312,50.34539031982422,87.06965637207031,113.63999938964844,18.479999542236328
2015-06-04,14.710000038146973,174.79405212402344,50.183135986328125,88.20326232910156,112.83999633789062,18.1299991607666
2015-06-05,14.210000038146973,174.4945831298828,50.03211975097656,87.12890625,112.23999786376952,18.1299991607666
2015-06-08,15.289999961853027,173.4214630126953,50.03211975097656,87.03265380859375,112.56999969482422,18.1299991607666
2015-06-09,14.470000267028809,173.3965606689453,49.94820785522461,86.34361267089844,112.81999969482422,18.450000762939453
2015-06-10,13.220000267028809,175.47610473632812,50.015323638916016,85.5878677368164,113.77999877929688,18.450000762939453
2015-06-11,12.850000381469728,176.0417938232422,50.11599349975586,87.38825988769531,113.26000213623048,18.450000762939453
2015-06-12,13.779999732971191,174.6942138671875,49.93141555786133,87.38825988769531,113.2300033569336,18.450000762939453
2015-06-15,15.390000343322754,173.94557189941406,49.69649505615234,87.529052734375,113.7300033569336,17.829999923706055
2015-06-16,14.8100004196167,174.89393615722656,49.976192474365234,88.21805572509766,113.31999969482422,17.829999923706055
2015-06-17,14.5,175.17666625976562,49.93141555786133,87.53643035888672,113.8499984741211,17.829999923706055
2015-06-18,13.1899995803833,176.99838256835938,50.11599349975586,87.10671997070312,115.31999969482422,17.829999923706055
2015-06-19,13.960000038146973,176.21263122558594,50.14399719238281,88.2254638671875,115.12000274658205,16.959999084472656
2015-06-22,12.739999771118164,177.1154327392578,50.24467468261719,86.42510986328125,113.63999938964844,17.040000915527344
2015-06-23,12.109999656677246,177.24081420898438,50.21111679077149,85.90644836425781,112.88999938964844,17.600000381469727
2015-06-24,13.260000228881836,175.9535675048828,50.07688522338867,86.64730072021484,112.58999633789062,17.610000610351562
2015-06-25,14.010000228881836,175.4185791015625,49.92584609985352,86.34361267089844,112.44000244140624,17.610000610351562
2015-06-26,14.020000457763672,175.38516235351562,49.78038787841797,85.37303161621094,112.55999755859376,19.299999237060547
2015-06-29,18.850000381469727,171.70724487304688,49.43916702270508,87.63275909423828,113.06999969482422,19.299999237060547
2015-06-30,18.229999542236328,172.06668090820312,49.67408752441406,87.02523803710938,112.37000274658205,17.690000534057617
2015-07-01,16.09000015258789,173.44590759277344,49.68254852294922,85.85055541992188,111.9800033569336,17.809999465942383
2015-07-02,16.790000915527344,173.2870635986328,49.86796188354492,86.1326904296875,111.76000213623048,17.850000381469727
2015-07-06,17.010000228881836,172.79396057128906,49.70500564575195,87.7291259765625,112.05999755859376,17.110000610351562
2015-07-07,16.09000015258789,173.88055419921875,49.74433517456055,88.55328369140625,110.76000213623048,16.579999923706055
2015-07-08,19.65999984741211,170.9633331298828,49.497108459472656,89.31816101074219,111.08999633789062,16.889999389648438
2015-07-09,19.96999931335449,171.27261352539062,49.6095085144043,87.55831146240234,111.36000061035156,17.200000762939453
2015-07-10,16.829999923706055,173.4291534423828,49.89603042602539,86.16987609863281,111.48999786376952,17.09000015258789
2015-07-13,13.899999618530272,175.3433380126953,49.94102478027344,85.90251922607422,110.98999786376952,17.200000762939453
2015-07-14,13.369999885559082,176.10400390625,49.89043045043945,86.18465423583984,110.73999786376952,17.15999984741211
2015-07-15,13.229999542236328,176.0454864501953,49.89043045043945,87.09799194335938,110.16000366210938,17.15999984741211
2015-07-16,12.109999656677246,177.4581298828125,49.9691047668457,87.69943237304688,109.76000213623048,17.0
2015-07-17,11.949999809265137,177.6085968017578,49.83424758911133,88.15235900878906,108.6500015258789,16.850000381469727
2015-07-20,12.25,177.70050048828125,49.60387802124024,87.7811279296875,105.6999969482422,16.6200008392334
2015-07-21,12.220000267028809,176.99835205078125,49.51395034790039,88.25630950927734,105.37000274658205,16.65999984741211
2015-07-22,12.119999885559082,176.68075561523438,49.19368743896485,88.8057632446289,104.8000030517578,16.399999618530273
2015-07-23,12.640000343322754,175.68609619140625,49.165618896484375,89.91215515136719,104.33000183105467,16.100000381469727
2015-07-24,13.739999771118164,173.86387634277344,49.02510070800781,90.13491821289062,105.3499984741211,16.100000381469727
2015-07-27,15.600000381469728,172.85240173339844,48.81722640991211,90.61753845214844,104.86000061035156,15.899999618530272
2015-07-28,13.4399995803833,174.9755401611328,49.08129119873047,89.95673370361328,105.0199966430664,16.239999771118164
2015-07-29,12.5,176.17926025390625,49.36788177490234,89.62258911132812,105.16999816894533,16.149999618530273
2015-07-30,12.130000114440918,176.22103881835938,49.51395034790039,90.31314849853516,104.2699966430664,16.149999618530273
2015-07-31,12.119999885559082,175.9535675048828,49.4296875,90.98138427734376,104.93000030517578,16.149999618530273
2015-08-03,12.5600004196167,175.3600616455078,49.33710861206055,91.93909454345705,104.0999984741211,15.850000381469728
2015-08-04,13.0,175.01731872558594,49.36534118652344,91.20982360839844,104.30999755859376,15.850000381469728
2015-08-05,12.510000228881836,175.59422302246094,49.297611236572266,90.52517700195312,103.93000030517578,15.770000457763672
2015-08-06,13.770000457763672,174.15640258789062,49.094383239746094,91.32891845703124,104.38999938964844,15.859999656677246
2015-08-07,13.390000343322754,173.8220672607422,48.9420280456543,92.52698516845705,104.6500015258789,15.729999542236328
2015-08-10,12.229999542236328,176.0120849609375,49.083126068115234,91.3810043334961,105.72000122070312,15.729999542236328
2015-08-11,13.710000038146973,174.4239044189453,48.85737228393555,92.8320770263672,106.26000213623048,15.779999732971191
2015-08-12,13.609999656677246,174.63287353515625,48.78959655761719,92.32603454589844,107.75,15.850000381469728
2015-08-13,13.489999771118164,174.41555786132812,48.72754669189453,92.02838897705078,106.86000061035156,15.850000381469728
2015-08-14,12.829999923706056,175.05081176757812,48.75574493408203,92.2441864013672,106.8499984741211,15.729999542236328
2015-08-17,13.020000457763672,176.0287628173828,48.75574493408203,92.6609115600586,107.12999725341795,15.5600004196167
2015-08-18,13.789999961853027,175.51895141601562,48.69364929199219,91.93163299560548,107.11000061035156,15.300000190734863
2015-08-19,15.25,174.13133239746094,48.64851379394531,92.8395004272461,108.5500030517578,15.31999969482422
2015-08-20,19.13999938964844,170.49525451660156,48.41144561767578,93.77713775634766,110.44000244140624,15.579999923706056
2015-08-21,28.030000686645508,165.36288452148438,48.23648452758789,94.05986785888672,111.12999725341795,15.420000076293944
2015-08-24,40.7400016784668,158.3999481201172,47.84136962890625,94.03013610839844,110.52999877929688,14.989999771118164
2015-08-25,36.02000045776367,156.5359649658203,47.93730163574219,92.5195083618164,109.16000366210938,15.4399995803833
2015-08-26,30.31999969482422,162.5460205078125,48.33808517456055,90.73356628417967,107.66999816894533,15.039999961853027
2015-08-27,26.100000381469727,166.5666046142578,48.69931411743164,90.78565979003906,107.7300033569336,15.649999618530272
2015-08-28,26.049999237060547,166.57492065429688,48.74449920654297,91.05357360839844,108.6999969482422,15.789999961853027
2015-08-31,28.43000030517578,165.22915649414062,48.67675018310547,90.35405731201172,108.81999969482422,15.739999771118164
2015-09-01,31.399999618530277,160.29747009277344,48.51969909667969,91.005126953125,109.1999969482422,15.4399995803833
2015-09-02,26.09000015258789,163.34010314941406,48.71811294555664,90.2220230102539,108.62000274658205,15.609999656677246
2015-09-03,25.61000061035156,163.4571075439453,48.786170959472656,90.66207122802734,107.83999633789062,15.93000030517578
2015-09-04,27.799999237060547,160.98289489746094,48.735137939453125,91.48987579345705,107.48999786376952,15.59000015258789
2015-09-08,24.899999618530277,165.0285186767578,49.001583099365234,90.14002990722656,107.5199966430664,16.280000686645508
2015-09-09,26.229999542236328,162.82180786132812,48.93924331665039,90.5725555419922,106.12999725341795,16.270000457763672
2015-09-10,24.3700008392334,163.70782470703125,49.05831146240234,89.9610595703125,106.37999725341795,16.360000610351562
2015-09-11,23.200000762939453,164.45181274414062,49.041282653808594,90.5277862548828,106.16000366210938,16.360000610351562
2015-09-14,24.25,163.8415985107422,48.95622253417969,90.66952514648438,106.22000122070312,16.299999237060547
2015-09-15,22.540000915527344,165.8895263671875,48.94490432739258,88.93189239501953,105.9000015258789,16.06999969482422
2015-09-16,21.350000381469727,167.32725524902344,48.76915740966797,88.59637451171875,107.30999755859376,16.06999969482422
2015-09-17,21.13999938964844,166.95108032226562,48.80883026123047,89.67768096923828,108.41000366210938,16.600000381469727
2015-09-18,22.280000686645508,164.2228546142578,48.672760009765625,91.05730438232422,109.20999908447266,15.920000076293944
2015-09-21,20.13999938964844,165.0714569091797,48.58205032348633,89.5732421875,108.52999877929688,16.06999969482422
2015-09-22,22.440000534057617,162.92892456054688,48.23054885864258,90.81864166259766,107.79000091552734,15.479999542236328
2015-09-23,22.1299991607666,162.66845703125,48.14551162719727,90.81126403808594,108.22000122070312,15.479999542236328
2015-09-24,23.46999931335449,162.08029174804688,47.907352447509766,91.43024444580078,110.48999786376952,15.399999618530272
2015-09-25,23.6200008392334,162.0382843017578,47.66360092163086,90.63971710205078,109.80999755859376,15.289999961853027
2015-09-28,27.6299991607666,157.97149658203125,46.93221664428711,92.1908721923828,108.41999816894533,14.989999771118164
2015-09-29,26.82999992370605,158.06398010253906,46.926536560058594,92.45187377929688,107.9800033569336,15.140000343322754
2015-09-30,24.5,161.01321411132812,47.22138977050781,92.13123321533205,106.86000061035156,15.600000381469728
2015-10-01,22.549999237060547,161.43331909179688,46.91830062866211,92.5243148803711,106.7300033569336,15.369999885559082
2015-10-02,20.940000534057617,163.8448028564453,46.96388626098633,93.08477783203124,108.98999786376952,15.640000343322754
2015-10-05,19.540000915527344,166.76034545898438,47.527862548828125,91.82183837890624,108.7699966430664,15.789999961853027
2015-10-06,19.399999618530277,166.18898010253906,47.78989791870117,92.21788024902344,109.86000061035156,15.760000228881836
2015-10-07,18.399999618530277,167.55015563964844,48.2798080444336,91.91151428222656,109.6999969482422,15.75
2015-10-08,17.420000076293945,169.06256103515625,48.47919464111328,91.14175415039062,109.13999938964844,15.739999771118164
2015-10-09,17.079999923706055,169.16342163085938,48.48490524291992,91.38092041015624,110.87000274658205,15.739999771118164
2015-10-12,16.170000076293945,169.32305908203125,48.39375686645508,92.07593536376952,111.30999755859376,16.09000015258789
2015-10-13,17.670000076293945,168.25595092773438,48.2798080444336,92.23285675048828,111.86000061035156,16.0
2015-10-14,18.030000686645508,167.4493408203125,48.24567031860352,93.0399398803711,113.80999755859376,16.0
2015-10-15,16.049999237060547,170.0204315185547,48.35956954956055,92.58407592773438,113.29000091552734,16.0
2015-10-16,15.050000190734863,170.79344177246094,48.58175277709961,92.6140365600586,112.48999786376952,16.1299991607666
2015-10-19,14.979999542236328,170.87745666503906,48.71276092529297,92.35987091064452,112.0199966430664,15.850000381469728
2015-10-20,15.75,170.65902709960938,48.7583122253418,91.7919464111328,112.7300033569336,15.850000381469728
2015-10-21,16.700000762939453,169.60031127929688,48.707069396972656,92.70369720458984,111.7300033569336,15.850000381469728
2015-10-22,14.449999809265137,172.4655303955078,48.72416305541992,92.86061096191406,111.69000244140624,15.850000381469728
2015-10-23,14.460000038146973,174.35598754882812,48.89508056640625,92.06842803955078,111.5,15.850000381469728
2015-10-26,15.289999961853027,173.92747497558594,48.84378433227539,92.68122100830078,111.43000030517578,15.850000381469728
2015-10-27,15.43000030517578,173.59141540527344,48.68431091308594,92.91293334960938,111.68000030517578,15.850000381469728
2015-10-28,14.329999923706056,175.56588745117188,48.8153076171875,92.53929901123048,110.77999877929688,15.850000381469728
2015-10-29,14.609999656677246,175.46519470214844,48.68997573852539,91.0670394897461,109.72000122070312,15.670000076293944
2015-10-30,15.06999969482422,174.7089385986328,48.74693298339844,91.75457763671876,109.3000030517578,15.40999984741211
2015-11-02,14.149999618530272,176.77587890625,48.89802551269531,91.3329620361328,108.58999633789062,15.40999984741211
2015-11-03,14.539999961853027,177.28843688964844,48.94953536987305,90.5839614868164,106.9800033569336,15.550000190734863
2015-11-04,15.510000228881836,176.75070190429688,48.80647277832031,90.68882751464844,105.97000122070312,15.649999618530272
2015-11-05,15.050000190734863,176.57423400878906,48.61762237548828,90.4491958618164,105.63999938964844,15.649999618530272
2015-11-06,14.329999923706056,176.48179626464844,48.3829460144043,89.12351989746094,104.0999984741211,15.649999618530272
2015-11-09,16.520000457763672,174.8349151611328,48.18265151977539,88.62173461914062,104.4000015258789,14.979999542236328
2015-11-10,15.289999961853027,175.23826599121094,48.07390975952149,88.88389587402344,104.18000030517578,14.800000190734863
2015-11-11,16.059999465942383,174.54925537109375,47.95944213867188,88.69670104980469,103.83000183105467,14.800000190734863
2015-11-12,18.3700008392334,172.1125946044922,47.63896560668945,89.12351989746094,103.8499984741211,14.5
2015-11-13,20.07999992370605,170.18006896972656,47.50162506103516,89.6328353881836,103.55999755859376,14.5
2015-11-16,18.15999984741211,172.7679901123047,47.72483444213867,89.55043029785156,103.70999908447266,14.149999618530272
2015-11-17,18.84000015258789,172.64195251464844,47.75915145874024,89.7002182006836,102.33999633789062,14.149999618530272
2015-11-18,16.850000381469727,175.38108825683594,47.85070037841797,89.88746643066406,102.43000030517578,13.81999969482422
2015-11-19,16.989999771118164,175.2298583984375,47.4214973449707,90.4865951538086,103.55999755859376,13.920000076293944
2015-11-20,15.470000267028809,175.86843872070312,47.41002655029297,90.20952606201172,103.08999633789062,13.710000038146973
2015-11-23,15.619999885559082,175.66680908203125,47.36999130249024,90.4865951538086,102.26000213623048,13.4399995803833
2015-11-24,15.93000030517578,175.90200805664062,47.43294143676758,90.47915649414062,102.94000244140624,13.850000381469728
2015-11-25,15.1899995803833,175.87686157226562,47.48447036743164,90.68882751464844,102.45999908447266,13.649999618530272
2015-11-27,15.119999885559082,176.07847595214844,47.55885696411133,90.59900665283205,101.25,13.649999618530272
2015-11-30,16.1299991607666,175.34750366210938,47.53022766113281,90.95843505859376,101.91999816894533,13.6899995803833
2015-12-01,14.670000076293944,177.01953125,47.86836242675781,92.18706512451172,102.27999877929688,13.779999732971191
2015-12-02,15.90999984741211,175.2130889892578,47.770606994628906,92.21707916259766,100.69000244140624,13.630000114440918
2015-12-03,18.11000061035156,172.7595977783203,47.64408493041992,89.71031188964844,101.76000213623048,13.65999984741211
2015-12-04,14.8100004196167,176.12890625,47.53482437133789,90.49836730957033,104.0199966430664,13.81999969482422
2015-12-07,15.84000015258789,175.0618133544922,47.20127868652344,91.37642669677734,102.66999816894533,13.59000015258789
2015-12-08,17.600000381469727,173.88551330566406,46.61471939086914,91.42149353027344,102.83999633789062,13.770000457763672
2015-12-09,19.61000061035156,172.5327606201172,46.856231689453125,91.323974609375,102.63999938964844,13.779999732971191
2015-12-10,19.34000015258789,172.97805786132812,46.66069412231445,91.44403839111328,102.5500030517578,13.789999961853027
2015-12-11,24.38999938964844,169.6255340576172,45.729103088378906,92.8850555419922,103.11000061035156,14.0600004196167
2015-12-14,22.729999542236328,170.48255920410156,45.33234024047852,91.68419647216795,101.79000091552734,14.020000457763672
2015-12-15,20.950000762939453,172.2722625732422,46.07414245605469,91.14385223388672,101.5199966430664,13.710000038146973
2015-12-16,17.860000610351562,174.79295349121094,46.424922943115234,90.94869995117188,102.75,13.859999656677246
2015-12-17,18.940000534057617,172.1294403076172,45.90739822387695,91.97692108154295,100.5,13.630000114440918
2015-12-18,20.700000762939453,169.0629425048828,45.73487854003906,92.48727416992188,102.04000091552734,14.020000457763672
2015-12-21,18.700000762939453,170.45753479003906,45.591121673583984,92.46475219726562,103.1500015258789,14.270000457763672
2015-12-22,16.600000381469727,172.00430297851562,46.143157958984375,91.79680633544922,102.61000061035156,13.960000038146973
2015-12-23,15.56999969482422,174.13427734375,46.43647003173828,91.1063003540039,102.30999755859376,14.100000381469728
2015-12-24,15.739999771118164,173.84689331054688,46.53125381469727,91.62824249267578,103.0500030517578,14.149999618530272
2015-12-28,16.90999984741211,173.4496612548828,46.25378036499024,91.89900970458984,102.2699966430664,13.93000030517578
2015-12-29,16.079999923706055,175.30068969726562,46.51968765258789,90.37224578857422,102.1999969482422,14.239999771118164
2015-12-30,17.290000915527344,174.0582275390625,46.554386138916016,90.28196716308594,101.41999816894533,14.239999771118164
2015-12-31,18.209999084472656,172.31707763671875,46.58329391479492,90.68812561035156,101.45999908447266,14.270000457763672
2016-01-04,20.700000762939453,169.9081268310547,46.30581283569336,91.34246063232422,102.88999938964844,13.859999656677246
2016-01-05,19.34000015258789,170.19554138183594,46.39251327514648,90.97393798828124,103.18000030517578,13.859999656677246
2016-01-06,20.59000015258789,168.0486602783203,46.39251327514648,92.19987487792967,104.66999816894533,13.90999984741211
2016-01-07,24.989999771118164,164.01693725585938,46.0919189453125,92.36527252197266,106.1500015258789,13.449999809265137
2016-01-08,27.01000022888184,162.21652221679688,45.970489501953125,92.77896118164062,105.68000030517578,13.4399995803833
2016-01-11,24.299999237060547,162.37718200683594,45.90113067626953,91.76365661621094,104.73999786376952,13.170000076293944
2016-01-12,22.46999931335449,163.687255859375,45.947391510009766,93.0873031616211,104.20999908447266,13.0600004196167
2016-01-13,25.21999931335449,159.60482788085938,45.43868637084961,94.00492095947266,104.72000122070312,12.989999771118164
2016-01-14,23.950000762939453,162.22496032714844,45.64096832275391,93.12493896484376,103.0199966430664,13.130000114440918
2016-01-15,27.020000457763672,158.74266052246094,45.03977584838867,94.57650756835938,104.08000183105467,12.970000267028809
2016-01-19,26.049999237060547,158.9539337158203,44.88368225097656,94.28313446044922,103.9800033569336,14.390000343322754
2016-01-20,27.59000015258789,156.91697692871094,44.583045959472656,95.27593994140624,105.37000274658205,13.239999771118164
2016-01-21,26.690000534057617,157.79598999023438,44.88368225097656,94.6291275024414,105.48999786376952,13.210000038146973
2016-01-22,22.34000015258789,161.0332489013672,45.57161331176758,94.26810455322266,105.0,13.350000381469728
2016-01-25,24.149999618530277,158.59896850585938,45.12070083618164,94.77955627441406,106.08000183105467,13.279999732971191
2016-01-26,22.5,160.76275634765625,45.52537155151367,94.82467651367188,107.29000091552734,13.470000267028809
2016-01-27,23.11000061035156,159.0130615234375,45.455997467041016,94.80209350585938,107.69000244140624,13.619999885559082
2016-01-28,22.420000076293945,159.8414306640625,45.68719482421875,94.93749237060548,106.54000091552734,13.619999885559082
2016-01-29,20.200000762939453,163.73793029785156,45.83753204345703,95.74224853515624,106.9499969482422,13.619999885559082
2016-02-01,19.979999542236328,163.67881774902344,45.5650634765625,95.44913482666016,108.0500030517578,13.720000267028809
2016-02-02,21.979999542236328,160.7289581298828,45.23973083496094,97.21989440917967,108.08999633789062,13.5600004196167
2016-02-03,21.649999618530277,161.6925048828125,45.46050262451172,96.41366577148438,109.25,13.5600004196167
2016-02-04,21.84000015258789,161.94606018066406,45.31526565551758,96.8808364868164,110.56999969482422,14.09000015258789
2016-02-05,23.3799991607666,158.86102294921875,44.9666633605957,96.99388122558594,112.31999969482422,13.850000381469728
2016-02-08,26.0,156.7225341796875,44.44381332397461,99.0811767578125,113.83000183105467,13.890000343322754
2016-02-09,26.540000915527344,156.73098754882812,44.27532577514648,99.18657684326172,113.58000183105467,13.510000228881836
2016-02-10,26.290000915527344,156.5957794189453,44.21142578125,100.06071472167967,114.45999908447266,13.220000267028809
2016-02-11,28.13999938964844,154.55877685546875,43.915130615234375,100.76145935058594,119.05999755859376,13.380000114440918
2016-02-12,25.399999618530277,157.74526977539062,44.57164001464844,99.08863067626952,118.36000061035156,13.489999771118164
2016-02-16,24.11000061035156,160.4077606201172,44.612300872802734,98.04122924804688,114.7699966430664,13.489999771118164
2016-02-17,22.309999465942383,163.02801513671875,44.97828674316406,97.43844604492188,115.4800033569336,13.829999923706056
2016-02-18,21.63999938964844,162.3602294921875,45.01897048950195,98.63654327392578,118.29000091552734,13.81999969482422
2016-02-19,20.530000686645508,162.28419494628906,45.10609436035156,98.7194366455078,117.58000183105467,13.789999961853027
2016-02-22,19.3799991607666,164.6339569091797,45.495361328125,98.66667938232422,115.48999786376952,14.140000343322754
2016-02-23,20.979999542236328,162.55465698242188,45.40239715576172,99.06603240966795,117.22000122070312,14.0600004196167
2016-02-24,20.71999931335449,163.29844665527344,45.47794723510742,98.87013244628906,117.61000061035156,14.119999885559082
2016-02-25,19.11000061035156,165.27627563476562,45.72194290161133,99.22428131103516,117.91999816894533,13.84000015258789
2016-02-26,19.809999465942383,164.8959197998047,46.02984237670898,98.26727294921876,117.11000061035156,14.100000381469728
2016-02-29,20.549999237060547,163.6027374267578,46.52366256713867,98.6968231201172,118.63999938964844,14.09000015258789
2016-03-01,17.700000762939453,167.44850158691406,47.25896072387695,96.95890808105467,117.7699966430664,14.289999961853027
2016-03-02,17.09000015258789,168.2008056640625,46.9377326965332,97.35906982421876,118.68000030517578,14.460000038146973
2016-03-03,16.700000762939453,168.860107421875,47.095401763916016,97.71383666992188,120.7300033569336,14.68000030517578
2016-03-04,16.860000610351562,169.4094696044922,47.229740142822266,97.08724975585938,120.54000091552734,14.989999771118164
2016-03-07,17.350000381469727,169.54469299316406,47.28813934326172,97.05706787109376,121.13999938964844,15.149999618530272
2016-03-08,18.670000076293945,167.69363403320312,46.95528030395508,98.12908935546876,120.58000183105467,14.779999732971191
2016-03-09,18.34000015258789,168.52197265625,47.07207107543945,97.5326919555664,119.58000183105467,14.90999984741211
2016-03-10,18.049999237060547,168.65719604492188,47.39910888671875,97.132568359375,121.5,14.729999542236328
2016-03-11,16.5,171.3788299560547,47.97145462036133,96.15106201171876,119.41000366210938,14.90999984741211
2016-03-14,16.920000076293945,171.1591033935547,47.83713150024414,96.45308685302734,117.87000274658205,14.9399995803833
2016-03-15,16.84000015258789,170.88018798828125,47.39327239990234,96.54366302490234,117.95999908447266,14.920000076293944
2016-03-16,14.989999771118164,171.86903381347656,47.70863342285156,96.83062744140624,120.58999633789062,15.09000015258789
2016-03-17,14.4399995803833,172.95941162109375,48.012332916259766,97.23070526123048,120.12999725341795,15.300000190734863
2016-03-18,14.020000457763672,173.6390838623047,48.12328720092773,97.43457794189452,119.8000030517578,15.329999923706056
2016-03-21,13.789999961853027,173.88551330566406,48.07073974609375,96.68714904785156,118.95999908447266,15.289999961853027
2016-03-22,14.170000076293944,173.7920379638672,47.94225692749024,96.6644515991211,119.30999755859376,15.25
2016-03-23,14.9399995803833,172.6450653076172,47.7203369140625,97.75919342041016,116.61000061035156,14.850000381469728
2016-03-24,14.739999771118164,172.56861877441406,47.51007080078125,97.79691314697266,116.33000183105467,14.800000190734863
2016-03-28,15.239999771118164,172.67054748535156,47.2939682006836,97.92526245117188,116.5999984741211,14.890000343322754
2016-03-29,13.81999969482422,174.26780700683594,47.47501373291016,98.9520263671875,118.76000213623048,14.699999809265137
2016-03-30,13.5600004196167,175.03237915039062,47.64440155029297,97.91017150878906,117.0999984741211,14.529999732971191
2016-03-31,13.949999809265137,174.6076202392578,47.70863342285156,98.6047134399414,117.63999938964844,14.529999732971191
2016-04-01,13.100000381469728,175.79702758789062,47.7432746887207,98.86197662353516,116.93000030517578,14.40999984741211
2016-04-04,14.119999885559082,175.22779846191406,47.62590789794922,98.92242431640624,116.1500015258789,14.369999885559082
2016-04-05,15.420000076293944,173.47764587402344,47.44987487792969,100.00426483154295,117.66000366210938,14.279999732971191
2016-04-06,14.09000015258789,175.3722381591797,47.84885787963867,99.27799224853516,116.94000244140624,14.210000038146973
2016-04-07,16.15999984741211,173.27371215820312,47.61417388916016,100.50354766845705,118.61000061035156,13.789999961853027
2016-04-08,15.359999656677246,173.74102783203125,47.83128356933594,99.86804962158205,118.43000030517578,13.869999885559082
2016-04-11,16.260000228881836,173.33323669433594,47.89580154418945,99.73946380615234,120.02999877929688,13.90999984741211
2016-04-12,14.850000381469728,174.94747924804688,48.17744064331055,99.05103302001952,120.0500030517578,14.3100004196167
2016-04-13,13.84000015258789,176.71463012695312,48.494285583496094,99.3990707397461,118.7699966430664,14.489999771118164
2016-04-14,13.720000267028809,176.72314453125,48.47666931152344,98.92242431640624,117.11000061035156,14.529999732971191
2016-04-15,13.619999885559082,176.52769470214844,48.4004020690918,99.76976013183594,117.91999816894533,14.390000343322754
2016-04-18,13.350000381469728,177.76812744140625,48.676177978515625,99.33853149414062,117.73999786376952,14.489999771118164
2016-04-19,13.239999771118164,178.32884216308594,48.88153839111328,99.02835083007812,119.58000183105467,14.829999923706056
2016-04-20,13.279999732971191,178.49876403808594,48.97542190551758,97.93896484375,118.97000122070312,14.8100004196167
2016-04-21,13.949999809265137,177.5387420654297,48.82286071777344,97.35648345947266,119.41999816894533,14.989999771118164
2016-04-22,13.220000267028809,177.5387420654297,48.93435287475586,97.10685729980467,117.88999938964844,15.010000228881836
2016-04-25,14.079999923706056,177.23284912109375,48.746612548828125,96.7059097290039,118.2300033569336,14.890000343322754
2016-04-26,13.960000038146973,177.4962158203125,48.91087341308594,96.26705932617188,118.6999969482422,14.890000343322754
2016-04-27,13.770000457763672,177.861572265625,49.19837188720703,97.22785186767578,119.04000091552734,14.75
2016-04-28,15.220000267028809,176.24734497070312,49.11620330810547,97.6287612915039,121.29000091552734,14.789999961853027
2016-04-29,15.699999809265137,175.2958221435547,49.19837188720703,97.87845611572266,123.6500015258789,15.0600004196167
2016-05-02,14.68000030517578,176.6891326904297,49.21724319458008,96.89297485351562,123.23999786376952,15.039999961853027
2016-05-03,15.600000381469728,175.15133666992188,48.89892578125,98.11339569091795,122.95999908447266,14.729999542236328
2016-05-04,16.049999237060547,174.17433166503906,48.71624374389648,98.65166473388672,122.20999908447266,14.510000228881836
2016-05-05,15.90999984741211,174.14039611816406,48.67496109008789,99.31114196777344,122.06999969482422,14.25
2016-05-06,14.720000267028809,174.77761840820312,48.64548110961914,98.88666534423828,123.18000030517578,14.220000267028809
2016-05-09,14.56999969482422,174.92198181152344,48.55707550048828,99.19740295410156,120.6500015258789,14.220000267028809
2016-05-10,13.630000114440918,177.0969696044922,48.96968460083008,99.20500183105467,120.9800033569336,13.869999885559082
2016-05-11,14.6899995803833,175.4402313232422,48.934303283691406,99.76596069335938,122.12000274658205,13.869999885559082
2016-05-12,14.40999984741211,175.4912109375,49.01093292236328,99.31114196777344,121.16000366210938,13.8100004196167
2016-05-13,15.039999961853027,173.96197509765625,48.79284286499024,100.2738800048828,121.70999908447266,13.899999618530272
2016-05-16,14.68000030517578,175.6781005859375,49.063995361328125,99.40969848632812,121.8000030517578,13.869999885559082
2016-05-17,15.56999969482422,174.0384063720703,48.96379470825195,99.5764617919922,122.22000122070312,13.75
2016-05-18,15.949999809265137,174.08941650390625,48.96968460083008,98.15892028808594,120.0999984741211,13.770000457763672
2016-05-19,16.329999923706055,173.4861602783203,48.8341064453125,98.5834503173828,119.87000274658205,13.699999809265137
2016-05-20,15.199999809265137,174.5821533203125,49.00504684448242,98.6592025756836,119.70999908447266,13.609999656677246
2016-05-23,15.81999969482422,174.3443145751953,49.0168571472168,98.87903594970705,119.37000274658205,13.5600004196167
2016-05-24,14.420000076293944,176.6041259765625,49.31153106689453,98.4394073486328,117.3000030517578,13.710000038146973
2016-05-25,13.899999618530272,177.80210876464844,49.38816452026367,98.0679702758789,116.9800033569336,13.9399995803833
2016-05-26,13.43000030517578,177.85304260253906,49.24674224853516,98.57585144042967,116.58000183105467,13.989999771118164
2016-05-27,13.119999885559082,178.61766052246094,49.329227447509766,98.43182373046876,115.62000274658205,13.960000038146973
2016-05-31,14.1899995803833,178.27783203125,49.28205490112305,98.66681671142578,116.05999755859376,13.920000076293944
2016-06-01,14.199999809265137,178.64315795898438,49.36025238037109,99.06712341308594,115.94000244140624,13.75
2016-06-02,13.630000114440918,179.18692016601562,49.37211990356445,99.78113555908205,115.66999816894533,13.760000228881836
2016-06-03,13.470000267028809,178.6516876220703,49.4609375,101.20159912109376,118.87999725341795,13.989999771118164
2016-06-06,13.649999618530272,179.56076049804688,49.68009948730469,100.44959259033205,118.91999816894533,14.039999961853027
2016-06-07,14.050000190734863,179.8411102294922,49.89926528930664,100.69261169433594,118.81999969482422,13.640000343322754
2016-06-08,14.079999923706056,180.4273223876953,50.08875274658203,101.23202514648438,120.58000183105467,13.640000343322754
2016-06-09,14.640000343322754,180.1809234619141,49.89328002929688,101.88526153564452,121.25,13.479999542236328
2016-06-10,17.030000686645508,178.4733123779297,49.65048599243164,102.37896728515624,121.73999786376952,13.479999542236328
2016-06-13,20.96999931335449,177.0969696044922,49.31878662109375,102.83479309082033,122.63999938964844,13.479999542236328
2016-06-14,20.5,176.74864196777344,49.1529426574707,102.75880432128906,122.7699966430664,13.479999542236328
2016-06-15,20.13999938964844,176.50222778320312,49.17665863037109,103.15379333496094,123.68000030517578,13.869999885559082
2016-06-16,19.3700008392334,177.0288848876953,49.2062873840332,103.65509033203124,122.37999725341795,13.869999885559082
2016-06-17,19.40999984741211,176.36968994140625,49.235877990722656,103.00946044921876,123.9499969482422,13.649999618530272
2016-06-20,18.3700008392334,177.50555419921875,49.526100158691406,101.9080581665039,123.20999908447266,13.81999969482422
2016-06-21,18.479999542236328,178.00936889648438,49.71562576293945,101.43709564208984,120.83999633789062,13.979999542236328
2016-06-22,21.170000076293945,177.71905517578125,49.76300811767578,101.60419464111328,120.9000015258789,14.119999885559082
2016-06-23,17.25,180.03335571289062,50.13021469116211,100.44200134277344,120.11000061035156,14.25
2016-06-24,25.76000022888184,173.56851196289062,49.306976318359375,103.13861083984376,126.0,13.90999984741211
2016-06-27,23.850000381469727,170.45997619628906,48.59623336791992,105.71361541748048,126.68000030517578,13.989999771118164
2016-06-28,18.75,173.5343780517578,49.2062873840332,105.93386840820312,125.31999969482422,14.399999618530272
2016-06-29,16.639999389648438,176.48927307128906,49.82815933227539,105.12115478515624,125.83999633789062,14.40999984741211
2016-06-30,15.630000114440918,178.89752197265625,50.16576766967773,105.50853729248048,126.47000122070312,14.5
2016-07-01,14.770000457763672,179.27328491210938,50.265113830566406,106.9734878540039,128.41000366210938,14.739999771118164
2016-07-05,15.579999923706056,177.9837188720703,49.979522705078125,108.31280517578124,129.47000122070312,14.369999885559082
2016-07-06,14.960000038146973,179.05126953125,50.19965744018555,108.4878158569336,130.22999572753906,14.1899995803833
2016-07-07,14.760000228881836,178.9402313232422,50.265113830566406,108.48025512695312,129.74000549316406,13.9399995803833
2016-07-08,13.199999809265137,181.60470581054688,50.93159484863281,109.27928924560548,130.52000427246094,13.9399995803833
2016-07-11,13.539999961853027,182.2452392578125,50.96137619018555,108.32042694091795,129.2899932861328,14.199999809265137
2016-07-12,13.550000190734863,183.56895446777344,51.10417175292969,106.53968048095705,127.1500015258789,14.619999885559082
2016-07-13,13.039999961853027,183.54331970214844,50.95539855957031,107.79532623291016,128.32000732421875,14.800000190734863
2016-07-14,12.81999969482422,184.5681304931641,51.05657196044922,106.22765350341795,127.33000183105467,14.710000038146973
2016-07-15,12.670000076293944,184.3204803466797,50.95539855957031,105.31444549560548,126.83999633789062,15.029999732971191
2016-07-18,12.4399995803833,184.8158416748047,51.1279525756836,105.21550750732422,127.04000091552734,14.8100004196167
2016-07-19,11.970000267028809,184.6279144287109,50.99109649658203,105.80913543701172,127.20999908447266,14.920000076293944
2016-07-20,11.770000457763672,185.3965606689453,51.122032165527344,105.23078155517578,125.38999938964844,14.859999656677246
2016-07-21,12.739999771118164,184.6962127685547,51.05060195922852,105.44381713867188,127.3000030517578,14.869999885559082
2016-07-22,12.020000457763672,185.5246734619141,51.27671813964844,105.62651824951172,126.3499984741211,14.619999885559082
2016-07-25,12.869999885559082,185.0207977294922,51.03274917602539,105.55038452148438,125.47000122070312,14.710000038146973
2016-07-26,13.050000190734863,185.10617065429688,50.83640670776367,105.71781158447266,126.0,14.699999809265137
2016-07-27,12.829999923706056,184.9097595214844,50.99109649658203,107.0343017578125,128.02999877929688,14.5
2016-07-28,12.720000267028809,185.1233062744141,50.77688217163086,106.83647918701172,127.66000366210938,14.59000015258789
2016-07-29,11.869999885559082,185.42210388183597,50.824485778808594,107.72687530517578,128.97999572753906,14.609999656677246
2016-08-01,12.4399995803833,185.26840209960935,50.53939437866211,106.5588607788086,129.22000122070312,14.579999923706056
2016-08-02,13.369999885559082,184.0813751220703,50.46763229370117,105.4610366821289,130.27000427246094,14.489999771118164
2016-08-03,12.859999656677246,184.619384765625,50.69475936889648,105.5220718383789,129.64999389648438,14.550000190734863
2016-08-04,12.420000076293944,184.8158416748047,51.017574310302734,106.31490325927734,129.8699951171875,14.550000190734863
2016-08-05,11.390000343322754,186.32737731933597,51.13113021850586,105.20943450927734,127.5500030517578,14.220000267028809
2016-08-08,11.5,186.2163848876953,51.34033584594727,105.4076690673828,127.44000244140624,14.220000267028809
2016-08-09,11.65999984741211,186.32737731933597,51.51968002319336,106.44445037841795,127.95999908447266,14.210000038146973
2016-08-10,12.050000190734863,185.8661956787109,51.42402648925781,106.85620880126952,128.55999755859375,14.399999618530272
2016-08-11,11.68000030517578,186.7287750244141,51.54952621459961,105.90325164794922,127.66999816894533,14.40999984741211
2016-08-12,11.550000190734863,186.56658935546875,51.59139633178711,106.7951889038086,127.4000015258789,14.039999961853027
2016-08-15,11.8100004196167,187.10455322265625,51.74679565429688,105.78887176513672,127.83999633789062,14.1899995803833
2016-08-16,12.640000343322754,186.1395263671875,51.63920593261719,105.50679779052734,128.47000122070312,14.31999969482422
2016-08-17,12.1899995803833,186.48968505859372,51.71092987060547,106.13955688476562,128.5,14.31999969482422
2016-08-18,11.43000030517578,186.90814208984372,51.9141845703125,106.30724334716795,129.11000061035156,14.31999969482422
2016-08-19,11.34000015258789,186.6348419189453,51.75875473022461,105.75074768066406,127.97000122070312,14.399999618530272
2016-08-22,12.270000457763672,186.62628173828125,51.675071716308594,106.64276885986328,127.77999877929688,14.09000015258789
2016-08-23,12.380000114440918,187.00205993652344,51.84843826293945,106.75708770751952,127.76000213623048,13.880000114440918
2016-08-24,13.449999809265137,186.04556274414065,51.704959869384766,106.50545501708984,126.33999633789062,13.760000228881836
2016-08-25,13.630000114440918,185.91748046875,51.80061721801758,106.1014633178711,126.2300033569336,13.760000228881836
2016-08-26,13.649999618530272,185.5673370361328,51.740848541259766,105.48394012451172,126.0500030517578,13.649999618530272
2016-08-29,12.9399995803833,186.4811553955078,51.99784469604492,106.8942642211914,126.3000030517578,13.640000343322754
2016-08-30,13.119999885559082,186.17369079589844,52.02775192260742,106.48265838623048,125.02999877929688,13.630000114440918
2016-08-31,13.420000076293944,185.6441802978516,51.82452392578125,106.6351089477539,124.77999877929688,13.699999809265137
2016-09-01,13.479999542236328,185.65272521972656,51.92716979980469,106.7527313232422,125.29000091552734,13.699999809265137
2016-09-02,11.979999542236328,186.48968505859372,52.167293548583984,105.88198852539062,126.56999969482422,13.699999809265137
2016-09-06,12.020000457763672,187.05328369140625,52.227333068847656,106.6534194946289,128.7100067138672,13.90999984741211
2016-09-07,11.9399995803833,187.0362091064453,52.08324813842773,106.57705688476562,128.27000427246094,13.850000381469728
2016-09-08,12.510000228881836,186.6092529296875,51.98719787597656,105.24042510986328,127.58999633789062,13.789999961853027
2016-09-09,17.5,182.14276123046875,51.48892211914063,103.50669860839844,126.75,13.630000114440918
2016-09-12,15.15999984741211,184.7560272216797,51.66902923583984,103.56019592285156,126.58999633789062,13.8100004196167
2016-09-13,17.850000381469727,182.10006713867188,51.272830963134766,102.3839111328125,125.75,13.779999732971191
2016-09-14,18.13999938964844,182.03175354003903,51.260860443115234,102.53672790527344,126.18000030517578,13.779999732971191
2016-09-15,16.299999237060547,183.8507843017578,51.56096267700195,102.09367370605467,125.37000274658205,14.140000343322754
2016-09-16,15.369999885559082,183.1400604248047,51.57299041748047,102.91860961914062,125.05999755859376,14.199999809265137
2016-09-19,15.529999732971191,183.1743927001953,51.60297393798828,102.58252716064452,125.31999969482422,14.170000076293944
2016-09-20,15.920000076293944,183.1830139160156,51.54297637939453,102.94147491455078,125.44000244140624,14.170000076293944
2016-09-21,13.300000190734863,185.2429962158203,51.96918869018555,103.77403259277344,127.2699966430664,14.149999618530272
2016-09-22,12.020000457763672,186.4102783203125,52.14326477050781,104.5988311767578,127.56999969482422,14.390000343322754
2016-09-23,12.289999961853027,185.38890075683597,52.08324813842773,104.49959564208984,127.6500015258789,14.489999771118164
2016-09-26,14.5,183.8868408203125,51.85514068603516,105.16407012939452,127.5500030517578,14.369999885559082
2016-09-27,13.100000381469728,185.0284118652344,52.00521469116211,105.9355239868164,126.62000274658205,14.369999885559082
2016-09-28,12.390000343322754,185.94680786132807,52.3533935546875,105.70638275146484,126.22000122070312,14.300000190734863
2016-09-29,14.020000457763672,184.2644500732422,52.15527725219727,105.97369384765624,126.06999969482422,14.350000381469728
2016-09-30,13.289999961853027,185.6549530029297,52.3834228515625,105.02661895751952,125.63999938964844,14.5
2016-10-03,13.56999969482422,185.2086181640625,52.35084533691406,104.67998504638672,125.31999969482422,14.390000343322754
2016-10-04,13.630000114440918,184.2644500732422,52.26039505004883,103.45573425292967,120.97000122070312,14.220000267028809
2016-10-05,12.989999771118164,185.07989501953125,52.39908218383789,102.9737548828125,120.77999877929688,14.229999542236328
2016-10-06,12.84000015258789,185.2086181640625,52.42922592163086,102.39986419677734,119.66000366210938,14.18000030517578
2016-10-07,13.479999542236328,184.57347106933597,52.54984664916992,102.4687042236328,119.73999786376952,14.279999732971191
2016-10-10,13.380000114440918,185.53482055664065,52.70058822631836,101.86421966552734,120.16000366210938,14.380000114440918
2016-10-11,15.359999656677246,183.19161987304688,52.40512847900391,101.63465118408205,119.5500030517578,14.380000114440918
2016-10-12,15.90999984741211,183.43197631835935,52.38701248168945,101.73416900634766,119.73999786376952,14.380000114440918
2016-10-13,16.690000534057617,182.83106994628903,52.25435256958008,102.11673736572266,120.02999877929688,13.989999771118164
2016-10-14,16.1200008392334,182.92550659179688,52.37492752075195,100.68589782714844,119.36000061035156,13.859999656677246
2016-10-17,16.209999084472656,182.2903289794922,52.302616119384766,101.32860565185548,119.68000030517578,13.84000015258789
2016-10-18,15.279999732971191,183.43197631835935,52.51366424560547,101.65764617919922,120.41999816894533,13.84000015258789
2016-10-19,14.40999984741211,183.9211883544922,52.6644172668457,101.74185943603516,121.11000061035156,13.779999732971191
2016-10-20,13.75,183.57786560058597,52.67041015625,101.8488998413086,120.73999786376952,13.789999961853027
2016-10-21,13.34000015258789,183.66363525390625,52.6824951171875,102.0019760131836,120.83000183105467,13.789999961853027
2016-10-24,13.020000457763672,184.4447326660156,52.71265411376953,101.5581512451172,120.55999755859376,13.699999809265137
2016-10-25,13.460000038146973,183.8267364501953,52.6824951171875,101.82598114013672,121.47000122070312,14.06999969482422
2016-10-26,14.239999771118164,183.45767211914065,52.471439361572266,101.13734436035156,120.79000091552734,14.079999923706056
2016-10-27,15.359999656677246,182.9683837890625,52.27847290039063,100.0355453491211,121.01000213623048,14.199999809265137
2016-10-28,16.190000534057617,182.42767333984372,52.02522277832031,99.81361389160156,121.58000183105467,14.380000114440918
2016-10-31,17.059999465942383,182.436279296875,51.86847305297852,100.42576599121094,121.94000244140624,14.449999809265137
2016-11-01,18.559999465942383,181.1143951416016,51.66617584228516,100.4334487915039,122.7300033569336,14.59000015258789
2016-11-02,19.31999969482422,180.02438354492188,51.43600082397461,100.87043762207033,123.63999938964844,14.539999961853027
2016-11-03,22.07999992370605,179.2003936767578,51.44806671142578,100.09612274169922,124.3000030517578,14.670000076293944
2016-11-04,22.51000022888184,179.00296020507812,51.472354888916016,100.99307250976562,124.38999938964844,14.850000381469728
2016-11-07,18.709999084472656,182.9512481689453,52.19311141967773,100.13443756103516,122.1500015258789,15.15999984741211
2016-11-08,18.739999771118164,183.77525329589844,52.078033447265625,99.7281723022461,121.63999938964844,15.630000114440918
2016-11-09,14.380000114440918,185.72360229492188,51.71458435058594,95.4964599609375,121.55999755859376,16.100000381469727
2016-11-10,14.739999771118164,186.1871490478516,51.03624725341797,94.08587646484376,119.75,16.700000762939453
2016-11-11,14.170000076293944,185.7579498291016,50.557743072509766,93.55696868896484,117.0999984741211,16.549999237060547
2016-11-14,14.479999542236328,185.9038848876953,50.93326568603516,92.99732971191406,116.11000061035156,16.450000762939453
2016-11-15,13.369999885559082,187.35443115234372,51.605587005615234,93.457275390625,117.12000274658205,16.389999389648438
2016-11-16,13.720000267028809,187.00254821777344,51.399635314941406,94.3005599975586,116.7699966430664,16.15999984741211
2016-11-17,13.350000381469728,187.9638214111328,51.26031494140625,92.91295623779295,116.16999816894533,16.3700008392334
2016-11-18,12.850000381469728,187.5432586669922,51.26031494140625,92.64470672607422,115.1500015258789,16.329999923706055
2016-11-21,12.420000076293944,188.95950317382807,51.67221450805664,92.87464904785156,115.58000183105467,16.579999923706055
2016-11-22,12.40999984741211,189.32864379882807,52.05378723144531,92.84400939941406,115.54000091552734,16.760000228881836
2016-11-23,12.43000030517578,189.4315185546875,51.85997772216797,92.48369598388672,113.25,17.200000762939453
2016-11-25,12.34000015258789,190.13540649414065,51.92661666870117,92.6217041015625,112.61000061035156,17.610000610351562
2016-11-28,13.149999618530272,189.24273681640625,51.92055892944336,93.30393981933594,113.8000030517578,17.40999984741211
2016-11-29,12.899999618530272,189.61178588867188,51.85393142700195,93.69495391845705,113.2699966430664,17.110000610351562
2016-11-30,13.329999923706056,189.15692138671875,51.87818145751953,92.17703247070312,111.75,16.889999389648438
2016-12-01,14.06999969482422,188.4615936279297,51.63539505004883,91.2038116455078,111.54000091552734,17.299999237060547
2016-12-02,14.119999885559082,188.55612182617188,51.9456672668457,91.87207794189452,112.13999938964844,17.170000076293945
2016-12-05,12.140000343322754,189.6890563964844,52.07954025268555,91.77223205566406,111.54000091552734,17.520000457763672
2016-12-06,11.789999961853027,190.28985595703125,52.34113693237305,91.7031021118164,111.43000030517578,17.530000686645508
2016-12-07,12.220000267028809,192.77903747558597,52.60275650024414,92.48662567138672,111.83000183105467,17.299999237060547
2016-12-08,12.640000343322754,193.2511138916016,52.5966796875,91.39584350585938,111.56999969482422,17.079999923706055
2016-12-09,11.75,194.4183654785156,52.621002197265625,90.25894927978516,110.4000015258789,17.299999237060547
2016-12-12,12.640000343322754,194.19525146484372,52.547996520996094,90.427978515625,110.81999969482422,17.049999237060547
2016-12-13,12.720000267028809,195.49131774902344,52.67575073242188,90.75057220458984,110.4499969482422,17.010000228881836
2016-12-14,13.1899995803833,193.87767028808597,52.28030776977539,89.73655700683594,108.83000183105467,16.989999771118164
2016-12-15,12.789999961853027,194.6759490966797,52.304649353027344,90.1898422241211,107.33999633789062,16.84000015258789
2016-12-16,12.199999809265137,194.295166015625,52.353328704833984,89.98240661621094,108.0500030517578,16.59000015258789
2016-12-19,11.710000038146973,194.7182464599609,52.48714447021485,90.95028686523438,108.58999633789062,16.209999084472656
2016-12-20,11.449999809265137,195.46934509277344,52.560184478759766,90.4970932006836,107.79000091552734,16.299999237060547
2016-12-21,11.270000457763672,194.9254150390625,52.65144729614258,90.8965072631836,107.8499984741211,16.299999237060547
2016-12-22,11.43000030517578,194.58876037597656,52.76497650146485,90.7340316772461,107.58999633789062,16.389999389648438
2016-12-23,11.4399995803833,194.87368774414065,52.86263656616211,90.91885375976562,107.93000030517578,16.270000457763672
2016-12-27,11.989999771118164,195.35716247558597,52.81380081176758,90.62619018554688,108.55999755859376,16.360000610351562
2016-12-28,12.949999809265137,193.7425994873047,52.74056625366211,91.28853607177734,108.86000061035156,16.290000915527344
2016-12-29,13.369999885559082,193.699462890625,52.81380081176758,91.61199951171876,110.29000091552734,16.260000228881836
2016-12-30,14.039999961853027,192.9914703369141,52.832122802734375,91.7506103515625,109.61000061035156,16.350000381469727
2017-01-03,12.850000381469728,194.46783447265625,53.05189895629883,92.14344024658205,110.47000122070312,16.239999771118164
2017-01-04,11.850000381469728,195.6248016357422,53.33877182006836,92.49768829345705,110.86000061035156,16.639999389648438
2017-01-05,11.670000076293944,195.46934509277344,53.25942993164063,93.94563293457033,112.58000183105467,16.479999542236328
2017-01-06,11.31999969482422,196.16868591308597,53.24722290039063,93.08304595947266,111.75,16.469999313354492
2017-01-09,11.5600004196167,195.52117919921875,53.2349967956543,93.83011627197266,112.66999816894533,16.59000015258789
2017-01-10,11.489999771118164,195.52117919921875,53.2411003112793,93.76849365234376,113.1500015258789,17.040000915527344
2017-01-11,11.260000228881836,196.07374572753903,53.27163696289063,94.08428192138672,113.5,16.889999389648438
2017-01-12,11.539999961853027,195.5815887451172,53.28383255004883,93.87635803222656,113.91000366210938,17.329999923706055
2017-01-13,11.229999542236328,196.0305938720703,53.302154541015625,93.42962646484376,114.20999908447266,17.59000015258789
2017-01-17,11.869999885559082,195.33985900878903,53.24722290039063,94.40774536132812,115.8499984741211,17.1299991607666
2017-01-18,12.479999542236328,195.7715759277344,53.296024322509766,93.1985321044922,114.87000274658205,17.1200008392334
2017-01-19,12.779999732971191,195.0463714599609,53.12510299682617,92.559326171875,114.7699966430664,17.0
2017-01-20,11.539999961853027,195.762939453125,53.22890090942383,92.37450408935548,115.0500030517578,17.139999389648438
2017-01-23,11.770000457763672,195.25352478027344,53.22890090942383,93.29869842529295,115.79000091552734,17.329999923706055
2017-01-24,11.06999969482422,196.5054473876953,53.26552963256836,92.65943908691406,115.2699966430664,17.729999542236328
2017-01-25,10.8100004196167,198.20628356933597,53.45475387573242,91.49649810791016,114.31999969482422,17.729999542236328
2017-01-26,10.630000114440918,197.9990692138672,53.43033599853516,91.80455017089844,113.26000213623048,17.469999313354492
2017-01-27,10.579999923706056,197.68829345703125,53.47916793823242,92.1357650756836,113.48999786376952,17.6200008392334
2017-01-30,11.880000114440918,196.46229553222656,53.36930084228516,91.85848999023438,113.97000122070312,17.420000076293945
2017-01-31,11.989999771118164,196.4449920654297,53.31434631347656,92.49768829345705,115.5500030517578,17.780000686645508
2017-02-01,11.8100004196167,196.522705078125,53.51178359985352,91.92577362060548,115.1999969482422,17.68000030517578
2017-02-02,11.93000030517578,196.6522216796875,53.54243087768555,91.88719177246094,115.83999633789062,17.459999084472656
2017-02-03,10.970000267028809,198.00767517089844,53.63440704345703,91.8486099243164,116.12999725341795,17.139999389648438
2017-02-06,11.369999885559082,197.65370178222656,53.59761047363281,92.40428924560548,117.6999969482422,17.190000534057617
2017-02-07,11.289999961853027,197.66238403320312,53.51791000366211,93.08352661132812,117.45999908447266,17.209999084472656
2017-02-08,11.449999809265137,197.9213714599609,53.554683685302734,94.34933471679688,118.19000244140624,17.510000228881836
2017-02-09,10.880000114440918,199.0955810546875,53.62825393676758,93.26102447509766,117.29000091552734,17.260000228881836
2017-02-10,10.850000381469728,199.8812255859375,53.66505813598633,93.20700073242188,117.5999984741211,18.100000381469727
2017-02-13,11.06999969482422,200.96913146972656,53.74479293823242,92.9137191772461,116.8000030517578,18.26000022888184
2017-02-14,10.739999771118164,201.7720489501953,53.78154373168945,92.2422103881836,116.93000030517578,17.8700008392334
2017-02-15,11.970000267028809,202.82534790039065,53.79991912841797,91.8177490234375,117.4499969482422,18.09000015258789
2017-02-16,11.760000228881836,202.65267944335935,53.75701904296875,92.3194351196289,118.08000183105467,17.829999923706055
2017-02-17,11.489999771118164,202.97210693359372,53.81219482421875,92.8674087524414,117.68000030517578,17.709999084472656
2017-02-21,11.56999969482422,204.18093872070312,53.989994049072266,92.7053451538086,117.75,17.969999313354492
2017-02-22,11.739999771118164,203.9995574951172,54.01451873779297,92.85970306396484,117.91000366210938,17.889999389648438
2017-02-23,11.710000038146973,204.13766479492188,54.06355285644531,93.1375503540039,118.94000244140624,17.309999465942383
2017-02-24,11.470000267028809,204.3967742919922,54.10646438598633,94.17183685302734,119.6999969482422,17.510000228881836
2017-02-27,12.09000015258789,204.71615600585935,54.173927307128906,93.61609649658205,119.12000274658205,17.540000915527344
2017-02-28,12.920000076293944,204.1636199951172,54.13101196289063,93.96344757080078,119.2300033569336,17.59000015258789
2017-03-01,12.539999961853027,207.0213928222656,54.330528259277344,92.3889389038086,119.05999755859376,17.75
2017-03-02,11.8100004196167,205.7176971435547,54.15814208984375,92.05638885498048,117.58000183105467,17.530000686645508
2017-03-03,10.960000038146973,205.84718322753903,54.182716369628906,92.2961196899414,117.51000213623048,17.670000076293945
2017-03-06,11.239999771118164,205.23419189453125,54.01029586791992,91.85533905029295,116.72000122070312,17.350000381469727
2017-03-07,11.449999809265137,204.6212158203125,53.65933990478516,91.57696533203124,115.77999877929688,17.06999969482422
2017-03-08,11.859999656677246,204.2413482666016,53.30216979980469,91.0820541381836,115.05999755859376,16.940000534057617
2017-03-09,12.300000190734863,204.5003204345703,53.16054534912109,90.3551254272461,114.47000122070312,16.90999984741211
2017-03-10,11.65999984741211,205.2169342041016,53.14208221435547,90.67219543457033,114.72000122070312,16.950000762939453
2017-03-13,11.350000381469728,205.320556640625,53.18517303466797,90.09993743896484,114.73999786376952,17.149999618530273
2017-03-14,12.300000190734863,204.53482055664065,53.025089263916016,90.53294372558594,114.12000274658205,17.209999084472656
2017-03-15,11.630000114440918,206.30479431152344,53.75785827636719,91.63884735107422,116.25,17.420000076293945
2017-03-16,11.210000038146973,205.8990173339844,53.60391616821289,91.1748275756836,116.7300033569336,17.389999389648438
2017-03-17,11.279999732971191,205.5374298095703,53.62237930297852,91.7470932006836,116.98999786376952,17.59000015258789
2017-03-20,11.34000015258789,205.31195068359372,53.51770782470703,92.1415023803711,117.51000213623048,17.309999465942383
2017-03-21,12.470000267028809,202.6758575439453,53.13592147827149,92.90704345703124,118.54000091552734,17.059999465942383
2017-03-22,12.8100004196167,203.1527862548828,53.26521682739258,93.27825164794922,118.83000183105467,17.239999771118164
2017-03-23,13.119999885559082,202.93600463867188,53.28369903564453,93.14676666259766,118.66999816894533,17.280000686645508
2017-03-24,12.960000038146973,202.78860473632807,53.46843719482422,93.47933959960938,118.86000061035156,17.200000762939453
2017-03-27,12.5,202.58050537109372,53.413028717041016,93.90464782714844,119.52999877929688,17.1299991607666
2017-03-28,11.529999732971191,204.05462646484372,53.70858383178711,93.27825164794922,119.04000091552734,17.420000076293945
2017-03-29,11.420000076293944,204.2453765869141,53.81942367553711,93.83506774902344,119.33000183105467,17.399999618530273
2017-03-30,11.539999961853027,204.8957672119141,54.0719108581543,93.07720947265624,118.47000122070312,17.43000030517578
2017-03-31,12.369999885559082,204.41883850097656,54.05342483520508,93.3478775024414,118.72000122070312,17.309999465942383
2017-04-03,12.380000114440918,204.0633087158203,54.02435302734375,94.28946685791016,119.3499984741211,17.0
2017-04-04,11.789999961853027,204.1933135986328,54.04293441772461,93.7779312133789,119.62000274658205,17.110000610351562
2017-04-05,12.890000343322754,203.58636474609372,53.99966049194336,94.06466674804688,119.62000274658205,17.510000228881836
2017-04-06,12.390000343322754,204.15869140625,54.0676383972168,93.92520141601562,119.18000030517578,17.360000610351562
2017-04-07,12.869999885559082,203.9505615234375,54.04293441772461,93.5455093383789,119.45999908447266,17.260000228881836
2017-04-10,14.050000190734863,204.07196044921875,54.117130279541016,93.97942352294922,119.45999908447266,17.040000915527344
2017-04-11,15.06999969482422,203.8291473388672,54.01199722290039,94.87065887451172,121.19000244140624,17.059999465942383
2017-04-12,15.770000457763672,202.93600463867188,54.049095153808594,95.389892578125,122.0199966430664,16.639999389648438
2017-04-13,15.960000038146973,201.61795043945312,53.937744140625,95.6843719482422,122.5999984741211,16.75
2017-04-17,14.65999984741211,203.404296875,54.09859085083008,95.389892578125,122.23999786376952,16.940000534057617
2017-04-18,14.420000076293944,202.7972717285156,54.08620071411133,96.63756561279295,122.81999969482422,16.56999969482422
2017-04-19,14.93000030517578,202.4244384765625,54.03672790527344,96.11061096191406,121.7300033569336,16.549999237060547
2017-04-20,14.149999618530272,204.07196044921875,54.21607208251953,95.73861694335938,121.95999908447266,16.639999389648438
2017-04-21,14.630000114440918,203.42160034179688,54.17275619506836,95.73861694335938,122.30999755859376,16.639999389648438
2017-04-24,10.84000015258789,205.65884399414065,54.42632293701172,95.26588439941406,121.4800033569336,16.690000534057617
2017-04-25,10.760000228881836,206.8554534912109,54.52527618408203,94.1189422607422,120.25,16.959999084472656
2017-04-26,10.850000381469728,206.7253875732422,54.47579574584961,94.6381607055664,120.83999633789062,16.940000534057617
2017-04-27,10.359999656677246,206.8988494873047,54.51290893554688,94.60711669921876,120.38999938964844,16.809999465942383
2017-04-28,10.81999969482422,206.44793701171875,54.49434661865234,94.81640625,120.7699966430664,16.899999618530273
2017-05-01,10.109999656677246,206.96823120117188,54.52229690551758,94.02818298339844,119.66999816894533,17.270000457763672
2017-05-02,10.59000015258789,207.04623413085935,54.54091644287109,94.50965881347656,119.6500015258789,17.100000381469727
2017-05-03,10.68000030517578,206.7947998046875,54.59060287475586,94.57183074951172,117.9800033569336,16.399999618530273
2017-05-04,10.460000038146973,207.03753662109372,54.2987060546875,94.1058120727539,116.79000091552734,16.299999237060547
2017-05-05,10.56999969482422,207.8526763916016,54.39188003540039,94.1912612915039,117.01000213623048,16.440000534057617
2017-05-08,9.770000457763672,207.81797790527344,54.45400238037109,93.6787338256836,116.75,16.100000381469727
2017-05-09,9.960000038146973,207.62718200683597,54.41672897338867,93.67096710205078,116.0500030517578,16.1299991607666
2017-05-10,10.210000038146973,208.0000915527344,54.65272903442383,93.562255859375,116.04000091552734,16.270000457763672
2017-05-11,10.600000381469728,207.57521057128903,54.65892791748047,93.562255859375,116.5,16.360000610351562
2017-05-12,10.399999618530272,207.2283477783203,54.640323638916016,94.26895141601562,116.83000183105467,16.420000076293945
2017-05-15,10.420000076293944,208.3729705810547,54.76453399658203,94.01265716552734,117.13999938964844,16.450000762939453
2017-05-16,10.649999618530272,208.18218994140625,54.845245361328125,94.36211395263672,117.6500015258789,16.639999389648438
2017-05-17,15.59000015258789,204.48822021484372,54.60304641723633,95.7366943359375,119.79000091552734,16.530000686645508
2017-05-18,14.65999984741211,205.31195068359372,54.66516876220703,95.84540557861328,118.80999755859376,16.43000030517578
2017-05-19,12.039999961853027,206.6473388671875,54.76453399658203,96.0705795288086,119.4000015258789,16.829999923706055
2017-05-22,10.93000030517578,207.6966094970703,54.93220901489258,95.80657196044922,119.9000015258789,16.850000381469727
2017-05-23,10.720000267028809,208.1561737060547,54.92599868774414,95.16204833984376,119.13999938964844,16.790000915527344
2017-05-24,10.020000457763672,208.6417999267578,55.01914978027344,95.69780731201172,119.61000061035156,16.809999465942383
2017-05-25,9.989999771118164,209.63897705078125,54.97568893432617,95.72889709472656,119.4800033569336,16.8700008392334
2017-05-26,9.8100004196167,209.59555053710935,55.00673294067383,95.89202117919922,120.54000091552734,16.65999984741211
2017-05-30,10.380000114440918,209.4134826660156,55.06261444091797,96.3656768798828,120.13999938964844,16.610000610351562
2017-05-31,10.40999984741211,209.3614501953125,55.05641555786133,96.60643005371094,120.62000274658205,16.760000228881836
2017-06-01,9.890000343322754,211.0263671875,55.21670913696289,96.61654663085938,120.72000122070312,16.850000381469727
2017-06-02,9.75,211.728759765625,55.24787902832031,97.76057434082033,121.61000061035156,16.700000762939453
2017-06-05,10.06999969482422,211.57269287109372,55.19798278808594,97.1535415649414,121.7300033569336,16.600000381469727
2017-06-06,10.449999809265137,210.8963623046875,55.11064147949219,97.68273162841795,123.0999984741211,16.549999237060547
2017-06-07,10.390000343322754,211.28651428222656,54.99837493896485,97.21578979492188,122.4499969482422,16.670000076293945
2017-06-08,10.15999984741211,211.39056396484372,55.04204940795898,96.95896911621094,121.6500015258789,16.850000381469727
2017-06-09,10.699999809265137,211.06976318359372,55.08573913574219,96.81110382080078,120.54000091552734,17.059999465942383
2017-06-12,11.460000038146973,211.0263671875,55.17927169799805,96.77999877929688,120.36000061035156,16.899999618530273
2017-06-13,10.420000076293944,212.05828857421875,55.27907180786133,96.7955093383789,120.4800033569336,16.829999923706055
2017-06-14,10.640000343322754,211.7895050048828,55.28531646728516,98.28975677490234,119.81999969482422,16.829999923706055
2017-06-15,10.899999618530272,211.3819274902344,55.07325744628906,98.13410186767578,119.31999969482422,16.639999389648438
2017-06-16,10.380000114440918,211.42808532714844,54.97969055175781,98.32866668701172,119.33999633789062,16.639999389648438
2017-06-19,10.369999885559082,213.1882781982422,55.14810180664063,98.18856811523438,118.43000030517578,16.799999237060547
2017-06-20,10.859999656677246,211.75050354003903,54.95474624633789,99.06798553466795,118.18000030517578,16.799999237060547
2017-06-21,10.75,211.6982269287109,54.63664245605469,99.27031707763672,118.5199966430664,16.829999923706055
2017-06-22,10.479999542236328,211.60240173339844,54.78635025024414,99.48821258544922,118.91999816894533,16.829999923706055
2017-06-23,10.020000457763672,211.8550567626953,55.01089859008789,99.44149780273438,119.43000030517578,16.989999771118164
2017-06-26,9.899999618530272,211.99449157714844,55.08573913574219,99.81502532958984,118.36000061035156,17.020000457763672
2017-06-27,11.0600004196167,210.28662109375,54.91108322143555,98.74889373779295,118.80999755859376,17.06999969482422
2017-06-28,10.029999732971191,212.16876220703125,55.13563537597656,98.42205047607422,118.9000015258789,17.239999771118164
2017-06-29,11.4399995803833,210.30404663085935,54.99837493896485,97.59711456298828,118.31999969482422,17.239999771118164
2017-06-30,11.18000030517578,210.69615173339844,55.129371643066406,97.37147521972656,118.0199966430664,17.459999084472656
2017-07-03,11.220000267028809,211.05343627929688,55.10245513916016,97.0579071044922,116.08999633789062,17.270000457763672
2017-07-05,11.06999969482422,211.54136657714844,55.05860137939453,97.08131408691406,116.5199966430664,17.1299991607666
2017-07-06,12.539999961853027,209.60694885253903,54.92079925537109,96.27810668945312,116.47000122070312,17.200000762939453
2017-07-07,11.1899995803833,210.9662628173828,54.87067413330078,95.70104217529295,115.27999877929688,17.200000762939453
2017-07-10,11.109999656677246,211.19284057617188,54.93333053588867,95.84141540527344,115.47000122070312,17.049999237060547
2017-07-11,10.890000343322754,211.03599548339844,54.89572525024414,96.0051498413086,115.62000274658205,17.049999237060547
2017-07-12,10.300000190734863,212.6218414306641,55.25279235839844,96.66806030273438,116.02999877929688,17.049999237060547
2017-07-13,9.899999618530272,212.97906494140625,55.296634674072266,96.05976104736328,115.81999969482422,17.049999237060547
2017-07-14,9.510000228881836,213.97250366210935,55.45322799682617,96.17675018310548,116.7699966430664,17.049999237060547
2017-07-17,9.81999969482422,213.9463348388672,55.47199630737305,96.44188690185548,117.29000091552734,17.610000610351562
2017-07-18,9.890000343322754,214.05963134765625,55.497047424316406,97.2840805053711,118.11000061035156,17.649999618530273
2017-07-19,9.789999961853027,215.21849060058597,55.59103393554688,97.32307434082033,118.08000183105467,17.649999618530273
2017-07-20,9.579999923706056,215.3143768310547,55.622352600097656,97.6038055419922,118.23999786376952,17.559999465942383
2017-07-21,9.359999656677246,215.1226806640625,55.5784912109375,98.01714324951172,119.26000213623048,17.520000457763672
2017-07-24,9.43000030517578,215.07046508789065,55.622352600097656,97.63501739501952,119.30999755859376,17.520000457763672
2017-07-25,9.43000030517578,215.5932159423828,55.64737319946289,96.3638916015625,118.91999816894533,18.270000457763672
2017-07-26,9.600000381469728,215.6019287109375,55.72883224487305,96.51983642578124,119.87999725341795,18.56999969482422
2017-07-27,10.109999656677246,215.40155029296875,55.68497467041016,96.04413604736328,119.79000091552734,18.540000915527344
2017-07-28,10.289999961853027,215.1488342285156,55.69124603271485,96.61343383789062,120.69000244140624,18.59000015258789
2017-07-31,10.260000228881836,215.0268096923828,55.69124603271485,96.7304229736328,120.75,18.63999938964844
2017-08-01,10.09000015258789,215.50607299804688,55.74657440185547,97.4095458984375,120.6500015258789,18.56999969482422
2017-08-02,10.279999732971191,215.6106719970703,55.75913619995117,97.46424865722656,120.4000015258789,18.61000061035156
2017-08-03,10.4399995803833,215.1924285888672,55.65224456787109,98.4724349975586,120.58999633789062,18.57999992370605
2017-08-04,10.029999732971191,215.58450317382807,55.66482162475586,97.63621520996094,119.6500015258789,18.6200008392334
2017-08-07,9.93000030517578,215.98536682128903,55.6396598815918,97.74563598632812,119.51000213623048,18.739999771118164
2017-08-08,10.960000038146973,215.45379638671875,55.40064239501953,97.39395904541016,119.86000061035156,18.93000030517578
2017-08-09,11.109999656677246,215.445068359375,55.186798095703125,97.92536163330078,121.30999755859376,18.82999992370605
2017-08-10,16.040000915527344,212.40402221679688,54.834571838378906,98.76162719726562,122.20999908447266,18.729999542236328
2017-08-11,15.510000228881836,212.71774291992188,54.92891693115234,98.8084945678711,122.79000091552734,18.790000915527344
2017-08-14,12.329999923706056,214.826416015625,55.21821594238281,98.30052185058594,121.91999816894533,18.76000022888184
2017-08-15,12.039999961853027,214.80026245117188,55.237098693847656,97.88629150390624,120.9800033569336,18.63999938964844
2017-08-16,11.739999771118164,215.17495727539065,55.2433967590332,98.24579620361328,121.87000274658205,19.190000534057617
2017-08-17,15.550000190734863,211.82020568847656,54.93521499633789,98.98040008544922,122.48999786376952,18.709999084472656
2017-08-18,14.260000228881836,211.4890899658203,55.01701354980469,98.95697021484376,122.3000030517578,18.920000076293945
2017-08-21,13.1899995803833,211.65464782714844,55.073577880859375,99.19927215576172,122.76000213623048,19.239999771118164
2017-08-22,11.350000381469728,213.8679351806641,55.30001068115234,98.81629943847656,122.20999908447266,19.299999237060547
2017-08-23,12.25,213.1011199951172,55.306339263916016,99.48844146728516,122.66999816894533,19.280000686645508
2017-08-24,12.229999542236328,212.6044769287109,55.38811111450195,99.12110137939452,122.29000091552734,19.6299991607666
2017-08-25,11.279999732971191,213.1011199951172,55.48873519897461,99.5040283203125,122.73999786376952,19.6299991607666
2017-08-28,11.31999969482422,213.10983276367188,55.495025634765625,99.44149780273438,124.69000244140624,19.850000381469727
2017-08-29,11.699999809265137,213.35382080078125,55.42583847045898,99.761962890625,124.41999816894533,19.959999084472656
2017-08-30,11.220000267028809,214.3645782470703,55.576786041259766,99.7306671142578,124.36000061035156,19.809999465942383
2017-08-31,10.59000015258789,215.6542510986328,55.72770309448242,100.0276870727539,125.81999969482422,19.799999237060547
2017-09-01,10.130000114440918,215.959228515625,55.78456115722656,99.26258087158205,126.05999755859376,19.950000762939453
2017-09-05,12.229999542236328,214.4081115722656,55.65826034545898,100.836669921875,127.45999908447266,20.040000915527344
2017-09-06,11.630000114440918,215.14010620117188,55.62039566040039,100.21800994873048,126.80999755859376,20.200000762939453
2017-09-07,11.550000190734863,215.11395263671875,55.62667846679688,101.24390411376952,128.1300048828125,20.1299991607666
2017-09-08,12.119999885559082,214.8612518310547,55.449798583984375,101.02457427978516,127.97000122070312,19.5
2017-09-11,10.729999542236328,217.1529998779297,55.62667846679688,99.81859588623048,126.19000244140624,19.729999542236328
2017-09-12,10.579999923706056,217.8849029541016,55.696136474609375,99.29386901855467,126.55999755859376,19.459999084472656
2017-09-13,10.5,217.9894561767578,55.715110778808594,98.90231323242188,125.61000061035156,19.07999992370605
2017-09-14,10.4399995803833,217.91976928710935,55.79087829589844,99.30953216552734,126.16000366210938,18.950000762939453
2017-09-15,10.170000076293944,218.21311950683597,55.841434478759766,99.34870910644533,125.52999877929688,18.950000762939453
2017-09-18,10.149999618530272,218.6772308349609,55.81616973876953,98.77702331542967,124.36000061035156,19.040000915527344
2017-09-19,10.18000030517578,218.89617919921875,55.87299346923828,98.53424835205078,124.62000274658205,19.049999237060547
2017-09-20,9.779999732971191,218.9750061035156,55.86666488647461,98.60472106933594,123.62000274658205,18.979999542236328
2017-09-21,9.670000076293944,218.3883056640625,55.79719543457031,98.54991149902344,122.68000030517578,18.81999969482422
2017-09-22,9.59000015258789,218.43202209472656,55.85404968261719,98.83180236816406,123.23999786376952,18.8799991607666
2017-09-25,10.210000038146973,217.98550415039065,55.8856315612793,99.45050048828124,124.52999877929688,18.82999992370605
2017-09-26,10.170000076293944,218.1168365478516,55.95512771606445,99.27037811279295,123.13999938964844,18.739999771118164
2017-09-27,9.869999885559082,218.96624755859372,55.98035430908203,97.77458190917967,121.9800033569336,18.75
2017-09-28,9.550000190734863,219.2289581298828,55.98035430908203,97.48480987548828,122.20999908447266,18.75
2017-09-29,9.510000228881836,219.99957275390625,56.0624885559082,97.7041015625,121.58000183105467,18.950000762939453
2017-10-02,9.449999809265137,220.95399475097656,56.03392791748047,97.52521514892578,120.7699966430664,18.93000030517578
2017-10-03,9.510000228881836,221.4268951416016,56.13542175292969,97.61936950683594,120.83000183105467,18.93000030517578
2017-10-04,9.630000114440918,221.68966674804688,56.07833099365234,97.62721252441406,121.16999816894533,18.96999931335449
2017-10-05,9.1899995803833,223.0031890869141,56.14810562133789,97.25841522216795,120.5199966430664,19.5
2017-10-06,9.649999618530272,222.74917602539065,56.065650939941406,96.98372650146484,121.08999633789062,19.489999771118164
2017-10-09,10.329999923706056,222.3814239501953,56.07201766967773,97.28981018066406,122.08000183105467,19.51000022888184
2017-10-10,10.079999923706056,222.9680938720703,56.11638641357422,97.44671630859376,122.4000015258789,19.68000030517578
2017-10-11,9.850000381469728,223.31842041015625,56.05929183959961,97.6350326538086,122.79000091552734,19.8700008392334
2017-10-12,9.90999984741211,222.9856719970703,55.99586868286133,98.05093383789062,122.88999938964844,20.049999237060547
2017-10-13,9.609999656677246,223.2571258544922,56.0212516784668,98.75721740722656,123.81999969482422,20.040000915527344
2017-10-16,9.90999984741211,223.5548248291016,56.05297088623047,98.68658447265624,122.97000122070312,20.75
2017-10-17,10.3100004196167,223.7124481201172,56.13542175292969,98.81212615966795,122.12999725341795,20.540000915527344
2017-10-18,10.06999969482422,223.931396484375,56.192481994628906,98.16080474853516,121.66999816894533,20.38999938964844
2017-10-19,10.050000190734863,223.99269104003903,56.198856353759766,98.3334503173828,122.38999938964844,20.3700008392334
2017-10-20,9.970000267028809,225.1485595703125,56.24958419799805,97.28981018066406,121.61000061035156,20.25
2017-10-23,11.06999969482422,224.2729034423828,56.18617630004883,97.46240234375,121.8000030517578,20.399999618530277
2017-10-24,11.15999984741211,224.66696166992188,56.18617630004883,96.85818481445312,121.33000183105467,20.56999969482422
2017-10-25,11.229999542236328,223.5548248291016,56.0275993347168,96.39517211914062,121.3499984741211,20.3799991607666
2017-10-26,11.300000190734863,223.84381103515625,55.95782852172852,96.07347869873048,120.33000183105467,20.43000030517578
2017-10-27,9.800000190734863,225.6739959716797,56.11006927490234,96.7091293334961,120.9000015258789,19.979999542236328
2017-10-30,10.5,224.8333740234375,56.09734344482422,97.6350326538086,121.12999725341795,20.01000022888184
2017-10-31,10.18000030517578,225.18362426757807,56.11006927490234,97.66642761230467,120.66999816894533,19.899999618530277
2017-11-01,10.199999809265137,225.4813690185547,56.05657196044922,98.10128784179688,121.11000061035156,20.07999992370605
2017-11-02,9.93000030517578,225.56890869140625,56.02471160888672,98.53382110595705,121.19000244140624,20.13999938964844
2017-11-03,9.140000343322754,226.3220367431641,56.03107070922852,98.80117797851562,120.62000274658205,20.059999465942383
2017-11-06,9.399999618530272,226.67233276367188,56.037445068359375,99.17076110839844,121.6500015258789,20.34000015258789
2017-11-07,9.890000343322754,226.51467895507807,55.878231048583984,99.58757781982422,121.20999908447266,19.81999969482422
2017-11-08,9.779999732971191,226.89991760253903,55.62985610961914,99.36739349365234,121.62999725341795,19.920000076293945
2017-11-09,10.5,226.076904296875,55.35600280761719,99.08429718017578,122.12999725341795,19.88999938964844
2017-11-10,11.289999961853027,226.0067901611328,55.47698211669922,97.59015655517578,121.12999725341795,19.75
2017-11-13,11.5,226.2169342041016,55.43880462646485,97.79460906982422,121.30999755859376,20.09000015258789
2017-11-14,11.59000015258789,225.69155883789065,55.20315933227539,98.4552001953125,121.55999755859376,19.63999938964844
2017-11-15,13.130000114440918,224.56187438964844,55.20315933227539,99.52462768554688,121.41000366210938,19.649999618530277
2017-11-16,11.760000228881836,226.4709625244141,55.74449920654297,98.65967559814452,121.4000015258789,19.65999984741211
2017-11-17,11.43000030517578,225.8053436279297,55.70627975463867,99.39097595214844,122.86000061035156,19.780000686645508
2017-11-20,10.649999618530272,226.190673828125,55.719032287597656,99.35162353515624,121.30999755859376,19.88999938964844
2017-11-21,9.729999542236328,227.67056274414065,55.83365631103516,99.66622161865234,121.51000213623048,20.149999618530277
2017-11-22,9.880000114440918,227.4692230224609,55.92280197143555,99.98863983154295,122.62999725341795,20.200000762939453
2017-11-24,9.670000076293944,227.99462890625,55.96100234985352,99.71340942382812,122.31999969482422,20.420000076293945
2017-11-27,9.869999885559082,227.88075256347656,55.78907012939453,99.57188415527344,122.83000183105467,20.1299991607666
2017-11-28,10.029999732971191,230.1925506591797,55.96100234985352,99.7055206298828,122.80999755859376,19.81999969482422
2017-11-29,10.699999809265137,230.0524444580078,55.8909912109375,98.72257232666016,122.04000091552734,19.61000061035156
2017-11-30,11.279999732971191,232.0665435791016,55.90372085571289,98.39229583740234,121.0999984741211,19.65999984741211
2017-12-01,11.43000030517578,231.5849609375,55.88579559326172,99.72005462646484,121.58999633789062,19.75
2017-12-04,11.68000030517578,231.30470275878903,55.86660385131836,99.7673110961914,121.18000030517578,19.649999618530277
2017-12-05,11.329999923706056,230.4728240966797,55.83464813232422,100.26377868652344,120.31999969482422,18.8799991607666
2017-12-06,11.020000457763672,230.51657104492188,55.7834587097168,100.61046600341795,120.06999969482422,18.979999542236328
2017-12-07,10.15999984741211,231.2434539794922,55.80905151367188,99.82250213623048,118.48999786376952,18.920000076293945
2017-12-08,9.579999923706056,232.50445556640625,55.86660385131836,99.83039855957033,118.4800033569336,19.049999237060547
2017-12-11,9.34000015258789,233.2049102783203,55.87940216064453,99.62548828125,118.01000213623048,19.21999931335449
2017-12-12,9.920000076293944,233.61656188964844,55.85382080078125,99.58609771728516,118.1500015258789,19.309999465942383
2017-12-13,10.18000030517578,233.59027099609372,55.88579559326172,100.33467864990234,119.16999816894533,19.57999992370605
2017-12-14,10.489999771118164,232.6357421875,55.77068710327149,100.7602081298828,118.93000030517578,19.559999465942383
2017-12-15,9.420000076293944,234.572998046875,55.77705383300781,101.13842010498048,119.18000030517578,20.0
2017-12-18,9.529999732971191,236.06044006347656,55.83464813232422,100.21643829345705,119.7300033569336,20.06999969482422
2017-12-19,10.029999732971191,235.15396118164065,55.719512939453125,98.91629028320312,119.81999969482422,20.059999465942383
2017-12-20,9.720000267028809,235.0306701660156,55.764278411865234,97.8209991455078,120.13999938964844,20.40999984741211
2017-12-21,9.619999885559082,235.5147705078125,55.82270812988281,98.39110565185548,120.30999755859376,20.549999237060547
2017-12-22,9.899999618530272,235.45318603515625,55.87409210205078,98.52532196044922,120.94000244140624,20.700000762939453
2017-12-26,10.25,235.1715240478516,55.95753860473633,98.81754302978516,121.7699966430664,20.88999938964844
2017-12-27,10.470000267028809,235.28599548339844,55.98328399658203,100.10466003417967,122.2300033569336,20.940000534057617
2017-12-28,10.18000030517578,235.77003479003903,55.95753860473633,100.017822265625,122.8499984741211,21.15999984741211
2017-12-29,11.039999961853027,234.88101196289065,56.04109191894531,100.17574310302734,123.6500015258789,21.059999465942383
2018-01-02,9.770000457763672,236.56211853027344,56.092472076416016,99.09392547607422,125.1500015258789,20.920000076293945
2018-01-03,9.149999618530272,238.0584259033203,56.362186431884766,99.56768798828124,124.81999969482422,20.809999465942383
2018-01-04,9.220000267028809,239.0617828369141,56.4585189819336,99.55193328857422,125.45999908447266,20.780000686645508
2018-01-05,9.220000267028809,240.65489196777344,56.49704360961914,99.26765441894533,125.33000183105467,20.6200008392334
2018-01-08,9.520000457763672,241.09503173828125,56.45207595825195,99.20448303222656,125.30999755859376,20.63999938964844
2018-01-09,10.079999923706056,241.6406707763672,56.278717041015625,97.8778076171875,124.7300033569336,20.530000686645508
2018-01-10,9.81999969482422,241.2710723876953,56.15666580200195,97.75940704345705,125.02999877929688,20.649999618530277
2018-01-11,9.880000114440918,243.03143310546875,56.34293365478516,98.16207885742188,125.44000244140624,20.61000061035156
2018-01-12,10.15999984741211,244.6157073974609,56.2465705871582,98.3279266357422,126.95999908447266,20.59000015258789
2018-01-16,11.65999984741211,243.77944946289065,56.21450424194336,98.73854064941406,127.16999816894533,20.51000022888184
2018-01-17,11.90999984741211,246.10321044921875,56.22087478637695,98.60433197021484,126.13999938964844,20.32999992370605
2018-01-18,12.220000267028809,245.68948364257807,56.16310119628906,97.68828582763672,125.86000061035156,20.420000076293945
2018-01-19,11.270000457763672,246.80731201171875,56.22087478637695,97.17504119873048,126.41999816894533,20.34000015258789
2018-01-22,11.029999732971191,248.8141021728516,56.272254943847656,97.26985931396484,126.6500015258789,20.450000762939453
2018-01-23,11.100000381469728,249.3421173095703,56.439247131347656,97.68828582763672,127.27999877929688,19.940000534057617
2018-01-24,11.470000267028809,249.24533081054688,56.35578536987305,97.15924072265624,128.8300018310547,20.600000381469727
2018-01-25,11.579999923706056,249.3509979248047,56.31723785400391,97.9568099975586,127.97000122070312,20.46999931335449
2018-01-26,11.079999923706056,252.2378387451172,56.362186431884766,97.5935287475586,128.07000732421875,20.459999084472656
2018-01-29,13.84000015258789,250.5655670166016,56.16310119628906,96.91445922851562,127.3499984741211,20.43000030517578
2018-01-30,14.789999961853027,247.9955139160156,55.97045516967773,96.34589385986328,126.8000030517578,20.350000381469727
2018-01-31,13.539999961853027,248.1187744140625,56.0667839050293,96.91445922851562,127.6500015258789,20.450000762939453
2018-02-01,13.470000267028809,247.8370513916016,55.96097946166992,95.5098876953125,128.07000732421875,20.520000457763672
2018-02-02,17.309999465942383,242.4416656494141,55.60629653930664,94.6236572265625,126.38999938964844,20.26000022888184
2018-02-05,37.31999969482422,232.30221557617188,55.29671096801758,95.517822265625,126.70999908447266,20.459999084472656
2018-02-06,29.979999542236328,236.87901306152344,55.632080078125,94.92435455322266,125.37999725341795,20.459999084472656
2018-02-07,27.729999542236328,235.59402465820312,55.4256706237793,94.02228546142578,124.79000091552734,19.780000686645508
2018-02-08,33.459999084472656,226.75717163085935,54.942012786865234,93.91944122314452,124.9800033569336,19.6200008392334
2018-02-09,29.059999465942383,230.16336059570312,54.78718566894531,93.32588958740234,124.7699966430664,19.5
2018-02-12,25.61000061035156,233.5432281494141,55.16127014160156,93.7374038696289,125.37000274658205,19.790000915527344
2018-02-13,24.96999931335449,234.1240997314453,54.98714065551758,94.15681457519533,126.08000183105467,20.280000686645508
2018-02-14,19.26000022888184,237.283935546875,55.083892822265625,93.11227416992188,128.22999572753906,20.690000534057617
2018-02-15,19.1299991607666,240.31167602539065,55.52885818481445,93.42877197265624,128.3800048828125,20.700000762939453
2018-02-16,19.459999084472656,240.382080078125,55.75461196899414,93.93521881103516,127.95999908447266,20.649999618530277
2018-02-20,20.600000381469727,238.8770446777344,55.5611686706543,93.52375030517578,126.23999786376952,20.43000030517578
2018-02-21,20.020000457763672,237.68881225585935,55.309600830078125,92.3763656616211,125.66000366210938,20.5
2018-02-22,18.71999931335449,237.9968719482422,55.34831237792969,92.65328979492188,126.3000030517578,20.6200008392334
2018-02-23,16.489999771118164,241.7903594970703,55.715938568115234,93.47624969482422,126.13999938964844,20.540000915527344
2018-02-26,15.800000190734863,244.59803771972656,55.81266784667969,93.50796508789062,126.4499969482422,20.549999237060547
2018-02-27,18.59000015258789,241.54388427734372,55.66434097290039,93.3734130859375,125.12999725341795,20.25
2018-02-28,19.850000381469727,239.09703063964844,55.58050155639648,93.96688079833984,125.0,19.959999084472656
2018-03-01,22.46999931335449,235.620361328125,55.212059020996094,94.60832214355467,124.72000122070312,19.940000534057617
2018-03-02,19.59000015258789,236.8350067138672,55.522857666015625,93.83919525146484,125.38999938964844,19.950000762939453
2018-03-05,18.729999542236328,239.57232666015625,55.522857666015625,93.58551025390624,125.18000030517578,19.84000015258789
2018-03-06,18.36000061035156,240.1796722412109,55.60054397583008,93.6727066040039,126.52999877929688,20.059999465942383
2018-03-07,17.760000228881836,240.0916748046875,55.4645881652832,93.56964111328124,125.72000122070312,19.979999542236328
2018-03-08,16.540000915527344,241.2535095214844,55.52933120727539,94.10882568359376,125.41999816894533,19.61000061035156
2018-03-09,14.640000343322754,245.4518585205078,55.73006820678711,93.4903335571289,125.54000091552734,20.0
2018-03-12,15.779999732971191,245.14376831054688,55.63942337036133,94.02950286865234,125.54000091552734,19.850000381469727
2018-03-13,16.350000381469727,243.55950927734372,55.4645881652832,94.50526428222656,125.77999877929688,19.96999931335449
2018-03-14,17.229999542236328,242.30963134765625,55.39982604980469,95.3377914428711,125.6999969482422,20.1200008392334
2018-03-15,16.59000015258789,242.04562377929688,55.43866729736328,95.3377914428711,124.9000015258789,19.950000762939453
2018-03-16,15.800000190734863,242.30804443359372,55.55525207519531,94.9968490600586,124.5999984741211,19.75
2018-03-19,19.020000457763672,239.02957153320312,55.32859802246094,94.69551849365234,124.87000274658205,19.559999465942383
2018-03-20,18.200000762939453,239.4360809326172,55.43866729736328,94.3149185180664,124.30999755859376,19.3700008392334
2018-03-21,17.860000610351562,238.9764709472656,55.45811462402344,94.41803741455078,126.4800033569336,19.649999618530277
2018-03-22,23.34000015258789,233.0028076171875,55.12788009643555,95.3536605834961,125.9800033569336,19.299999237060547
2018-03-23,24.8700008392334,228.03646850585935,54.98543930053711,95.2822723388672,127.61000061035156,19.049999237060547
2018-03-26,21.030000686645508,234.2753143310547,55.34154891967773,94.91754150390624,128.27999877929688,19.040000915527344
2018-03-27,22.5,230.2898712158203,55.28974533081055,95.93246459960938,127.48999786376952,19.040000915527344
2018-03-28,22.8700008392334,229.60939025878903,55.26384353637695,96.1861801147461,125.7300033569336,19.1200008392334
2018-03-29,19.96999931335449,232.5432891845703,55.45164108276367,96.65396881103516,125.79000091552734,19.200000762939453
2018-04-02,23.6200008392334,227.5239715576172,55.23642349243164,96.84469604492188,127.26000213623048,19.40999984741211
2018-04-03,21.100000381469727,230.44009399414065,55.39244079589844,96.0978012084961,126.3000030517578,19.51000022888184
2018-04-04,20.059999465942383,232.90554809570312,55.51599884033203,95.89911651611328,126.4499969482422,19.200000762939453
2018-04-05,18.940000534057617,234.7436981201172,55.56149291992188,95.18397521972656,125.8000030517578,19.3700008392334
2018-04-06,21.489999771118164,229.5122985839844,55.43797302246094,96.22490692138672,126.38999938964844,19.420000076293945
2018-04-09,21.770000457763672,230.64329528808597,55.64603042602539,96.38382720947266,126.81999969482422,19.549999237060547
2018-04-10,20.46999931335449,234.3106231689453,55.84759521484375,96.20903778076172,127.12000274658205,19.950000762939453
2018-04-11,20.239999771118164,233.0822906494141,55.86708068847656,96.55072021484376,128.11000061035156,19.850000381469727
2018-04-12,18.489999771118164,234.9999084472656,56.068607330322266,95.8435287475586,126.62000274658205,19.5
2018-04-13,17.40999984741211,234.3106231689453,56.10111618041992,96.0660400390625,127.4499969482422,19.559999465942383
2018-04-16,16.559999465942383,236.2371063232422,56.1856575012207,96.0978012084961,127.62999725341795,19.700000762939453
2018-04-17,15.25,238.764404296875,56.21166610717773,96.35999298095705,127.75,19.63999938964844
2018-04-18,15.600000381469728,238.94122314453125,56.15312957763672,95.58924865722656,127.8499984741211,20.149999618530277
2018-04-19,15.960000038146973,237.6156463623047,55.97758483886719,94.81053924560548,127.5999984741211,19.959999084472656
2018-04-20,16.8799991607666,235.600830078125,55.841068267822266,94.127197265625,126.62999725341795,20.020000457763672
2018-04-23,16.34000015258789,235.56546020507807,55.69155883789063,94.15104675292967,125.62000274658205,19.809999465942383
2018-04-24,18.020000457763672,232.39308166503903,55.58101272583008,93.72197723388672,126.2300033569336,20.049999237060547
2018-04-25,17.84000015258789,232.96743774414065,55.58750534057617,93.09426879882812,125.41000366210938,20.0
2018-04-26,16.239999771118164,235.33567810058597,55.7825813293457,93.74578094482422,124.97000122070312,19.920000076293945
2018-04-27,15.40999984741211,235.55661010742188,55.75656127929688,94.46884155273438,125.5,19.530000686645508
2018-04-30,15.93000030517578,233.7451019287109,55.71751022338867,94.6357192993164,124.58999633789062,19.5
2018-05-01,15.489999771118164,234.16043090820312,55.75868225097656,94.29486083984376,123.70999908447266,19.36000061035156
2018-05-02,15.970000267028809,232.58746337890625,55.73907852172852,94.1913833618164,123.6500015258789,19.450000762939453
2018-05-03,15.899999618530272,232.07492065429688,55.73255157470703,94.61344909667967,124.27999877929688,19.61000061035156
2018-05-04,14.770000457763672,235.07948303222656,55.77172470092773,94.75678253173828,124.54000091552734,19.540000915527344
2018-05-07,14.75,235.8748016357422,55.82394409179688,94.60548400878906,124.56999969482422,19.549999237060547
2018-05-08,14.710000038146973,235.8748016357422,55.73907852172852,94.51792907714844,124.58999633789062,19.489999771118164
2018-05-09,13.420000076293944,238.15478515625,55.83046340942383,93.95244598388672,124.33000183105467,19.40999984741211
2018-05-10,13.229999542236328,240.381591796875,55.99373626708984,94.70899200439452,125.18000030517578,19.75
2018-05-11,12.649999618530272,241.11509704589844,55.9741096496582,94.9478759765625,125.0,19.76000022888184
2018-05-14,12.93000030517578,241.22999572753903,55.9871826171875,94.4461898803711,124.48999786376952,19.6200008392334
2018-05-15,14.630000114440918,239.5686187744141,55.71296310424805,93.37117004394533,122.4800033569336,19.36000061035156
2018-05-16,13.420000076293944,240.57601928710935,55.784786224365234,93.0127944946289,122.29000091552734,19.530000686645508
2018-05-17,13.43000030517578,240.3727569580078,55.81744003295898,92.54295349121094,122.36000061035156,19.56999969482422
2018-05-18,13.420000076293944,239.7718811035156,55.75868225097656,93.3393096923828,122.41000366210938,19.56999969482422
2018-05-21,13.079999923706056,241.57452392578125,55.837032318115234,93.38703918457033,122.4800033569336,19.56999969482422
2018-05-22,13.220000267028809,240.9029693603516,55.87620162963867,93.24370574951172,122.41000366210938,19.56999969482422
2018-05-23,12.579999923706056,241.5657196044922,55.92190170288086,93.92057037353516,122.54000091552734,19.489999771118164
2018-05-24,12.529999732971191,241.0708923339844,55.954532623291016,94.66915893554688,123.58999633789062,19.690000534057617
2018-05-25,13.220000267028809,240.49642944335935,55.86313629150391,95.25843811035156,123.20999908447266,19.690000534057617
2018-05-29,17.020000457763672,237.7305603027344,55.62808227539063,97.34489440917967,123.19000244140624,19.420000076293945
2018-05-30,14.9399995803833,240.9029693603516,55.79783630371094,96.6918716430664,123.37000274658205,19.549999237060547
2018-05-31,15.43000030517578,239.42721557617188,55.74560928344727,96.53263854980467,123.0999984741211,19.549999237060547
2018-06-01,13.460000038146973,241.7779083251953,55.87285614013672,96.02254486083984,122.48999786376952,19.649999618530277
2018-06-04,12.739999771118164,242.9265899658203,55.99089813232422,95.328125,122.37000274658205,19.979999542236328
2018-06-05,12.399999618530272,243.1034393310547,56.056488037109375,95.5516357421875,122.8499984741211,20.40999984741211
2018-06-06,11.640000343322754,245.1358337402344,56.19421005249024,94.77741241455078,122.91999816894533,20.780000686645508
2018-06-07,12.130000114440918,245.1093597412109,56.21392822265625,95.69532012939452,122.86000061035156,20.700000762939453
2018-06-08,12.18000030517578,245.83404541015625,56.181114196777344,95.40792846679688,123.01000213623048,20.920000076293945
2018-06-11,12.350000381469728,246.16098022460935,56.2860221862793,95.23238372802734,123.2300033569336,20.649999618530277
2018-06-12,12.34000015258789,246.47906494140625,56.33195114135742,95.25630950927734,122.81999969482422,20.59000015258789
2018-06-13,12.9399995803833,245.69259643554688,56.35161590576172,95.20840454101562,123.19000244140624,20.729999542236328
2018-06-14,12.119999885559082,246.3111267089844,56.51559066772461,95.9986801147461,123.37999725341795,20.420000076293945
2018-06-15,11.979999542236328,245.9970245361328,56.48282623291016,96.0864028930664,121.33999633789062,19.93000030517578
2018-06-18,12.3100004196167,245.490966796875,56.476219177246094,95.9986801147461,121.11000061035156,19.8700008392334
2018-06-19,13.350000381469728,244.550048828125,56.39754867553711,96.55734252929688,120.8000030517578,19.350000381469727
2018-06-20,12.789999961853027,244.9672393798828,56.45656204223633,95.71125030517578,120.26000213623048,19.32999992370605
2018-06-21,14.640000343322754,243.4316864013672,56.338504791259766,96.2141342163086,120.0500030517578,19.26000022888184
2018-06-22,13.770000457763672,243.8754730224609,56.34506988525391,96.20614624023438,120.33999633789062,19.270000457763672
2018-06-25,17.329999923706055,240.5556182861328,56.21392822265625,96.42169189453124,119.88999938964844,18.93000030517578
2018-06-26,15.920000076293944,241.0882110595703,56.20732498168945,96.55734252929688,119.26000213623048,19.049999237060547
2018-06-27,17.90999984741211,239.09100341796875,56.08929443359375,97.46729278564452,118.58000183105467,18.88999938964844
2018-06-28,16.850000381469727,240.4580078125,55.93187713623047,97.4912567138672,118.22000122070312,18.739999771118164
2018-06-29,16.09000015258789,240.8041534423828,55.80070114135742,97.15602111816406,118.6500015258789,18.709999084472656
2018-07-02,15.600000381469728,241.31895446777344,55.85406112670898,97.07999420166016,117.45999908447266,18.479999542236328
2018-07-03,16.139999389648438,240.4668426513672,55.86066055297852,97.60001373291016,118.6500015258789,18.43000030517578
2018-07-05,14.970000267028809,242.42855834960935,56.07145690917969,97.88002014160156,119.0500030517578,17.90999984741211
2018-07-06,13.369999885559082,244.47911071777344,56.2164192199707,98.20000457763672,118.86000061035156,17.799999237060547
2018-07-09,12.6899995803833,246.6803741455078,56.302059173583984,97.5679931640625,119.1500015258789,18.149999618530277
2018-07-10,12.640000343322754,247.5680694580078,56.30865478515625,97.5600128173828,118.93000030517578,17.889999389648438
2018-07-11,13.630000114440918,245.7573089599609,56.22298049926758,97.93600463867188,117.63999938964844,17.3799991607666
2018-07-12,12.579999923706056,247.9853057861328,56.40088272094727,97.9280014038086,118.12999725341795,17.56999969482422
2018-07-13,12.18000030517578,248.1805877685547,56.40088272094727,98.17597198486328,117.61000061035156,17.559999465942383
2018-07-16,12.829999923706056,247.958740234375,56.36137008666992,97.76795959472656,117.5500030517578,17.540000915527344
2018-07-17,12.0600004196167,248.9617156982422,56.38113021850586,97.58401489257812,116.27999877929688,17.3799991607666
2018-07-18,12.100000381469728,249.48545837402344,56.40748977661133,97.19200897216795,116.30999755859376,17.469999313354492
2018-07-19,12.869999885559082,248.54454040527344,56.38113021850586,97.80801391601562,115.80999755859376,17.100000381469727
2018-07-20,12.859999656677246,248.26043701171875,56.40748977661133,96.60799407958984,116.55999755859376,17.3799991607666
2018-07-23,12.619999885559082,248.7220458984375,56.38771057128906,95.41597747802734,116.0,17.299999237060547
2018-07-24,12.40999984741211,249.9736328125,56.50630569458008,95.74398803710938,116.04000091552734,17.700000762939453
2018-07-25,12.289999961853027,252.1040802001953,56.61170959472656,95.59200286865234,116.68000030517578,18.049999237060547
2018-07-26,12.140000343322754,251.50930786132807,56.618289947509766,95.40799713134766,115.7699966430664,17.700000762939453
2018-07-27,13.029999732971191,249.8049774169922,56.59854507446289,95.56797790527344,115.83000183105467,17.639999389648438
2018-07-30,14.260000228881836,248.5001983642578,56.618289947509766,95.24000549316406,115.6500015258789,17.649999618530273
2018-07-31,12.829999923706056,249.72506713867188,56.73686981201172,95.7599868774414,115.98999786376952,17.899999618530273
2018-08-01,13.149999618530272,249.307861328125,56.78783416748047,94.9798355102539,115.13999938964844,17.290000915527344
2018-08-02,12.1899995803833,250.6661071777344,56.82088851928711,95.11619567871094,114.5199966430664,17.25
2018-08-03,11.640000343322754,251.7401428222656,56.86721420288086,95.58922576904295,114.91999816894533,17.40999984741211
2018-08-06,11.270000457763672,252.6632232666016,56.97307205200195,95.64533233642578,114.33000183105467,17.219999313354492
2018-08-07,10.93000030517578,253.49761962890625,56.99955749511719,95.14824676513672,114.58999633789062,17.40999984741211
2018-08-08,10.850000381469728,253.39117431640625,56.966453552246094,95.2444305419922,114.91000366210938,17.399999618530273
2018-08-09,11.270000457763672,253.04495239257807,56.92676544189453,96.04620361328124,114.73999786376952,17.450000762939453
2018-08-10,13.15999984741211,251.3495178222656,56.8275146484375,96.74382019042967,114.69000244140624,17.31999969482422
2018-08-13,14.779999732971191,250.4085998535156,56.78783416748047,96.54338073730467,112.95999908447266,17.280000686645508
2018-08-14,13.3100004196167,252.0063934326172,56.88704681396485,96.32686614990234,113.06999969482422,16.959999084472656
2018-08-15,14.640000343322754,250.12448120117188,56.78783416748047,96.88814544677734,111.19000244140624,16.31999969482422
2018-08-16,13.449999809265137,252.1484832763672,56.86061477661133,96.880126953125,111.0999984741211,16.459999084472656
2018-08-17,12.640000343322754,253.0360565185547,56.92676544189453,97.0003433227539,112.12999725341795,16.81999969482422
2018-08-20,12.489999771118164,253.5775604248047,56.953224182128906,97.64982604980467,112.69000244140624,16.850000381469727
2018-08-21,12.859999656677246,254.17233276367188,57.03923416137695,97.32107543945312,113.0199966430664,16.940000534057617
2018-08-22,12.25,254.0214080810547,57.059078216552734,97.70594024658205,113.2699966430664,16.8799991607666
2018-08-23,12.40999984741211,253.6840362548828,57.05244064331055,97.85831451416016,112.1999969482422,16.8799991607666
2018-08-24,11.989999771118164,255.21087646484372,57.15172958374024,98.0507583618164,114.16000366210938,17.030000686645508
2018-08-27,12.15999984741211,257.2257995605469,57.17158508300781,97.48946380615234,114.58999633789062,17.06999969482422
2018-08-28,12.5,257.3500366210937,57.14512252807617,96.9041748046875,113.68000030517578,17.170000076293945
2018-08-29,12.25,258.73486328125,57.11202621459961,97.0324249267578,114.1999969482422,17.049999237060547
2018-08-30,13.529999732971191,257.6873779296875,57.06569290161133,97.24091339111328,113.63999938964844,16.8799991607666
2018-08-31,12.859999656677246,257.6962890625,57.138484954833984,97.01642608642578,113.51000213623048,16.719999313354492
2018-09-04,13.15999984741211,257.2523803710937,57.0195426940918,96.45549011230467,112.93000030517578,16.34000015258789
2018-09-05,13.90999984741211,256.56011962890625,56.95974349975586,96.19833374023438,113.31999969482422,16.420000076293945
2018-09-06,14.649999618530272,255.7877960205078,57.00626754760742,96.55192565917967,113.54000091552734,16.540000915527344
2018-09-07,14.880000114440918,255.2908172607422,56.946434020996094,95.7322769165039,113.2300033569336,16.3799991607666
2018-09-10,14.15999984741211,255.7345733642578,57.05939483642578,96.08583068847656,113.1500015258789,16.459999084472656
2018-09-11,13.220000267028809,256.577880859375,57.07270050048828,95.35456085205078,113.22000122070312,16.440000534057617
2018-09-12,13.140000343322754,256.63995361328125,57.2055778503418,95.5795669555664,114.16999816894533,16.829999923706055
2018-09-13,12.369999885559082,258.1579284667969,57.31190872192383,95.72420501708984,113.76000213623048,16.81999969482422
2018-09-14,12.06999969482422,258.2022399902344,57.36507415771485,95.26618194580078,113.0199966430664,16.440000534057617
2018-09-17,13.68000030517578,256.83526611328125,57.3252182006836,95.26618194580078,113.61000061035156,16.579999923706055
2018-09-18,12.789999961853027,258.2289123535156,57.31856536865234,94.2696762084961,113.44000244140624,17.149999618530273
2018-09-19,11.75,258.5041198730469,57.21223831176758,93.70719909667967,113.87999725341795,17.1200008392334
2018-09-20,11.800000190734863,260.59893798828125,57.29196548461914,94.14112854003906,114.2699966430664,17.31999969482422
2018-09-21,11.68000030517578,260.3608703613281,57.30526351928711,94.1009521484375,113.48999786376952,17.850000381469727
2018-09-24,12.199999809265137,259.4959716796875,57.278690338134766,93.85987091064452,113.47000122070312,17.709999084472656
2018-09-25,12.420000076293944,259.2551574707031,57.23218536376953,93.7634735107422,113.6500015258789,17.670000076293945
2018-09-26,12.890000343322754,258.4794006347656,57.29196548461914,94.42239379882812,113.0500030517578,17.700000762939453
2018-09-27,12.40999984741211,259.20166015625,57.39830017089844,94.48665618896484,112.0500030517578,17.43000030517578
2018-09-28,12.119999885559082,259.2284851074219,57.43815994262695,94.2375946044922,112.76000213623048,17.579999923706055
2018-10-01,12.0,260.1289978027344,57.60437774658203,93.5457534790039,112.56999969482422,17.479999542236328
2018-10-02,12.050000190734863,259.9775085449219,57.5576286315918,94.1175537109375,113.87000274658205,17.579999923706055
2018-10-03,11.609999656677246,260.1201477050781,57.40412139892578,92.4826431274414,113.41999816894533,17.729999542236328
2018-10-04,14.220000267028809,258.0870666503906,57.190521240234375,91.83028411865234,113.4800033569336,17.469999313354492
2018-10-05,14.81999969482422,256.6425476074219,56.9368782043457,91.04102325439452,113.8000030517578,17.350000381469727
2018-10-08,15.6899995803833,256.6425476074219,56.8100700378418,90.73495483398438,112.54000091552734,17.420000076293945
2018-10-09,15.949999809265137,256.2680358886719,56.8968620300293,91.65309143066406,112.5999984741211,17.6299991607666
2018-10-10,22.959999084472656,248.1537628173828,56.48966217041016,91.40340423583984,112.87999725341795,17.31999969482422
2018-10-11,24.979999542236328,242.6878204345703,56.53638458251953,92.51486206054688,115.77999877929688,17.360000610351562
2018-10-12,21.309999465942383,246.05831909179688,56.83673858642578,92.19266510009766,115.2300033569336,17.68000030517578
2018-10-15,21.299999237060547,244.67626953125,56.79669189453125,92.15242767333984,116.0,17.489999771118164
2018-10-16,17.6200008392334,250.0262908935547,56.990264892578125,92.36181640625,115.8000030517578,17.43000030517578
2018-10-17,17.399999618530273,250.0709381103516,56.87679672241211,91.8141860961914,115.79000091552734,17.3700008392334
2018-10-18,20.059999465942383,246.45962524414065,56.63648986816406,91.78192901611328,115.91999816894533,17.149999618530273
2018-10-19,19.88999938964844,246.32583618164065,56.66989517211914,91.58064270019533,116.01000213623048,17.459999084472656
2018-10-22,19.63999938964844,245.2201995849609,56.69659805297852,91.4598159790039,115.70999908447266,17.440000534057617
2018-10-23,20.709999084472656,243.9718170166016,56.64315414428711,91.74972534179688,116.38999938964844,17.34000015258789
2018-10-24,25.229999542236328,236.5798492431641,56.36285400390625,92.44237518310548,116.66000366210938,17.25
2018-10-25,24.21999931335449,240.8242034912109,56.47629928588867,92.05577087402344,116.4000015258789,17.31999969482422
2018-10-26,24.15999984741211,236.58872985839844,56.22269058227539,92.61150360107422,116.7699966430664,17.190000534057617
2018-10-29,24.700000762939453,235.27801513671875,56.16928863525391,92.40208435058594,116.30999755859376,16.969999313354492
2018-10-30,23.350000381469727,238.76446533203125,56.30276107788086,91.9430160522461,115.8000030517578,16.770000457763672
2018-10-31,21.229999542236328,241.31463623046875,56.30276107788086,91.4759292602539,115.1500015258789,16.68000030517578
2018-11-01,19.34000015258789,243.88265991210935,56.56101989746094,91.56066131591795,116.62999725341795,17.049999237060547
2018-11-02,19.51000022888184,242.4381256103516,56.527462005615234,90.42233276367188,116.6500015258789,17.639999389648438
2018-11-05,19.959999084472656,243.775634765625,56.57442092895508,90.77751159667967,116.37000274658205,17.270000457763672
2018-11-06,19.90999984741211,245.3182678222656,56.722015380859375,90.72107696533205,116.04000091552734,17.139999389648438
2018-11-07,16.360000610351562,250.5703125,57.05068206787109,90.84210968017578,116.02999877929688,17.18000030517578
2018-11-08,16.719999313354492,250.11550903320312,56.90982437133789,90.8340835571289,115.77999877929688,17.1200008392334
2018-11-09,17.360000610351562,247.6722412109375,56.587867736816406,91.51222229003906,114.4800033569336,16.84000015258789
2018-11-12,20.450000762939453,243.04449462890625,56.23905944824219,92.10964965820312,113.66000366210938,16.770000457763672
2018-11-13,20.020000457763672,242.5897216796875,56.14512634277344,92.05314636230467,113.6999969482422,16.790000915527344
2018-11-14,21.25,240.93118286132807,56.03782272338867,92.10964965820312,114.63999938964844,17.059999465942383
2018-11-15,19.979999542236328,243.4457244873047,56.02438354492188,92.0692901611328,114.7699966430664,17.270000457763672
2018-11-16,18.13999938964844,244.07884216308597,55.856689453125,92.6021499633789,115.62000274658205,17.5
2018-11-19,20.100000381469727,239.950439453125,55.68230438232422,92.86045837402344,115.66999816894533,17.489999771118164
2018-11-20,22.479999542236328,235.50978088378903,55.50788879394531,92.89279174804688,115.66999816894533,17.229999542236328
2018-11-21,20.799999237060547,236.31222534179688,55.78963088989258,92.86045837402344,115.86000061035156,17.479999542236328
2018-11-23,21.520000457763672,234.7340087890625,55.48103332519531,92.95735931396484,115.7699966430664,17.34000015258789
2018-11-26,18.899999618530277,238.5236358642578,55.74264144897461,92.74745178222656,115.63999938964844,17.229999542236328
2018-11-27,19.020000457763672,239.32618713378903,55.7158088684082,92.85245513916016,114.9499969482422,17.049999237060547
2018-11-28,18.489999771118164,244.8367462158203,56.17868041992188,92.40031433105467,115.37999725341795,17.489999771118164
2018-11-29,18.790000915527344,244.30178833007807,56.19207000732422,92.76359558105467,115.73999786376952,17.389999389648438
2018-11-30,18.06999969482422,245.7909240722656,56.07804489135742,93.11077880859376,115.54000091552734,17.420000076293945
2018-12-03,16.440000534057617,249.0453948974609,56.46617889404297,93.77184295654295,116.41000366210938,17.649999618530273
2018-12-04,20.739999771118164,240.97581481933597,56.11579132080078,95.34176635742188,117.12000274658205,17.200000762939453
2018-12-06,21.190000534057617,240.61021423339844,55.92039108276367,95.64119720458984,117.13999938964844,17.15999984741211
2018-12-07,23.229999542236328,235.0193634033203,55.81256866455078,95.81924438476562,118.08999633789062,17.229999542236328
2018-12-10,22.63999938964844,235.46527099609372,55.853004455566406,96.21572875976562,117.68000030517578,16.989999771118164
2018-12-11,21.76000022888184,235.5186920166016,55.954097747802734,96.19953155517578,117.54000091552734,17.25
2018-12-12,21.459999084472656,236.7046813964844,56.13600158691406,95.77063751220705,117.79000091552734,17.229999542236328
2018-12-13,20.649999618530277,236.6244201660156,56.27079772949219,95.54410552978516,117.52999877929688,17.270000457763672
2018-12-14,21.6299991607666,232.2551727294922,56.034912109375,95.87586212158205,117.05999755859376,17.219999313354492
2018-12-17,24.520000457763672,227.69869995117188,55.67107772827149,96.43421173095705,117.87000274658205,17.1200008392334
2018-12-18,25.57999992370605,227.4490203857422,55.5702018737793,97.01172637939452,118.1500015258789,16.6200008392334
2018-12-19,25.57999992370605,224.0428466796875,55.06919860839844,98.29332733154295,117.43000030517578,16.65999984741211
2018-12-20,28.3799991607666,220.39585876464844,54.5885009765625,97.9364242553711,119.23999786376952,16.780000686645508
2018-12-21,30.11000061035156,215.88006591796875,54.317684173583984,97.92022705078124,118.72000122070312,16.639999389648438
2018-12-24,36.06999969482422,210.1759033203125,53.91148376464844,98.40689086914062,120.0199966430664,16.6200008392334
2018-12-26,30.40999984741211,220.79502868652344,54.81868743896485,97.3524398803711,119.66000366210938,16.8799991607666
2018-12-27,29.959999084472656,222.49009704589844,54.78482818603516,97.36863708496094,120.56999969482422,16.760000228881836
2018-12-28,28.34000015258789,222.20309448242188,54.86611175537109,98.18791961669922,121.05999755859376,16.729999542236328
2018-12-31,25.420000076293945,224.14935302734372,54.90671157836914,98.5609893798828,121.25,16.440000534057617
2019-01-02,23.21999931335449,224.3825225830078,54.83221435546875,99.08015441894533,121.33000183105467,16.280000686645508
2019-01-03,25.450000762939453,219.028076171875,54.85934448242188,100.20760345458984,122.43000030517578,16.100000381469727
2019-01-04,21.3799991607666,226.36463928222656,55.7800407409668,99.04769134521484,121.44000244140624,16.520000457763672
2019-01-07,21.399999618530277,228.14942932128903,56.32167434692383,98.75570678710938,121.86000061035156,16.450000762939453
2019-01-08,20.46999931335449,230.29299926757807,56.687286376953125,98.49610137939452,121.52999877929688,16.56999969482422
2019-01-09,19.979999542236328,231.36924743652344,56.75497817993164,98.34201049804688,122.30999755859376,16.670000076293945
2019-01-10,19.5,232.1854705810547,56.97841262817383,97.70931243896484,121.58999633789062,16.510000228881836
2019-01-11,18.190000534057617,232.275146484375,56.79561614990234,98.09054565429688,121.8000030517578,16.600000381469727
2019-01-14,19.06999969482422,230.85801696777344,56.61283493041992,97.72553253173828,122.08999633789062,16.43000030517578
2019-01-15,18.600000381469727,233.50390625,56.80239486694336,97.36863708496094,121.87999725341795,16.549999237060547
2019-01-16,19.040000915527344,234.06886291503903,56.890403747558594,97.46601104736328,122.2699966430664,16.739999771118164
2019-01-17,18.059999465942383,235.84469604492188,57.04609298706055,97.49031829833984,122.11000061035156,16.8799991607666
2019-01-18,17.799999237060547,238.9837951660156,57.20860290527344,96.97930908203124,121.0199966430664,16.979999542236328
2019-01-22,20.799999237060547,235.75498962402344,56.82944107055664,97.6363525390625,121.4499969482422,16.6200008392334
2019-01-23,19.520000457763672,236.24832153320312,56.944580078125,97.5957489013672,121.27999877929688,16.65999984741211
2019-01-24,18.88999938964844,236.3738555908203,57.00547409057617,98.236572265625,121.08999633789062,16.559999465942383
2019-01-25,17.420000076293945,238.3739318847656,57.147647857666016,97.76611328125,122.86000061035156,17.06999969482422
2019-01-28,18.8700008392334,236.56219482421875,57.05964660644531,97.66876220703124,123.29000091552734,16.84000015258789
2019-01-29,19.1299991607666,236.24832153320312,57.02578353881836,98.16358184814452,123.9800033569336,17.010000228881836
2019-01-30,17.65999984741211,239.9883575439453,57.47939300537109,98.09054565429688,124.69000244140624,17.3700008392334
2019-01-31,16.56999969482422,242.0960235595703,57.62156677246094,98.93416595458984,124.75,17.3700008392334
2019-02-01,16.139999389648438,242.2126007080078,57.59367370605469,98.33660888671876,124.5,17.31999969482422
2019-02-04,15.729999542236328,243.91665649414065,57.72972869873047,97.89759063720705,123.95999908447266,17.540000915527344
2019-02-05,15.56999969482422,244.9390869140625,57.93374252319336,98.34473419189452,124.27999877929688,17.639999389648438
2019-02-06,15.380000114440918,244.61618041992188,57.87936782836914,98.39351654052734,123.44000244140624,17.68000030517578
2019-02-07,16.3700008392334,242.28436279296875,57.682125091552734,99.04389190673828,123.73999786376952,17.719999313354492
2019-02-08,15.720000267028809,242.58029174804688,57.668495178222656,99.46662139892578,124.20999908447266,17.579999923706055
2019-02-11,15.970000267028809,242.71484375,57.69571304321289,99.0763931274414,123.5999984741211,17.43000030517578
2019-02-12,15.43000030517578,245.8360290527344,57.97456359863281,98.82438659667967,123.86000061035156,17.360000610351562
2019-02-13,15.649999618530272,246.6342010498047,57.89292907714844,98.4504165649414,123.37000274658205,17.350000381469727
2019-02-14,16.219999313354492,246.08721923828125,57.89973068237305,99.01138305664062,124.05999755859376,17.360000610351562
2019-02-15,14.90999984741211,248.7688140869141,58.08340072631836,99.16582489013672,124.8000030517578,17.59000015258789
2019-02-19,14.880000114440918,249.1993103027344,58.10377883911133,99.41786193847656,126.6999969482422,17.969999313354492
2019-02-20,14.020000457763672,249.7016143798828,58.15139389038086,99.1333236694336,126.4800033569336,18.229999542236328
2019-02-21,14.460000038146973,248.81370544433597,58.09699249267578,98.24717712402344,125.0500030517578,18.170000076293945
2019-02-22,13.510000228881836,250.3562774658203,58.212589263916016,98.83250427246094,125.5,18.440000534057617
2019-02-25,14.850000381469728,250.69708251953125,58.26020431518555,98.53983306884766,125.37000274658205,18.420000076293945
2019-02-26,15.170000076293944,250.51768493652344,58.33503723144531,99.02762603759766,125.58000183105467,18.43000030517578
2019-02-27,14.699999809265137,250.41018676757807,58.35546112060547,97.90573120117188,124.69000244140624,18.549999237060547
2019-02-28,14.779999732971191,249.94371032714844,58.32143020629883,97.57241821289062,123.98999786376952,18.40999984741211
2019-03-01,13.56999969482422,251.5043029785156,58.48674774169922,96.67054748535156,121.87999725341795,18.26000022888184
2019-03-04,14.630000114440918,250.58953857421875,58.3979606628418,97.42829895019533,121.55999755859376,18.21999931335449
2019-03-05,14.739999771118164,250.2486572265625,58.37060928344727,97.63187408447266,121.72000122070312,18.3700008392334
2019-03-06,15.739999771118164,248.73294067382807,58.27497100830078,97.99032592773438,121.61000061035156,18.290000915527344
2019-03-07,16.59000015258789,246.6522521972656,58.23399353027344,98.62583923339844,121.51000213623048,18.239999771118164
2019-03-08,16.049999237060547,246.158935546875,58.13835144042969,99.04129028320312,122.83999633789062,18.13999938964844
2019-03-11,14.329999923706056,249.72853088378903,58.32962417602539,98.74799346923828,122.23999786376952,18.190000534057617
2019-03-12,13.770000457763672,250.67019653320312,58.43209457397461,99.44048309326172,122.9800033569336,18.34000015258789
2019-03-13,13.40999984741211,252.3294677734375,58.58924102783203,99.25313568115234,123.83999633789062,18.34000015258789
2019-03-14,13.5,252.16802978515625,58.54824066162109,98.53616333007812,122.41000366210938,18.09000015258789
2019-03-15,12.880000114440918,253.4138336181641,58.602909088134766,99.18793487548828,122.97000122070312,18.209999084472656
2019-03-18,13.100000381469728,254.3327178955078,58.5824089050293,99.13091278076172,123.04000091552734,18.229999542236328
2019-03-19,13.5600004196167,254.39573669433597,58.61653900146485,98.91092681884766,123.37999725341795,18.270000457763672
2019-03-20,13.90999984741211,253.630126953125,58.869327545166016,99.94561004638672,124.18000030517578,18.350000381469727
2019-03-21,13.630000114440918,256.4948425292969,58.855655670166016,100.16554260253906,123.68000030517578,18.209999084472656
2019-03-22,16.479999542236328,251.55816650390625,58.64389801025391,101.72161102294922,123.97000122070312,17.84000015258789
2019-03-25,16.329999923706055,251.3690490722656,58.62339019775391,101.88459014892578,124.91999816894533,17.860000610351562
2019-03-26,14.68000030517578,253.2427215576172,58.76683807373047,101.81121826171876,124.3000030517578,17.8799991607666
2019-03-27,15.149999618530272,251.91848754882807,58.80786895751953,102.74811553955078,123.6500015258789,17.899999618530273
2019-03-28,14.43000030517578,252.8733367919922,58.92398834228516,103.1065444946289,121.9000015258789,18.0
2019-03-29,13.710000038146973,254.4678649902344,59.07427597045898,103.00885009765624,122.01000213623048,18.31999969482422
2019-04-01,13.399999618530272,257.48565673828125,59.05986404418945,101.54564666748048,121.52999877929688,18.299999237060547
2019-04-02,13.359999656677246,257.6117553710937,59.08732986450195,101.73345947265624,121.9800033569336,18.190000534057617
2019-04-03,13.739999771118164,258.0171813964844,59.107906341552734,100.85169219970705,121.8000030517578,18.40999984741211
2019-04-04,13.579999923706056,258.7017822265625,59.19712066650391,101.13745880126952,122.11000061035156,18.25
2019-04-05,12.81999969482422,259.9538879394531,59.30689239501953,101.2680435180664,121.9800033569336,18.100000381469727
2019-04-08,13.18000030517578,260.152099609375,59.27260208129883,100.90882110595705,122.51000213623048,18.350000381469727
2019-04-09,14.279999732971191,258.8189392089844,59.23140335083008,101.22726440429688,123.1500015258789,18.38999938964844
2019-04-10,13.300000190734863,259.70166015625,59.49217224121094,101.4722137451172,123.52999877929688,18.34000015258789
2019-04-11,13.020000457763672,259.629638671875,59.58137130737305,100.87618255615234,121.9499969482422,18.1299991607666
2019-04-12,12.010000228881836,261.3862609863281,59.67061614990234,100.15765380859376,121.83000183105467,18.40999984741211
2019-04-15,12.31999969482422,261.21514892578125,59.62940979003906,100.41075897216795,121.5999984741211,18.399999618530277
2019-04-16,12.18000030517578,261.3862609863281,59.59511566162109,99.78206634521484,120.51000213623048,18.3799991607666
2019-04-17,12.600000381469728,260.7466735839844,59.45101165771485,99.82291412353516,120.27999877929688,18.56999969482422
2019-04-18,12.09000015258789,261.2601623535156,59.47842788696289,100.34544372558594,120.37000274658205,18.299999237060547
2019-04-22,12.420000076293944,261.4853515625,59.37553787231445,99.86370849609376,120.37000274658205,18.190000534057617
2019-04-23,12.279999732971191,263.8365478515625,59.58137130737305,100.07604217529295,120.12000274658205,18.15999984741211
2019-04-24,13.140000343322754,263.2509155273437,59.49901580810547,100.89248657226562,120.47000122070312,18.270000457763672
2019-04-25,13.25,263.0888977050781,59.526485443115234,100.74553680419922,120.56999969482422,17.920000076293945
2019-04-26,12.729999542236328,264.3139343261719,59.67746353149414,101.08847045898438,121.37000274658205,18.11000061035156
2019-04-29,13.109999656677246,264.7283630371094,59.65001678466797,100.44342803955078,120.83000183105467,18.13999938964844
2019-04-30,13.119999885559082,264.8634338378906,59.65686798095703,100.95780181884766,121.1999969482422,18.18000030517578
2019-05-01,14.800000190734863,262.8726501464844,59.461158752441406,101.3742446899414,120.4000015258789,17.479999542236328
2019-05-02,14.420000076293944,262.3051147460937,59.50249099731445,100.8915023803711,119.94000244140624,17.40999984741211
2019-05-03,12.869999885559082,264.8724365234375,59.65409469604492,101.17791748046876,120.6500015258789,17.639999389648438
2019-05-06,15.4399995803833,263.7824401855469,59.68165588378906,101.4561004638672,120.80999755859376,17.790000915527344
2019-05-07,19.31999969482422,259.3773498535156,59.323360443115234,102.2333526611328,121.20999908447266,17.43000030517578
2019-05-08,19.399999618530277,259.0170593261719,59.344017028808594,101.79154205322266,120.91000366210938,17.34000015258789
2019-05-09,19.100000381469727,258.2333068847656,59.25444412231445,102.2088623046875,121.1999969482422,17.309999465942383
2019-05-10,16.040000915527344,259.53057861328125,59.419803619384766,102.06973266601562,121.43000030517578,17.360000610351562
2019-05-13,20.549999237060547,253.0084991455078,58.87544250488281,102.87159729003906,122.66999816894533,16.989999771118164
2019-05-14,18.059999465942383,255.29660034179688,59.0063705444336,102.56886291503906,122.45999908447266,17.010000228881836
2019-05-15,16.440000534057617,256.7920227050781,59.06147384643555,103.19884490966795,122.38999938964844,17.15999984741211
2019-05-16,15.289999961853027,259.1702880859375,59.24064254760742,102.855224609375,121.51000213623048,17.170000076293945
2019-05-17,15.960000038146973,257.49462890625,59.21999740600586,103.08428955078124,120.6500015258789,17.079999923706055
2019-05-20,16.309999465942383,255.79205322265625,59.16485977172852,102.87159729003906,120.63999938964844,17.059999465942383
2019-05-21,14.949999809265137,258.09820556640625,59.35091018676758,102.7079086303711,120.36000061035156,17.0
2019-05-22,14.75,257.3055114746094,59.39913558959961,103.29701232910156,120.23999786376952,16.729999542236328
2019-05-23,16.920000076293945,254.1616058349609,59.102840423583984,104.45885467529295,121.16999816894533,16.790000915527344
2019-05-24,15.850000381469728,254.73806762695312,59.02016067504883,104.54886627197266,121.3000030517578,16.90999984741211
2019-05-28,17.5,252.3688507080078,58.965030670166016,105.30162811279295,120.83000183105467,16.84000015258789
2019-05-29,17.899999618530273,250.67529296875,58.806522369384766,105.62067413330078,120.87000274658205,16.670000076293945
2019-05-30,17.299999237060547,251.3599395751953,58.9305534362793,106.52889251708984,121.69000244140624,16.559999465942383
2019-05-31,18.709999084472656,247.9728240966797,58.50334930419922,107.86255645751952,123.33000183105467,16.469999313354492
2019-06-03,18.86000061035156,247.34222412109372,58.59748840332031,108.58406829833984,125.11000061035156,16.6200008392334
2019-06-04,16.969999313354492,252.7112274169922,59.18586349487305,107.3460693359375,125.1500015258789,16.670000076293945
2019-06-05,16.09000015258789,254.90017700195312,59.32429885864258,106.7393569946289,125.47000122070312,16.40999984741211
2019-06-06,15.93000030517578,256.5578308105469,59.44894409179688,107.08367919921876,125.87999725341795,16.530000686645508
2019-06-07,16.299999237060547,259.1252136230469,59.60121154785156,108.01012420654295,126.58999633789062,16.3700008392334
2019-06-10,15.9399995803833,260.3143005371094,59.69121551513672,106.99348449707033,125.33000183105467,16.649999618530273
2019-06-11,15.989999771118164,260.251220703125,59.774261474609375,107.0590362548828,125.18000030517578,16.719999313354492
2019-06-12,15.90999984741211,259.79180908203125,59.63579559326172,107.14105224609376,125.83000183105467,16.540000915527344
2019-06-13,15.81999969482422,260.8638000488281,59.774261474609375,107.50999450683594,126.5999984741211,16.610000610351562
2019-06-14,15.279999732971191,260.5755615234375,59.73271942138672,107.78058624267578,126.55999755859376,16.43000030517578
2019-06-17,15.350000381469728,260.6746520996094,59.64273452758789,107.9691390991211,126.4800033569336,16.56999969482422
2019-06-18,15.149999618530272,263.4041748046875,60.05809783935547,108.51023864746094,127.12000274658205,16.93000030517578
2019-06-19,14.329999923706056,263.99871826171875,60.34188079833984,108.66606903076172,127.88999938964844,16.81999969482422
2019-06-20,14.75,266.52099609375,60.64649200439453,108.95301818847656,131.11000061035156,16.989999771118164
2019-06-21,15.399999618530272,266.1335754394531,60.45263671875,107.7559814453125,131.97999572753906,16.829999923706055
2019-06-24,15.260000228881836,265.8077392578125,60.44569778442383,108.5594482421875,133.94000244140625,16.950000762939453
2019-06-25,16.280000686645508,263.2006530761719,60.1895866394043,108.89564514160156,134.1999969482422,17.09000015258789
2019-06-26,16.209999084472656,262.9382019042969,60.161922454833984,108.19869232177734,132.97000122070312,16.969999313354492
2019-06-27,15.81999969482422,263.8705139160156,60.32806396484375,108.9612045288086,132.83999633789062,17.010000228881836
2019-06-28,15.079999923706056,265.2283630371094,60.34883117675781,108.88741302490234,133.1999969482422,16.959999084472656
2019-07-01,14.0600004196167,267.6362609863281,60.366920471191406,108.63273620605467,130.6199951171875,16.770000457763672
2019-07-02,12.93000030517578,268.333251953125,60.49898910522461,109.4706573486328,133.41000366210938,16.65999984741211
2019-07-03,12.56999969482422,270.4786071777344,60.72844696044922,110.25102996826172,133.6300048828125,16.75
2019-07-05,13.279999732971191,270.1708374023437,60.485107421875,108.78878021240234,132.13999938964844,16.649999618530273
2019-07-08,13.960000038146973,268.686279296875,60.366920471191406,108.93663787841795,131.2899932861328,16.639999389648438
2019-07-09,14.09000015258789,269.021240234375,60.29735565185547,108.89559173583984,131.75,16.440000534057617
2019-07-10,13.029999732971191,270.306640625,60.46425247192383,108.29595947265624,133.8300018310547,16.81999969482422
2019-07-11,12.93000030517578,270.94024658203125,60.34604644775391,106.85013580322266,132.6999969482422,16.799999237060547
2019-07-12,12.390000343322754,272.1532592773437,60.44338607788086,106.9733428955078,133.52999877929688,16.860000610351562
2019-07-15,12.68000030517578,272.2437438964844,60.485107421875,107.5894775390625,133.52999877929688,16.959999084472656
2019-07-16,12.859999656677246,271.3657531738281,60.359954833984375,107.26902770996094,132.39999389648438,16.889999389648438
2019-07-17,13.970000267028809,269.51910400390625,60.283477783203125,108.42739868164062,134.5800018310547,16.959999084472656
2019-07-18,13.529999732971191,270.5057067871094,60.311256408691406,108.4355926513672,136.47999572753906,17.020000457763672
2019-07-19,14.449999809265137,269.0032043457031,60.20696640014648,108.1809310913086,134.47000122070312,17.170000076293945
2019-07-22,13.529999732971191,269.6639099121094,60.40859603881836,108.38629913330078,134.4499969482422,17.030000686645508
2019-07-23,12.609999656677246,271.592041015625,60.5129280090332,107.7948226928711,133.69000244140625,16.90999984741211
2019-07-24,12.06999969482422,272.8684387207031,60.56160354614258,108.2630615234375,134.3699951171875,16.989999771118164
2019-07-25,12.739999771118164,271.5648803710937,60.478145599365234,107.7455596923828,133.4199981689453,16.959999084472656
2019-07-26,12.15999984741211,273.38433837890625,60.6102180480957,108.0002212524414,133.63999938964844,16.850000381469727
2019-07-29,12.829999923706056,272.8865051269531,60.51987838745117,108.03301239013672,134.52999877929688,17.030000686645508
2019-07-30,13.9399995803833,272.2166442871094,60.54767608642578,108.29595947265624,134.97999572753906,16.780000686645508
2019-07-31,16.1200008392334,269.2384338378906,60.44338607788086,109.1667251586914,133.2100067138672,16.700000762939453
2019-08-01,17.8700008392334,266.89404296875,60.41334915161133,111.3347625732422,136.41000366210938,16.459999084472656
2019-08-02,17.610000610351562,264.8843994140625,60.32259368896485,112.36366271972656,135.88999938964844,16.1200008392334
2019-08-05,24.59000015258789,256.91845703125,59.69414138793945,114.3061981201172,137.7899932861328,16.010000228881836
2019-08-06,20.170000076293945,260.521240234375,60.07820510864258,115.21991729736328,138.91000366210938,16.079999923706055
2019-08-07,19.489999771118164,260.6750183105469,60.07121276855469,115.26105499267578,141.02000427246094,16.219999313354492
2019-08-08,16.90999984741211,265.7896728515625,60.30861282348633,115.50794982910156,141.72999572753906,16.290000915527344
2019-08-09,17.969999313354492,263.9791259765625,60.22486114501953,115.2774887084961,141.25999450683594,16.260000228881836
2019-08-12,21.09000015258789,260.76568603515625,60.01539611816406,117.68099975585938,142.6300048828125,16.18000030517578
2019-08-13,17.520000457763672,264.82098388671875,60.28069305419922,117.27771759033205,141.77999877929688,16.489999771118164
2019-08-14,22.100000381469727,256.99090576171875,59.74301910400391,119.91990661621094,142.75,16.280000686645508
2019-08-15,21.18000030517578,257.6697998046875,59.9176139831543,121.2533950805664,143.6999969482422,16.270000457763672
2019-08-16,18.46999931335449,261.4716491699219,60.12010192871094,120.28211212158205,142.77999877929688,16.229999542236328
2019-08-19,16.8799991607666,264.6219482421875,60.29464721679688,118.56175994873048,141.11000061035156,16.290000915527344
2019-08-20,17.5,262.59423828125,60.34354019165039,119.78820037841795,142.2100067138672,16.139999389648438
2019-08-21,15.800000190734863,264.7305603027344,60.60189056396485,118.98979949951172,141.75999450683594,16.170000076293945
2019-08-22,16.68000030517578,264.6489562988281,60.71359252929688,118.1995620727539,141.39999389648438,16.059999465942383
2019-08-23,19.8700008392334,257.8507995605469,60.4343147277832,120.1421356201172,144.1699981689453,15.880000114440918
2019-08-26,19.31999969482422,260.7022705078125,60.73456954956055,119.65648651123048,144.19000244140625,15.90999984741211
2019-08-27,20.309999465942383,259.679443359375,60.70661926269531,121.50025177001952,145.57000732421875,16.0
2019-08-28,19.350000381469727,261.5079345703125,60.8532829284668,121.65664672851562,145.16000366210938,16.06999969482422
2019-08-29,17.8799991607666,264.84820556640625,60.916114807128906,121.19578552246094,144.1199951171875,16.110000610351562
2019-08-30,18.979999542236328,264.7305603027344,60.86024475097656,121.22866821289062,143.75,16.0
2019-09-03,19.65999984741211,263.1826477050781,60.68563461303711,121.38532257080078,145.75,15.850000381469728
2019-09-04,17.329999923706055,266.1697998046875,60.811859130859375,121.56672668457033,146.66000366210938,16.229999542236328
2019-09-05,16.270000457763672,269.5915222167969,61.05026626586914,119.3651123046875,143.13999938964844,16.5
2019-09-06,15.0,269.7996826171875,61.10638046264648,120.2144012451172,141.9199981689453,16.43000030517578
2019-09-09,15.270000457763672,269.9355773925781,61.16952133178711,118.0787582397461,141.38999938964844,16.459999084472656
2019-09-10,15.199999809265137,269.8721618652344,61.20454788208008,116.00911712646484,140.17999267578125,16.40999984741211
2019-09-11,14.609999656677246,271.7911376953125,61.19752883911133,115.80301666259766,141.02999877929688,16.3700008392334
2019-09-12,14.220000267028809,272.732666015625,61.23257827758789,115.04439544677734,141.32000732421875,16.530000686645508
2019-09-13,13.739999771118164,272.5515441894531,61.12040328979492,112.587158203125,140.14999389648438,16.920000076293945
2019-09-16,14.670000076293944,271.70965576171875,61.33780288696289,114.02185821533205,141.32000732421875,16.559999465942383
2019-09-17,14.4399995803833,272.3977966308594,61.37284469604492,114.64030456542967,141.60000610351562,16.450000762939453
2019-09-18,13.949999809265137,272.56060791015625,61.33780288696289,115.12678527832033,140.7100067138672,16.360000610351562
2019-09-19,14.050000190734863,272.54248046875,61.267677307128906,115.47315979003906,141.27999877929688,16.34000015258789
2019-09-20,15.31999969482422,271.2547302246094,61.34477233886719,116.99859619140624,142.9499969482422,16.25
2019-09-23,14.90999984741211,271.1912536621094,61.31675720214844,116.97386169433594,143.75,16.3799991607666
2019-09-24,17.049999237060547,269.063232421875,61.23257827758789,118.38385772705078,144.50999450683594,16.309999465942383
2019-09-25,15.960000038146973,270.6545715332031,61.16952133178711,116.65226745605467,141.8300018310547,16.360000610351562
2019-09-26,16.06999969482422,270.0907287597656,61.12739562988281,117.4026870727539,141.7899932861328,16.15999984741211
2019-09-27,17.219999313354492,268.63580322265625,61.05728530883789,117.69124603271484,141.05999755859375,16.290000915527344
2019-09-30,16.239999771118164,269.8816223144531,61.12739562988281,117.97986602783205,138.8699951171875,16.1299991607666
2019-10-01,18.559999465942383,266.67144775390625,60.98662185668945,118.33499908447266,139.6300048828125,16.09000015258789
2019-10-02,20.559999465942383,261.9607849121094,60.62753677368164,118.62413787841795,141.25999450683594,16.100000381469727
2019-10-03,19.1200008392334,264.10693359375,60.6627311706543,119.70616149902344,141.89999389648438,16.010000228881836
2019-10-04,17.040000915527344,267.6808166503906,60.85285568237305,120.59009552001952,141.89999389648438,16.06999969482422
2019-10-07,17.860000610351562,266.5260009765625,60.80355072021485,119.59053802490234,140.69000244140625,16.1299991607666
2019-10-08,20.280000686645508,262.3882141113281,60.578269958496094,119.91271209716795,141.9199981689453,16.09000015258789
2019-10-09,18.63999938964844,264.8799133300781,60.761329650878906,119.2353515625,142.0500030517578,16.079999923706055
2019-10-10,17.56999969482422,266.67144775390625,60.838775634765625,117.4594497680664,140.80999755859375,16.34000015258789
2019-10-11,15.579999923706056,269.4360046386719,61.09220123291016,116.00566864013672,140.02999877929688,16.469999313354492
2019-10-14,14.56999969482422,269.1358642578125,61.13446044921875,116.84822845458984,140.58999633789062,16.510000228881836
2019-10-15,13.539999961853027,271.8004150390625,61.26823425292969,115.43572998046876,139.61000061035156,16.3700008392334
2019-10-16,13.68000030517578,271.3638610839844,61.21891403198242,115.576171875,140.41000366210938,16.209999084472656
2019-10-17,13.789999961853027,272.1642150878906,61.30343627929688,115.29532623291016,140.61000061035156,16.309999465942383
2019-10-18,14.25,270.9727783203125,61.31752014160156,115.29532623291016,140.4600067138672,16.530000686645508
2019-10-21,14.0,272.809814453125,61.338645935058594,114.42796325683594,139.7899932861328,16.579999923706055
2019-10-22,14.460000038146973,271.9187316894531,61.352725982666016,115.09699249267578,140.1999969482422,16.530000686645508
2019-10-23,14.010000228881836,272.7098083496094,61.4090461730957,115.21271514892578,140.52999877929688,16.719999313354492
2019-10-24,13.710000038146973,273.1554870605469,61.47942733764648,114.98140716552734,141.52999877929688,16.719999313354492
2019-10-25,12.649999618530272,274.27410888671875,61.52875900268555,114.4197235107422,141.86000061035156,16.829999923706055
2019-10-28,13.109999656677246,275.8200378417969,61.52169036865234,113.37893676757812,140.63999938964844,16.850000381469727
2019-10-29,13.199999809265137,275.7381286621094,61.4090461730957,113.45327758789062,140.25,16.8700008392334
2019-10-30,12.329999923706056,276.58380126953125,61.33161163330078,115.1135711669922,141.02000427246094,16.81999969482422
2019-10-31,13.220000267028809,275.84722900390625,61.120391845703125,116.66650390625,142.42999267578125,16.540000915527344
2019-11-01,12.300000190734863,278.4027099609375,61.38267517089844,116.30733489990234,142.55999755859375,16.670000076293945
2019-11-04,12.829999923706056,279.5211486816406,61.50994873046875,114.77657318115234,142.14999389648438,16.700000762939453
2019-11-05,13.100000381469728,279.2120361328125,61.44630432128906,113.4857177734375,139.85000610351562,16.940000534057617
2019-11-06,12.619999885559082,279.2757873535156,61.37560272216797,114.17253875732422,140.4499969482422,16.739999771118164
2019-11-07,12.729999542236328,280.2579040527344,61.34729766845703,112.10385131835938,138.27000427246094,17.010000228881836
2019-11-08,12.06999969482422,280.9490051269531,61.40388488769531,111.63221740722656,137.38999938964844,16.889999389648438
2019-11-11,12.6899995803833,280.41241455078125,61.36855697631836,111.70675659179688,137.05999755859375,16.700000762939453
2019-11-12,12.68000030517578,281.0035400390625,61.38267517089844,112.2197036743164,137.42999267578125,16.649999618530273
2019-11-13,13.0,281.09454345703125,61.31907272338867,112.94792938232422,137.97999572753906,16.579999923706055
2019-11-14,13.050000190734863,281.5036926269531,61.283729553222656,114.11457061767578,138.55999755859375,16.5
2019-11-15,12.050000190734863,283.540771484375,61.46752166748047,113.99049377441406,138.2100067138672,16.610000610351562
2019-11-18,12.460000038146973,283.7499084472656,61.38975143432617,114.19735717773438,138.6199951171875,16.479999542236328
2019-11-19,12.859999656677246,283.6681213378906,61.17056655883789,115.14891052246094,138.69000244140625,16.700000762939453
2019-11-20,12.779999732971191,282.6131286621094,61.04331588745117,116.34043884277344,138.75999450683594,16.6299991607666
2019-11-21,13.130000114440918,282.1584777832031,61.057464599609375,115.6122817993164,138.0,16.520000457763672
2019-11-22,12.34000015258789,282.7859191894531,61.29076385498047,115.76129913330078,137.74000549316406,16.610000610351562
2019-11-25,11.869999885559082,284.9776916503906,61.453372955322266,116.10053253173828,137.0800018310547,16.670000076293945
2019-11-26,11.539999961853027,285.62322998046875,61.52408218383789,116.77902221679688,137.74000549316406,16.8799991607666
2019-11-27,11.75,286.89654541015625,61.601863861083984,116.43973541259766,137.00999450683594,16.90999984741211
2019-11-29,12.619999885559082,285.8324584960937,61.46752166748047,116.19153594970705,137.86000061035156,16.649999618530273
2019-12-02,14.90999984741211,283.40435791015625,61.42565155029297,114.64236450195312,137.7899932861328,16.6200008392334
2019-12-03,15.960000038146973,281.5036926269531,61.34046936035156,117.04606628417967,139.11000061035156,16.450000762939453
2019-12-04,14.800000190734863,283.2406005859375,61.52499771118164,115.87735748291016,138.9199981689453,16.6299991607666
2019-12-05,14.520000457763672,283.7499084472656,61.617305755615234,115.31372833251952,139.0,16.68000030517578
2019-12-06,13.619999885559082,286.3416748046875,61.70247268676758,114.6755142211914,137.6199951171875,17.229999542236328
2019-12-09,15.859999656677246,285.4413757324219,61.70247268676758,114.92414093017578,137.5800018310547,17.260000228881836
2019-12-10,15.68000030517578,285.1230773925781,61.85153579711914,114.93245697021484,137.97000122070312,17.34000015258789
2019-12-11,14.989999771118164,285.9324951171875,61.979251861572266,115.83592224121094,138.9199981689453,17.5
2019-12-12,13.9399995803833,288.39697265625,62.12124252319336,113.9294662475586,138.42999267578125,17.6299991607666
2019-12-13,12.630000114440918,288.5697631835937,62.185150146484375,115.2474136352539,139.0500030517578,17.450000762939453
2019-12-16,12.140000343322754,290.5521850585937,62.3057975769043,114.21133422851562,139.0399932861328,17.600000381469727
2019-12-17,12.289999961853027,290.61590576171875,62.49747085571289,114.0538101196289,139.00999450683594,17.579999923706055
2019-12-18,12.579999923706056,290.6340637207031,62.61100769042969,113.11714935302734,139.02000427246094,17.600000381469727
2019-12-19,12.5,291.8253479003906,62.578243255615234,113.2981185913086,139.3800048828125,17.68000030517578
2019-12-20,12.510000228881836,293.10479736328125,62.485633850097656,113.4476089477539,139.52000427246094,17.549999237060547
2019-12-23,12.609999656677246,293.5525817871094,62.51411056518555,113.28160858154295,139.9499969482422,17.579999923706055
2019-12-24,12.670000076293944,293.5616455078125,62.5639877319336,113.6053695678711,141.27000427246094,17.700000762939453
2019-12-26,12.649999618530272,295.1244201660156,62.65659713745117,113.87931823730467,142.3800048828125,17.850000381469727
2019-12-27,13.43000030517578,295.0513000488281,62.628074645996094,114.00387573242188,142.3300018310547,17.700000762939453
2019-12-30,14.81999969482422,293.4245910644531,62.585357666015625,113.58876037597656,142.6300048828125,17.68000030517578
2019-12-31,13.779999732971191,294.1374206542969,62.64234161376953,112.47625732421876,142.89999389648438,17.540000915527344
2020-01-02,12.470000267028809,296.88818359375,62.90592956542969,113.7464599609375,143.9499969482422,17.700000762939453
2020-01-03,14.020000457763672,294.6400451660156,62.84180450439453,115.49819946289062,145.86000061035156,17.450000762939453
2020-01-06,13.850000381469728,295.7640686035156,62.77768325805664,114.84235382080078,147.38999938964844,17.469999313354492
2020-01-07,13.789999961853027,294.9324951171875,62.720741271972656,114.27777862548828,147.97000122070312,17.520000457763672
2020-01-08,13.449999809265137,296.5043640136719,62.77768325805664,113.52233123779295,146.86000061035156,17.59000015258789
2020-01-09,12.539999961853027,298.514892578125,62.94152069091797,113.9208526611328,146.02999877929688,17.540000915527344
2020-01-10,12.5600004196167,297.65582275390625,62.962921142578125,114.93364715576172,146.91000366210938,17.6200008392334
2020-01-13,12.31999969482422,299.7028503417969,62.962921142578125,114.58499145507812,145.82000732421875,17.920000076293945
2020-01-14,12.390000343322754,299.2459716796875,62.95576095581055,115.17447662353516,145.69000244140625,17.979999542236328
2020-01-15,12.420000076293944,299.9222717285156,62.97001266479492,115.938232421875,146.5399932861328,17.950000762939453
2020-01-16,12.31999969482422,302.4170837402344,62.991355895996094,115.5729751586914,146.30999755859375,17.860000610351562
2020-01-17,12.100000381469728,303.3583984375,62.94152069091797,114.58499145507812,146.5800018310547,17.8700008392334
2020-01-21,12.850000381469728,302.76434326171875,62.80618667602539,115.7887725830078,146.74000549316406,17.5
2020-01-22,12.90999984741211,302.8009033203125,62.920143127441406,116.19564056396484,146.7899932861328,17.399999618530273
2020-01-23,12.979999542236328,303.1481628417969,62.727840423583984,117.00923919677734,147.1199951171875,17.139999389648438
2020-01-24,14.5600004196167,300.4523010253906,62.46430206298828,117.95561981201172,147.97999572753906,16.84000015258789
2020-01-27,18.229999542236328,295.6361389160156,62.043975830078125,119.79043579101562,148.99000549316406,16.299999237060547
2020-01-28,16.280000686645508,298.7342224121094,62.578243255615234,118.85222625732422,147.66000366210938,16.200000762939453
2020-01-29,16.389999389648438,298.4874267578125,62.54265594482422,120.01455688476562,148.4600067138672,16.110000610351562
2020-01-30,15.489999771118164,299.45611572265625,62.60673522949219,120.03109741210938,148.47000122070312,16.0
2020-01-31,18.84000015258789,294.01861572265625,62.350318908691406,121.12706756591795,149.3300018310547,15.779999732971191
2020-02-03,17.969999313354492,296.20281982421875,62.340274810791016,121.02890014648438,148.36000061035156,15.75
2020-02-04,16.049999237060547,300.7172241210937,62.71225357055664,119.39898681640624,146.42999267578125,15.989999771118164
2020-02-05,15.149999618530272,304.1899719238281,62.969764709472656,118.09339904785156,146.61000061035156,16.25
2020-02-06,14.960000038146973,305.21356201171875,63.01982879638672,118.62564849853516,147.39999389648438,16.299999237060547
2020-02-07,15.470000267028809,303.5868835449219,62.92683410644531,120.10585021972656,147.7899932861328,16.020000457763672
2020-02-10,15.039999961853027,305.8531799316406,63.012657165527344,120.43843841552734,148.1699981689453,16.049999237060547
2020-02-11,15.18000030517578,306.3832397460937,63.055606842041016,119.8314437866211,147.66000366210938,16.229999542236328
2020-02-12,13.739999771118164,308.3572082519531,63.22010803222656,119.22431182861328,147.5399932861328,16.3799991607666
2020-02-13,14.149999618530272,308.0281677246094,63.24156951904297,119.6817398071289,148.3800048828125,16.43000030517578
2020-02-14,13.68000030517578,308.5217590332031,63.23443222045898,120.20559692382812,149.0,16.329999923706055
2020-02-18,14.829999923706056,307.7266845703125,63.10567855834961,121.02890014648438,150.91000366210938,16.389999389648438
2020-02-19,14.380000114440918,309.19793701171875,63.13427734375,121.02058410644533,151.7899932861328,16.399999618530273
2020-02-20,15.5600004196167,307.9277648925781,63.24156951904297,121.96855926513672,152.41000366210938,16.25
2020-02-21,17.079999923706055,304.7565612792969,63.18434524536133,123.10780334472656,154.6999969482422,16.309999465942383
2020-02-24,25.030000686645508,294.6492614746094,62.50481414794922,124.94569396972656,156.08999633789062,16.1200008392334
2020-02-25,27.850000381469727,285.7207946777344,62.06840896606445,125.61091613769533,153.3000030517578,16.040000915527344
2020-02-26,27.559999465942383,284.6697998046875,62.132843017578125,124.94569396972656,153.97000122070312,16.06999969482422
2020-02-27,39.15999984741211,271.88482666015625,61.29589080810547,126.30113220214844,154.0,16.010000228881836
2020-02-28,40.11000061035156,270.742431640625,61.54627990722656,129.153564453125,148.3800048828125,15.880000114440918
2020-03-02,33.41999816894531,282.46734619140625,62.013282775878906,128.20321655273438,149.1999969482422,16.350000381469727
2020-03-03,36.81999969482422,274.379638671875,61.74747467041016,130.19363403320312,153.88999938964844,16.190000534057617
2020-03-04,31.989999771118164,285.9127197265625,62.59527969360352,128.81121826171875,154.16000366210938,16.190000534057617
2020-03-05,39.619998931884766,276.4084777832031,61.80493927001953,132.0175323486328,157.49000549316406,16.049999237060547
2020-03-06,41.93999862670898,271.8390197753906,61.10796737670898,138.88819885253906,157.5500030517578,16.010000228881836
2020-03-09,54.459999084472656,250.6099853515625,58.47830581665039,142.65249633789062,157.80999755859375,15.579999923706056
2020-03-10,47.29999923706055,263.57769775390625,59.37641143798828,135.34042358398438,154.47999572753906,15.899999618530272
2020-03-11,53.900001525878906,250.72874450683597,58.0831298828125,130.36021423339844,153.92999267578125,15.550000190734863
2020-03-12,75.47000122070312,226.7396545410156,55.76237106323242,131.16799926757812,147.7899932861328,15.3100004196167
2020-03-13,57.83000183105469,246.12283325195312,57.515533447265625,128.20321655273438,143.27999877929688,15.56999969482422
2020-03-16,82.69000244140625,219.1911773681641,54.354129791259766,136.50636291503906,141.63999938964844,14.920000076293944
2020-03-17,75.91000366210938,231.0257110595703,54.864253997802734,127.4037094116211,143.55999755859375,14.5
2020-03-18,76.44999694824219,219.3282470703125,52.44294738769531,120.21654510498048,140.6999969482422,13.5
2020-03-19,72.0,219.79428100585935,51.26460266113281,123.489501953125,138.0399932861328,13.539999961853027
2020-03-20,66.04000091552734,210.32241821289065,50.1150016784668,132.77545166015625,140.11000061035156,13.31999969482422
2020-03-23,61.59000015258789,204.9449005126953,49.310302734375,138.2469940185547,146.3000030517578,13.029999732971191
2020-03-24,61.66999816894531,223.51351928710935,51.34365081787109,135.67361450195312,153.39999389648438,13.739999771118164
2020-03-25,63.95000076293945,226.85960388183597,52.78781127929688,135.3654327392578,151.3000030517578,13.789999961853027
2020-03-26,61.0,240.1059112548828,55.20196533203125,136.03170776367188,153.24000549316406,13.68000030517578
2020-03-27,65.54000091552734,232.9541931152344,55.34564971923828,139.66278076171875,152.25,13.59000015258789
2020-03-30,57.08000183105469,240.51953125,55.81987762451172,138.5134735107422,152.9199981689453,13.56999969482422
2020-03-31,53.540000915527344,236.9344940185547,55.3744010925293,137.38912963867188,148.0500030517578,13.859999656677246
2020-04-01,57.060001373291016,226.27130126953125,53.854373931884766,139.31407165527344,149.4499969482422,13.56999969482422
2020-04-02,50.90999984741211,231.4925537109375,54.27318954467773,140.19815063476562,151.89999389648438,13.859999656677246
2020-04-03,46.79999923706055,228.14654541015625,53.110599517822266,140.53176879882812,152.64999389648438,13.6899995803833
2020-04-06,45.2400016784668,243.4702911376953,54.40319442749024,140.164794921875,156.8800048828125,13.829999923706056
2020-04-07,46.70000076293945,243.7184600830078,54.40319442749024,138.6968994140625,156.0399932861328,14.140000343322754
2020-04-08,43.34999847412109,251.89968872070312,55.8184928894043,137.68777465820312,154.64999389648438,14.25
2020-04-09,41.66999816894531,255.7328948974609,59.47231674194336,137.9379425048828,158.69000244140625,14.619999885559082
2020-04-13,41.16999816894531,253.3981475830078,58.620235443115234,136.67852783203125,161.41000366210938,14.609999656677246
2020-04-14,37.7599983215332,260.8714599609375,58.86574172973633,136.6451873779297,162.67999267578125,14.869999885559082
2020-04-15,40.84000015258789,255.32847595214844,58.31695175170898,140.26492309570312,161.85000610351562,14.579999923706056
2020-04-16,40.11000061035156,256.5602111816406,58.259185791015625,141.8578338623047,161.7100067138672,14.539999961853027
2020-04-17,38.150001525878906,263.49139404296875,58.55525207519531,139.95628356933594,158.57000732421875,14.75
2020-04-20,43.83000183105469,258.84918212890625,57.6743049621582,141.08221435546875,159.6999969482422,14.470000267028809
2020-04-21,45.40999984741211,250.9896545410156,56.62004089355469,142.8585662841797,158.61000061035156,14.199999809265137
2020-04-22,41.97999954223633,256.5602111816406,57.1182975769043,141.39915466308594,161.72999572753906,14.470000267028809
2020-04-23,41.380001068115234,256.5418701171875,57.08940887451172,142.14971923828125,163.33999633789062,14.460000038146973
2020-04-24,35.93000030517578,260.11773681640625,56.555023193359375,142.4833984375,162.63999938964844,14.770000457763672
2020-04-27,33.290000915527344,263.8682861328125,56.78611373901367,139.83120727539062,161.55999755859375,14.90999984741211
2020-04-28,33.56999969482422,262.65484619140625,56.95940780639648,141.44082641601562,160.83999633789062,14.789999961853027
2020-04-29,31.229999542236328,269.5308837890625,57.96313095092773,140.7069549560547,161.72999572753906,15.0
2020-04-30,34.150001525878906,267.02117919921875,58.07868194580078,139.0638427734375,158.8000030517578,14.949999809265137
2020-05-01,37.18999862670898,259.9523010253906,57.07682800292969,140.25466918945312,159.77999877929688,14.550000190734863
2020-05-04,35.970001220703125,260.6692810058594,56.99704360961914,139.59500122070312,160.33999633789062,14.800000190734863
2020-05-05,33.61000061035156,263.0777893066406,57.49032974243164,138.701416015625,161.02000427246094,14.760000228881836
2020-05-06,34.119998931884766,261.2943725585937,57.16390228271485,136.46343994140625,158.9499969482422,14.93000030517578
2020-05-07,31.440000534057617,264.4473571777344,57.3089714050293,138.74322509765625,161.38999938964844,14.920000076293944
2020-05-08,27.979999542236328,268.8229675292969,57.85304260253906,136.9393768310547,160.4199981689453,15.300000190734863
2020-05-11,27.56999969482422,268.878173828125,57.59192657470703,135.87039184570312,159.4199981689453,14.890000343322754
2020-05-12,33.040000915527344,263.5189208984375,57.51933288574219,137.26507568359375,160.0399932861328,14.890000343322754
2020-05-13,35.279998779296875,258.8583374023437,57.21470260620117,138.2254180908203,161.5800018310547,14.789999961853027
2020-05-14,32.61000061035156,261.9562683105469,57.018802642822266,139.57827758789062,163.00999450683594,14.739999771118164
2020-05-15,31.88999938964844,263.1604309082031,57.0986213684082,139.21922302246094,163.92999267578125,14.850000381469728
2020-05-18,29.299999237060547,271.17626953125,58.10694122314453,136.1627655029297,162.69000244140625,15.260000228881836
2020-05-19,30.530000686645508,268.39093017578125,58.17949676513672,136.6721954345703,164.25999450683594,15.210000038146973
2020-05-20,27.989999771118164,272.95037841796875,58.7961311340332,137.0813751220703,164.64999389648438,15.460000038146973
2020-05-21,29.530000686645508,271.06591796875,58.7816162109375,137.42376708984375,162.25,15.3100004196167
2020-05-22,28.15999984741211,271.5806884765625,58.92667007446289,138.25047302246094,163.2100067138672,15.149999618530272
2020-05-26,28.01000022888184,274.9267578125,59.369178771972656,136.39659118652344,160.88999938964844,15.329999923706056
2020-05-27,27.6200008392334,279.0173645019531,59.492523193359375,136.1460418701172,161.17999267578125,15.079999923706056
2020-05-28,28.59000015258789,278.5025634765625,59.55057144165039,135.6449737548828,161.72000122070312,15.079999923706056
2020-05-29,27.51000022888184,279.74365234375,59.78995895385742,136.61370849609375,162.91000366210938,15.510000228881836
2020-06-01,28.229999542236328,280.8742370605469,60.24217987060547,135.6939239501953,163.66000366210938,15.59000015258789
2020-06-02,26.84000015258789,283.1998596191406,60.83939743041992,135.20053100585938,162.60000610351562,15.6899995803833
2020-06-03,25.65999984741211,286.96881103515625,61.12344741821289,133.40277099609375,159.60000610351562,15.56999969482422
2020-06-04,25.809999465942383,286.21502685546875,60.93405532836914,131.4712677001953,161.27999877929688,15.56999969482422
2020-06-05,24.520000457763672,293.550537109375,61.509403228759766,130.5347137451172,158.00999450683594,16.040000915527344
2020-06-08,25.809999465942383,297.09881591796875,61.58222198486328,131.0364227294922,159.72000122070312,16.450000762939453
2020-06-09,27.56999969482422,294.8833923339844,61.10157775878906,132.5247802734375,161.25999450683594,16.3799991607666
2020-06-10,27.56999969482422,293.2380065917969,61.01419448852539,134.48974609375,163.57000732421875,16.8700008392334
2020-06-11,40.790000915527344,276.3331604003906,59.448387145996094,137.0317840576172,162.38999938964844,16.079999923706055
2020-06-12,36.09000015258789,279.64239501953125,60.0383415222168,135.71066284179688,162.6199951171875,16.3799991607666
2020-06-15,34.400001525878906,282.2530517578125,60.62092208862305,135.78591918945312,162.3300018310547,16.290000915527344
2020-06-16,33.66999816894531,287.6857604980469,60.8685302734375,133.7038116455078,162.25,16.149999618530273
2020-06-17,33.470001220703125,286.49078369140625,60.5844841003418,134.25567626953125,162.55999755859375,16.25
2020-06-18,32.939998626708984,286.60107421875,60.56266021728516,135.6772003173828,162.24000549316406,16.420000076293945
2020-06-19,35.119998931884766,284.9631652832031,60.35873794555664,135.78591918945312,164.02999877929688,16.549999237060547
2020-06-22,31.770000457763672,286.79132080078125,60.31504821777344,135.80258178710938,165.08999633789062,16.649999618530273
2020-06-23,31.3700008392334,288.11163330078125,60.40243148803711,134.8744659423828,166.47999572753906,16.670000076293945
2020-06-24,33.84000015258789,280.76226806640625,59.78340148925781,136.3210906982422,165.89999389648438,16.690000534057617
2020-06-25,32.220001220703125,283.77215576171875,59.805267333984375,136.7140655517578,165.8000030517578,16.760000228881836
2020-06-26,34.72999954223633,277.0321350097656,59.23720932006836,138.1773223876953,166.5399932861328,16.809999465942383
2020-06-29,31.780000686645508,281.1038513183594,58.902191162109375,137.74253845214844,166.6300048828125,16.81999969482422
2020-06-30,30.43000030517578,284.7046203613281,59.44111251831055,137.07357788085938,167.3699951171875,17.06999969482422
2020-07-01,28.6200008392334,286.6990051269531,59.62614822387695,136.80740356445312,166.6199951171875,17.110000610351562
2020-07-02,27.68000030517578,288.2777709960937,60.06496047973633,136.94969177246094,166.97999572753906,17.110000610351562
2020-07-06,27.940000534057617,292.7279968261719,60.49642181396485,136.38890075683594,167.97999572753906,17.350000381469727
2020-07-07,29.43000030517578,289.7088928222656,60.09421157836914,138.30589294433594,169.0399932861328,17.389999389648438
2020-07-08,28.07999992370605,291.9247741699219,60.25509643554688,137.7533721923828,170.08999633789062,17.579999923706055
2020-07-09,29.26000022888184,290.26287841796875,60.12345886230469,139.94671630859375,169.6300048828125,17.770000457763672
2020-07-10,27.290000915527344,293.2266540527344,60.32823944091797,139.2434844970703,169.19000244140625,18.170000076293945
2020-07-13,32.189998626708984,290.68756103515625,59.9991340637207,139.7039031982422,169.39999389648438,18.149999618530277
2020-07-14,29.520000457763672,294.4546203613281,60.51108932495117,139.90481567382812,170.19000244140625,18.350000381469727
2020-07-15,27.76000022888184,297.1597900390625,60.85479736328125,139.25186157226562,170.33999633789062,18.1200008392334
2020-07-16,28.0,296.1811218261719,60.913307189941406,139.91322326660156,168.72999572753906,18.11000061035156
2020-07-17,25.68000030517578,297.039794921875,61.081539154052734,139.62025451660156,170.1199951171875,18.059999465942383
2020-07-20,24.459999084472656,299.4403381347656,61.44718170166016,139.96347045898438,170.94000244140625,18.229999542236328
2020-07-21,24.84000015258789,300.0774230957031,61.73242568969727,140.04714965820312,173.0,18.440000534057617
2020-07-22,24.31999969482422,301.7854309082031,61.856727600097656,140.46572875976562,175.6300048828125,18.209999084472656
2020-07-23,26.07999992370605,298.18463134765625,61.81282424926758,142.10653686523438,177.17999267578125,18.229999542236328
2020-07-24,25.84000015258789,296.26416015625,61.87135696411133,142.09815979003906,178.6999969482422,18.049999237060547
2020-07-27,24.739999771118164,298.4247436523437,62.01763534545898,141.57080078125,182.22999572753903,18.15999984741211
2020-07-28,25.440000534057617,296.5320129394531,61.856727600097656,142.55015563964844,183.75,18.18000030517578
2020-07-29,24.100000381469727,300.178955078125,62.2004508972168,142.3074188232422,185.1300048828125,18.290000915527344
2020-07-30,24.76000022888184,299.1078186035156,62.33209991455078,143.2451171875,183.75999450683597,18.170000076293945
2020-07-31,24.459999084472656,301.4714660644531,62.44913101196289,143.1529998779297,185.42999267578125,17.950000762939453
2020-08-03,24.280000686645508,303.5673522949219,62.46455764770508,142.43223571777344,185.63999938964844,18.290000915527344
2020-08-04,23.76000022888184,304.739990234375,62.44254302978516,143.7899627685547,189.58999633789065,18.15999984741211
2020-08-05,22.989999771118164,306.6327209472656,62.55265808105469,142.53280639648438,191.3500061035156,18.200000762939453
2020-08-06,22.649999618530277,308.6823425292969,62.692161560058594,143.32899475097656,193.88999938964844,18.200000762939453
2020-08-07,22.209999084472656,308.9039611816406,62.5379753112793,142.37351989746094,190.80999755859372,17.469999313354492
2020-08-10,22.1299991607666,309.82733154296875,62.56733703613281,141.73667907714844,190.1499938964844,17.8799991607666
2020-08-11,24.030000686645508,307.2698669433594,62.00196075439453,140.05203247070312,179.94000244140625,17.709999084472656
2020-08-12,22.280000686645508,311.5538635253906,62.01663589477539,138.77821350097656,179.10000610351562,17.93000030517578
2020-08-13,22.1299991607666,310.9906005859375,61.847747802734375,137.29476928710938,183.3300018310547,17.5
2020-08-14,22.049999237060547,310.9998474121094,61.73761749267578,136.75833129882812,182.5399932861328,17.790000915527344
2020-08-17,21.350000381469727,311.9877624511719,62.104766845703125,137.10208129882812,186.5,18.11000061035156
2020-08-18,21.51000022888184,312.6618347167969,62.2002067565918,138.08262634277344,188.17999267578125,18.540000915527344
2020-08-19,22.540000915527344,311.3599853515625,62.02399063110352,137.2193603515625,182.2400054931641,18.59000015258789
2020-08-20,22.71999931335449,312.3294372558594,62.22957611083984,138.45977783203125,183.5,18.68000030517578
2020-08-21,22.540000915527344,313.4373474121094,62.22223663330078,139.2895050048828,182.02999877929688,18.31999969482422
2020-08-24,22.3700008392334,316.6134948730469,62.50859069824219,139.06317138671875,181.0,18.26000022888184
2020-08-25,22.030000686645508,317.7214050292969,62.574703216552734,137.99884033203125,181.22000122070312,18.3799991607666
2020-08-26,23.270000457763672,320.9067687988281,62.56733703613281,137.47076416015625,183.3600006103516,18.520000457763672
2020-08-27,24.46999931335449,321.6084289550781,62.47190856933594,135.1325225830078,181.2400054931641,18.6200008392334
2020-08-28,22.959999084472656,323.685791015625,62.52330780029297,135.031982421875,184.38999938964844,18.809999465942383
2020-08-31,26.40999984741211,322.5132141113281,62.43516540527344,135.9287872314453,184.8300018310547,18.959999084472656
2020-09-01,26.1200008392334,325.55084228515625,62.77504348754883,137.4833984375,185.0500030517578,18.729999542236328
2020-09-02,26.56999969482422,330.2596740722656,62.84878540039063,138.79234313964844,182.6199951171875,18.739999771118164
2020-09-03,33.599998474121094,318.8940124511719,62.4580307006836,139.18663024902344,181.13999938964844,18.40999984741211
2020-09-04,30.75,316.2902526855469,62.28847885131836,136.5437469482422,181.63999938964844,19.06999969482422
2020-09-08,31.459999084472656,307.6483154296875,61.94197082519531,137.3828582763672,181.2899932861328,18.700000762939453
2020-09-09,28.809999465942383,313.7236022949219,62.42852020263672,137.01358032226562,183.0500030517578,18.86000061035156
2020-09-10,29.709999084472656,308.27618408203125,62.13361740112305,137.70994567871094,182.4600067138672,18.40999984741211
2020-09-11,26.8700008392334,308.43310546875,62.25896453857422,138.0036163330078,182.4499969482422,18.850000381469727
2020-09-14,25.850000381469727,312.4955749511719,62.1926155090332,137.99520874023438,183.88999938964844,18.96999931335449
2020-09-15,25.59000015258789,314.07440185546875,62.36220550537109,137.65960693359375,183.4499969482422,18.920000076293945
2020-09-16,26.040000915527344,312.8280334472656,62.36220550537109,137.24850463867188,183.97000122070312,18.899999618530277
2020-09-17,26.459999084472656,310.0765380859375,62.29582214355469,137.6680145263672,182.9600067138672,19.01000022888184
2020-09-18,25.82999992370605,306.5067138671875,62.14102554321289,137.24008178710938,183.1999969482422,19.209999084472656
2020-09-21,27.780000686645508,303.0953674316406,61.63969802856445,137.93649291992188,179.52000427246094,18.71999931335449
2020-09-22,26.86000061035156,306.1823425292969,61.85350799560547,137.82742309570312,178.64999389648438,18.96999931335449
2020-09-23,28.57999992370605,299.0816650390625,61.226837158203125,138.0120391845703,174.7899932861328,18.209999084472656
2020-09-24,28.51000022888184,299.8787841796875,61.26372909545898,138.54063415527344,175.44000244140625,18.34000015258789
2020-09-25,26.3799991607666,304.7269897460937,61.15311813354492,138.54063415527344,174.94000244140625,18.420000076293945
2020-09-28,26.190000534057617,309.7882995605469,61.55121612548828,138.14630126953125,176.6999969482422,18.51000022888184
2020-09-29,26.270000457763672,308.10125732421875,61.60284423828125,138.3057098388672,178.19000244140625,18.5
2020-09-30,26.3700008392334,310.43719482421875,61.85350799560547,136.98001098632812,177.1199951171875,18.700000762939453
2020-10-01,26.700000762939453,312.4301452636719,62.065948486328125,137.2059783935547,178.6999969482422,17.860000610351562
2020-10-02,27.6299991607666,309.4638671875,62.065948486328125,136.6936492919922,178.5399932861328,18.299999237060547
2020-10-05,27.959999084472656,314.9515686035156,62.53240966796875,134.02276611328125,179.41000366210938,18.239999771118164
2020-10-06,29.479999542236328,310.47430419921875,62.39173889160156,134.74505615234375,177.3000030517578,18.149999618530277
2020-10-07,28.059999465942383,315.87860107421875,62.61386489868164,133.76235961914062,177.22000122070312,18.68000030517578
2020-10-08,26.36000061035156,318.6781005859375,62.75456237792969,134.48471069335938,177.85000610351562,18.770000457763672
2020-10-09,25.0,321.52392578125,62.89522933959961,134.45945739746094,181.0800018310547,19.049999237060547
2020-10-12,25.06999969482422,326.69647216796875,63.21358871459961,134.88787841796875,180.55999755859372,18.940000534057617
2020-10-13,26.06999969482422,324.5644226074219,62.932228088378906,135.85374450683594,177.72000122070312,18.82999992370605
2020-10-14,26.399999618530277,322.5249938964844,62.77674865722656,136.1644744873047,178.27000427246094,18.82999992370605
2020-10-15,26.96999931335449,322.12646484375,62.732330322265625,135.92933654785156,178.9199981689453,19.15999984741211
2020-10-16,27.40999984741211,321.9317321777344,62.65827178955078,135.5513153076172,178.3000030517578,18.989999771118164
2020-10-19,29.18000030517578,317.0373229980469,62.43619537353516,135.03895568847656,178.38999938964844,19.059999465942383
2020-10-20,29.350000381469727,318.30731201171875,62.65827178955078,133.75393676757812,179.25,19.479999542236328
2020-10-21,28.649999618530277,317.7046813964844,62.650875091552734,133.29202270507812,180.6000061035156,19.76000022888184
2020-10-22,28.11000061035156,319.44744873046875,62.76194381713867,131.90618896484375,178.8300018310547,19.530000686645508
2020-10-23,27.549999237060547,320.5320129394531,62.835975646972656,132.71241760253906,178.63999938964844,19.450000762939453
2020-10-26,32.459999084472656,314.6086730957031,62.28068542480469,133.9471435546875,178.5500030517578,19.1200008392334
2020-10-27,33.349998474121094,313.52410888671875,62.31031036376953,134.8458251953125,179.02000427246094,19.15999984741211
2020-10-28,40.27999877929688,302.8081359863281,61.79204940795898,134.9718017578125,176.1300048828125,18.96999931335449
2020-10-29,37.59000015258789,305.8857421875,61.9697151184082,133.66163635253906,175.39999389648438,19.020000457763672
2020-10-30,38.02000045776367,302.6968688964844,62.103004455566406,132.34295654296875,176.1999969482422,18.920000076293945
2020-11-02,37.130001068115234,306.0896911621094,62.25099563598633,133.33419799804688,177.91000366210938,19.049999237060547
2020-11-03,35.54999923706055,311.49395751953125,62.78635025024414,132.5607147216797,178.9199981689453,19.149999618530277
2020-11-04,29.56999969482422,318.45562744140625,63.37374496459961,135.4362335205078,178.82000732421875,19.239999771118164
2020-11-05,27.57999992370605,324.66632080078125,63.596797943115234,135.67166137695312,182.92999267578125,19.31999969482422
2020-11-06,24.86000061035156,324.5922241210937,63.37374496459961,134.03211975097656,183.19000244140625,19.559999465942383
2020-11-09,25.75,328.6708679199219,63.857059478759766,131.21543884277344,175.0800018310547,19.46999931335449
2020-11-10,24.799999237060547,328.1888122558594,63.767860412597656,130.45867919921875,175.66000366210938,19.5
2020-11-11,23.450000762939453,330.6268615722656,63.745548248291016,130.92953491210938,174.89999389648438,19.399999618530277
2020-11-12,25.350000381469727,327.41949462890625,63.31426239013672,133.15769958496094,175.9600067138672,19.399999618530277
2020-11-13,23.100000381469727,331.952392578125,63.52988052368164,132.98104858398438,177.16000366210938,19.68000030517578
2020-11-16,22.450000762939453,336.0960388183594,63.88680648803711,132.66159057617188,177.14999389648438,20.040000915527344
2020-11-17,22.709999084472656,334.2884521484375,63.90910720825195,133.5276336669922,176.5,19.940000534057617
2020-11-18,23.84000015258789,330.2652893066406,63.7901496887207,133.9144287109375,175.49000549316406,19.850000381469727
2020-11-19,23.11000061035156,331.6558532714844,64.00580596923828,134.6038360595703,175.16000366210938,19.950000762939453
2020-11-20,23.700000762939453,329.3847045898437,63.88680648803711,135.79779052734375,175.69000244140625,20.399999618530277
2020-11-23,22.65999984741211,331.35919189453125,63.98346710205078,135.17559814453125,172.22999572753906,20.31999969482422
2020-11-24,21.63999938964844,336.6986083984375,64.17681884765625,133.83030700683594,169.58999633789062,20.600000381469727
2020-11-25,21.25,336.17950439453125,64.14703369140625,133.4182891845703,169.50999450683594,20.59000015258789
2020-11-27,20.84000015258789,337.1156921386719,64.25115203857422,134.71315002441406,167.7899932861328,21.11000061035156
2020-11-30,20.56999969482422,335.623291015625,64.1842269897461,134.5449676513672,166.6699981689453,21.32999992370605
2020-12-01,20.770000457763672,339.2941589355469,64.34922790527344,132.56121826171875,170.17999267578125,21.71999931335449
2020-12-02,21.170000076293945,340.0078430175781,64.52835083007812,131.50906372070312,171.4600067138672,21.690000534057617
2020-12-03,21.280000686645508,339.91522216796875,64.565673828125,132.56964111328125,172.80999755859375,21.57999992370605
2020-12-04,20.790000915527344,342.844482421875,64.83446502685547,130.62539672851562,172.32000732421875,21.799999237060547
2020-12-07,21.299999237060547,342.1399230957031,64.80458068847656,131.80364990234375,174.88999938964844,21.75
2020-12-08,20.68000030517578,343.1412048339844,64.75233459472656,132.42652893066406,175.5,21.63999938964844
2020-12-09,22.270000457763672,340.06353759765625,64.65528106689453,131.9888916015625,172.5,21.670000076293945
2020-12-10,22.520000457763672,339.95233154296875,64.77474212646484,133.1588134765625,172.1699981689453,22.15999984741211
2020-12-11,23.309999465942383,339.5537109375,64.70757293701172,133.63014221191406,172.49000549316406,21.899999618530277
2020-12-14,24.71999931335449,338.0334167480469,64.72248077392578,133.259765625,171.5399932861328,21.809999465942383
2020-12-15,22.88999938964844,342.6034545898437,64.92401885986328,132.813720703125,173.94000244140625,21.940000534057617
2020-12-16,22.5,343.1412048339844,64.82697296142578,132.46017456054688,174.89999389648438,22.059999465942383
2020-12-17,21.93000030517578,345.0599060058594,64.9236831665039,132.1096649169922,176.74000549316406,22.32999992370605
2020-12-18,21.56999969482422,343.68218994140625,64.97618103027344,131.7137451171875,176.44000244140625,22.450000762939453
2020-12-21,25.15999984741211,342.45330810546875,64.74378204345703,132.23611450195312,175.8800048828125,22.200000762939453
2020-12-22,24.229999542236328,341.8761291503906,64.82622528076172,132.9185333251953,174.49000549316406,21.75
2020-12-23,23.309999465942383,342.1834411621094,65.11859130859375,132.0001678466797,175.64999389648438,21.96999931335449
2020-12-24,21.530000686645508,343.5145874023437,65.25350952148438,132.52255249023438,176.35000610351562,22.01000022888184
2020-12-28,21.700000762939453,346.4656982421875,65.3359603881836,132.58148193359375,175.7100067138672,22.190000534057617
2020-12-29,23.07999992370605,345.8046875,65.25350952148438,132.4130096435547,176.35000610351562,21.979999542236328
2020-12-30,22.770000457763672,346.2981262207031,65.3884506225586,132.699462890625,177.6999969482422,21.950000762939453
2020-12-31,22.75,348.0575866699219,65.44088745117188,132.8932647705078,178.36000061035156,21.729999542236328
2021-01-04,26.96999931335449,343.31915283203125,65.30597686767578,132.73321533203125,182.3300018310547,22.040000915527344
2021-01-05,25.34000015258789,345.68365478515625,65.3284683227539,131.74746704101562,182.8699951171875,22.61000061035156
2021-01-06,25.06999969482422,347.7503967285156,65.20854187011719,129.04290771484375,179.89999389648438,22.670000076293945
2021-01-07,22.3700008392334,352.9170837402344,65.39594268798828,127.90552520751952,179.47999572753906,22.959999084472656
2021-01-08,21.559999465942383,354.9278869628906,65.49339294433594,127.49262237548828,173.33999633789062,22.86000061035156
2021-01-11,24.07999992370605,352.535400390625,65.14108276367188,127.2819595336914,173.0,21.979999542236328
2021-01-12,23.32999992370605,352.6097717285156,65.22354125976562,127.180908203125,174.1199951171875,22.5
2021-01-13,22.209999084472656,353.5594787597656,65.41844940185547,128.6132354736328,173.3699951171875,22.270000457763672
2021-01-14,23.25,352.3211975097656,65.40343475341797,127.40837860107422,173.27999877929688,22.68000030517578
2021-01-15,24.34000015258789,349.7518920898437,65.2984619140625,127.9139175415039,171.1300048828125,22.239999771118164
2021-01-19,23.239999771118164,352.49810791015625,65.48588562011719,128.32669067382812,172.5800018310547,22.440000534057617
2021-01-20,21.57999992370605,357.376220703125,65.60581970214844,128.45310974121094,175.38999938964844,22.549999237060547
2021-01-21,21.31999969482422,357.7020874023437,65.56835174560547,127.5516357421875,175.27999877929688,22.56999969482422
2021-01-22,21.90999984741211,356.4360046386719,65.44088745117188,127.9644546508789,173.89999389648438,22.350000381469727
2021-01-25,23.190000534057617,357.8417663574219,65.4559097290039,129.47256469726562,174.0500030517578,22.46999931335449
2021-01-26,23.020000457763672,357.2831726074219,65.3584213256836,129.2282257080078,173.6199951171875,22.399999618530277
2021-01-27,37.209999084472656,348.5509338378906,65.17105865478516,129.55685424804688,172.52000427246094,21.920000076293945
2021-01-28,30.209999084472656,351.54864501953125,65.36595916748047,128.8406982421875,172.67999267578125,22.049999237060547
2021-01-29,33.09000015258789,344.51080322265625,65.19355010986328,128.0655975341797,172.61000061035156,21.90999984741211
2021-02-01,30.239999771118164,350.245361328125,65.40269470214844,128.21395874023438,174.22999572753906,21.90999984741211
2021-02-02,25.559999465942383,355.19781494140625,65.56068420410156,127.38732147216795,172.11000061035156,21.729999542236328
2021-02-03,22.90999984741211,355.4770812988281,65.61333465576172,126.25698852539062,171.85000610351562,21.989999771118164
2021-02-04,21.770000457763672,359.5173645019531,65.74879455566406,125.9197006225586,168.14999389648438,21.940000534057617
2021-02-05,20.8700008392334,360.932373046875,65.84658813476562,124.86524200439452,169.80999755859375,22.450000762939453
2021-02-08,21.239999771118164,363.53900146484375,66.04220581054688,125.41355895996094,171.52000427246094,22.700000762939453
2021-02-09,21.6299991607666,363.2969665527344,65.92183685302734,125.50627899169922,172.0800018310547,22.950000762939453
2021-02-10,21.989999771118164,363.1387023925781,65.90678405761719,126.34138488769533,172.7100067138672,23.270000457763672
2021-02-11,21.25,363.7252502441406,65.93689727783203,125.6497039794922,171.2100067138672,23.309999465942383
2021-02-12,19.96999931335449,365.5218505859375,66.04220581054688,124.08916473388672,170.69000244140625,23.3799991607666
2021-02-16,21.459999084472656,365.2054138183594,65.93689727783203,122.19974517822266,168.24000549316406,23.75
2021-02-17,21.5,365.2891845703125,65.914306640625,122.97576141357422,166.3300018310547,23.6200008392334
2021-02-18,22.489999771118164,363.7345886230469,65.8239974975586,122.47811889648438,166.32000732421875,24.200000762939453
2021-02-19,22.049999237060547,363.0921630859375,65.8315200805664,120.85013580322266,167.00999450683594,25.11000061035156
2021-02-22,23.450000762939453,360.2994384765625,65.62841796875,119.93067932128906,169.50999450683594,25.68000030517578
2021-02-23,23.11000061035156,360.7368774414063,65.78639221191406,119.58483123779295,169.1199951171875,26.07999992370605
2021-02-24,21.34000015258789,364.71197509765625,65.85413360595703,118.8004150390625,169.0,26.76000022888184
2021-02-25,28.88999938964844,355.92401123046875,65.22966003417969,116.86027526855467,165.82000732421875,26.1200008392334
2021-02-26,27.950000762939453,354.09002685546875,65.03401947021484,120.72359466552734,161.80999755859375,25.100000381469727
2021-03-01,23.350000381469727,362.6732177734375,65.76416015625,119.12911987304688,161.52999877929688,25.3700008392334
2021-03-02,24.100000381469727,359.84326171875,65.66602325439453,119.13754272460938,162.41000366210938,25.979999542236328
2021-03-03,26.670000076293945,355.07684326171875,65.45462036132812,117.84542083740234,160.6199951171875,25.46999931335449
2021-03-04,28.56999969482422,350.6828308105469,65.20542907714844,117.08533477783205,159.0399932861328,24.3799991607666
2021-03-05,24.65999984741211,357.1341857910156,65.4017333984375,117.31341552734376,159.13999938964844,25.18000030517578
2021-03-08,25.46999931335449,355.3560791015625,64.92606353759766,116.40129089355467,157.49000549316406,25.15999984741211
2021-03-09,24.030000686645508,360.4296569824219,65.01667785644531,118.01438903808594,160.83999633789062,24.780000686645508
2021-03-10,22.559999465942383,362.6732177734375,65.22053527832031,118.25081634521484,161.66000366210938,24.799999237060547
2021-03-11,21.90999984741211,366.3504943847656,65.46212005615234,117.39787292480467,161.52000427246094,25.520000457763672
2021-03-12,20.690000534057617,366.84381103515625,65.28096771240234,114.90648651123048,161.49000549316406,25.57999992370605
2021-03-15,20.030000686645508,369.0315246582031,65.28849792480469,115.58209228515624,162.1999969482422,25.559999465942383
2021-03-16,19.790000915527344,368.5660400390625,65.13746643066406,115.1176528930664,162.35000610351562,25.01000022888184
2021-03-17,19.229999542236328,369.8228149414063,65.22809600830078,114.25617218017578,163.50999450683594,25.5
2021-03-18,21.57999992370605,364.4420166015625,64.72972869873047,113.09915924072266,162.55999755859375,25.049999237060547
2021-03-19,20.950000762939453,363.7676696777344,64.97891235351562,113.80016326904295,163.24000549316406,25.21999931335449
2021-03-22,18.8799991607666,366.67236328125,65.21299743652344,115.07538604736328,163.0,25.5
2021-03-23,20.299999237060547,363.7863464355469,65.28096771240234,116.11418914794922,161.80999755859375,24.809999465942383
2021-03-24,21.200000762939453,361.9371032714844,65.3187026977539,116.73908233642578,162.3699951171875,24.82999992370605
2021-03-25,19.809999465942383,363.97314453125,65.43193817138672,115.81854248046876,161.77999877929688,24.670000076293945
2021-03-26,18.86000061035156,369.8386535644531,65.62825775146484,115.41319274902344,162.24000549316406,25.07999992370605
2021-03-29,20.739999771118164,369.65179443359375,65.66602325439453,114.43353271484376,160.30999755859375,24.90999984741211
2021-03-30,19.61000061035156,368.6710815429688,65.50743103027344,115.03314971923828,157.57000732421875,24.549999237060547
2021-03-31,19.399999618530277,370.16546630859375,65.82457733154297,114.39131927490234,159.9600067138672,24.6200008392334
2021-04-01,17.329999923706055,374.1629028320313,65.96397399902344,116.28992462158205,161.97999572753906,24.76000022888184
2021-04-05,17.90999984741211,379.53326416015625,65.9942855834961,115.7825164794922,161.9199981689453,25.57999992370605
2021-04-06,18.1200008392334,379.3091125488281,66.10794067382812,116.56891632080078,163.22000122070312,25.36000061035156
2021-04-07,17.15999984741211,379.7480773925781,66.08519744873047,115.75709533691406,162.75999450683594,25.059999465942383
2021-04-08,16.950000762939453,381.5506896972656,66.10794067382812,116.7127685546875,164.50999450683594,25.270000457763672
2021-04-09,16.690000534057617,384.3246154785156,66.06244659423828,116.28992462158205,163.27000427246094,25.040000915527344
2021-04-12,16.90999984741211,384.4647216796875,65.9942855834961,116.23908233642578,162.27999877929688,24.81999969482422
2021-04-13,16.649999618530273,385.6042175292969,66.03971862792969,117.11021423339844,163.42999267578125,24.90999984741211
2021-04-14,16.989999771118164,384.2872619628906,66.00940704345703,116.73804473876952,162.72000122070312,25.3799991607666
2021-04-15,16.56999969482422,388.4154357910156,66.27457427978516,118.69163513183594,165.35000610351562,26.11000061035156
2021-04-16,16.25,389.7137451171875,66.1382064819336,117.76980590820312,166.35000610351562,25.780000686645508
2021-04-19,17.290000915527344,387.7990112304688,66.03217315673828,117.43155670166016,165.88999938964844,26.209999084472656
2021-04-20,18.68000030517578,384.959716796875,65.9184799194336,117.97279357910156,166.47999572753906,25.90999984741211
2021-04-21,17.5,388.602294921875,66.1382064819336,118.20960235595705,168.1300048828125,26.51000022888184
2021-04-22,18.709999084472656,385.05322265625,66.01698303222656,118.7254409790039,167.0399932861328,26.309999465942383
2021-04-23,17.329999923706055,389.2280578613281,66.19124603271484,118.4464111328125,166.39999389648438,26.709999084472656
2021-04-26,17.639999389648438,390.0406494140625,66.16093444824219,118.2772216796875,166.83999633789062,27.399999618530277
2021-04-27,17.559999465942383,389.9566040039063,66.07005310058594,117.24545288085938,166.4199981689453,27.649999618530277
2021-04-28,17.280000686645508,389.8445129394531,66.19881439208984,117.32164001464844,166.91000366210938,27.799999237060547
2021-04-29,17.610000610351562,392.3288879394531,66.27457427978516,116.97486877441406,166.22000122070312,27.57999992370605
2021-04-30,18.61000061035156,389.7510986328125,66.24427032470703,117.24545288085938,165.66000366210938,27.43000030517578
2021-05-03,18.309999465942383,390.5916442871094,66.27012634277344,117.31580352783205,167.80999755859375,27.93000030517578
2021-05-04,19.479999542236328,388.1820068359375,66.23213195800781,118.1119384765625,166.5800018310547,27.899999618530277
2021-05-05,19.149999618530277,388.3033447265625,66.36132049560547,118.30669403076172,167.27000427246094,27.899999618530277
2021-05-06,18.38999938964844,391.4042663574219,66.33853912353516,118.50150299072266,170.05999755859375,28.5
2021-05-07,16.690000534057617,394.25286865234375,66.38414001464844,117.91714477539062,171.58999633789062,29.170000076293945
2021-05-10,19.65999984741211,390.3488159179688,66.23213195800781,116.72296905517578,172.11000061035156,29.020000457763672
2021-05-11,21.84000015258789,386.8650512695313,66.16368103027344,116.06234741210938,172.13999938964844,29.600000381469727
2021-05-12,27.59000015258789,378.6460571289063,65.84442901611328,114.84284973144533,170.42999267578125,29.11000061035156
2021-05-13,23.1299991607666,383.1944885253906,66.08008575439453,115.0206527709961,171.1300048828125,28.850000381469727
2021-05-14,18.809999465942383,389.07861328125,66.29293060302734,116.09627532958984,172.69000244140625,28.670000076293945
2021-05-17,19.71999931335449,388.0885314941406,66.17131805419922,115.85065460205078,174.6999969482422,29.040000915527344
2021-05-18,21.34000015258789,384.7449340820313,66.01165771484375,115.55425262451172,175.0399932861328,29.149999618530277
2021-05-19,22.18000030517578,383.7362060546875,65.83680725097656,115.27473449707033,175.16000366210938,28.040000915527344
2021-05-20,20.670000076293945,387.8644409179688,66.11809539794922,116.22331237792967,175.9600067138672,28.0
2021-05-21,20.149999618530277,387.5469055175781,66.2168960571289,116.59585571289062,176.0399932861328,27.75
2021-05-24,18.399999618530277,391.4976501464844,66.29293060302734,117.02782440185548,176.35000610351562,27.940000534057617
2021-05-25,18.84000015258789,390.6290588378906,66.30052947998047,118.1119384765625,177.9499969482422,27.81999969482422
2021-05-26,17.360000610351562,391.4042663574219,66.32331848144531,117.90860748291016,177.63999938964844,27.84000015258789
2021-05-27,16.739999771118164,391.6097106933594,66.29293060302734,117.43437957763672,177.7100067138672,28.739999771118164
2021-05-28,16.760000228881836,392.3102722167969,66.27012634277344,117.2480697631836,178.3800048828125,28.850000381469727
2021-06-01,17.899999618530273,391.9646301269531,66.46919250488281,117.22174835205078,177.89999389648438,28.700000762939453
2021-06-02,17.479999542236328,392.5810241699219,66.5531005859375,117.4931411743164,178.77000427246094,28.280000686645508
2021-06-03,18.040000915527344,391.1240234375,66.41580963134766,117.05215454101562,175.27000427246094,27.459999084472656
2021-06-04,16.420000076293945,394.7012634277344,66.56071472167969,118.65510559082033,177.16000366210938,27.82999992370605
2021-06-07,16.420000076293945,394.3182678222656,66.58357238769531,118.29043579101562,177.8699951171875,27.850000381469727
2021-06-08,17.06999969482422,394.4023742675781,66.62934112548828,119.12161254882812,177.32000732421875,27.989999771118164
2021-06-09,17.889999389648438,393.8138427734375,66.68273162841797,120.17332458496094,176.97999572753906,27.850000381469727
2021-06-10,16.100000381469727,395.64447021484375,66.80477905273438,120.89420318603516,177.74000549316406,27.65999984741211
2021-06-11,15.649999618530272,396.2983703613281,66.82767486572266,120.69914245605467,175.74000549316406,28.0
2021-06-14,16.389999389648438,397.18548583984375,66.76663208007812,119.77465057373048,174.7100067138672,27.940000534057617
2021-06-15,17.020000457763672,396.4570617675781,66.75901794433594,119.63047790527344,174.0500030517578,26.809999465942383
2021-06-16,18.149999618530277,394.2435302734375,66.66748809814453,119.52870178222656,171.11000061035156,26.5
2021-06-17,17.75,394.1128234863281,66.71324920654297,121.31829833984376,165.85000610351562,25.709999084472656
2021-06-18,20.700000762939453,388.7960510253906,66.68273162841797,123.5998077392578,164.92999267578125,25.5
2021-06-21,17.889999389648438,394.3620300292969,66.8124008178711,121.5303192138672,166.9499969482422,25.649999618530277
2021-06-22,16.65999984741211,396.4704284667969,66.8581771850586,121.82714080810548,166.25,25.950000762939453
2021-06-23,16.31999969482422,395.9925537109375,66.78951263427734,121.51339721679688,166.13999938964844,26.399999618530277
2021-06-24,15.970000267028809,398.3351135253906,66.9954605102539,121.70841979980467,166.0399932861328,26.479999542236328
2021-06-25,15.619999885559082,399.75,67.0640869140625,120.44469451904295,166.58999633789062,26.3799991607666
2021-06-28,15.760000228881836,400.5558776855469,67.05644226074219,121.6829833984375,166.5800018310547,26.21999931335449
2021-06-29,16.020000457763672,400.7713928222656,67.1403579711914,121.88656616210938,164.8300018310547,26.18000030517578
2021-06-30,15.829999923706056,401.1087341308594,67.14798736572266,122.42936706542967,165.6300048828125,26.229999542236328
2021-07-01,15.479999542236328,403.3295593261719,67.27959442138672,122.43611145019533,166.1999969482422,25.979999542236328
2021-07-02,15.06999969482422,406.412353515625,67.3867416381836,123.17501068115234,167.2899932861328,26.200000762939453
2021-07-06,16.440000534057617,405.672119140625,67.3484878540039,124.6186981201172,168.1199951171875,26.049999237060547
2021-07-07,16.200000762939453,407.105712890625,67.3714370727539,125.72270965576172,168.75999450683594,26.399999618530277
2021-07-08,19.0,403.7886352539063,67.22603607177734,126.21526336669922,168.64999389648438,26.1299991607666
2021-07-09,16.18000030517578,408.0990295410156,67.3408203125,124.44036865234376,169.2100067138672,26.6200008392334
2021-07-12,16.170000076293945,409.560791015625,67.31788635253906,124.27902221679688,169.0,26.450000762939453
2021-07-13,17.1200008392334,408.1646118164063,67.11890411376953,123.3279037475586,169.22000122070312,26.290000915527344
2021-07-14,16.329999923706055,408.7737121582031,67.22603607177734,124.7291030883789,171.0399932861328,26.11000061035156
2021-07-15,17.010000228881836,407.3775329589844,67.18014526367188,126.10491943359376,171.07000732421875,26.36000061035156
2021-07-16,18.450000762939453,404.1823120117188,67.08829498291016,125.86712646484376,169.41000366210938,26.32999992370605
2021-07-19,22.5,398.2132873535156,66.63682556152344,128.62713623046875,169.61000061035156,25.729999542236328
2021-07-20,19.729999542236328,403.9198303222656,66.9735336303711,127.3872299194336,169.38999938964844,26.09000015258789
2021-07-21,17.90999984741211,407.1901245117188,67.13420867919922,125.7737274169922,168.75999450683594,26.190000534057617
2021-07-22,17.690000534057617,408.0427551269531,67.17247009277344,126.96265411376952,169.08999633789062,26.520000457763672
2021-07-23,17.200000762939453,412.24072265625,67.30254364013672,126.11338806152344,168.55999755859375,27.190000534057617
2021-07-26,17.579999923706055,413.2527160644531,67.2031021118164,125.73973846435548,168.16000366210938,28.149999618530277
2021-07-27,19.36000061035156,411.3692932128906,67.11125183105469,127.08152770996094,168.44000244140625,28.0
2021-07-28,18.309999465942383,411.20062255859375,67.1648178100586,127.09002685546876,169.2899932861328,27.38999938964844
2021-07-29,17.700000762939453,412.906005859375,67.31021881103516,126.3851089477539,171.1699981689453,27.780000686645508
2021-07-30,18.239999771118164,410.9007568359375,67.2184066772461,126.9796371459961,169.82000732421875,27.3799991607666
2021-08-02,19.459999084472656,410.0386962890625,67.0517807006836,128.11221313476562,169.61000061035156,27.13999938964844
2021-08-03,18.040000915527344,413.37451171875,67.12855529785156,128.1802520751953,169.49000549316406,26.8799991607666
2021-08-04,17.969999313354492,411.3412170410156,67.00575256347656,128.44384765625,169.52999877929688,26.479999542236328
2021-08-05,17.280000686645508,413.9461975097656,67.1593017578125,127.78913879394533,168.86000061035156,26.61000061035156
2021-08-06,16.149999618530273,414.6302185058594,67.08248901367188,125.6548843383789,164.63999938964844,26.5
2021-08-09,16.719999313354492,414.2928771972656,66.92896270751953,125.20423889160156,161.72000122070312,26.21999931335449
2021-08-10,16.790000915527344,414.8082580566406,66.77542877197266,124.62604522705078,161.77000427246094,26.670000076293945
2021-08-11,16.170000076293945,415.8389892578125,66.88288116455078,124.54946899414062,164.0,26.799999237060547
2021-08-12,15.59000015258789,417.0851745605469,66.99803924560547,124.34542083740234,164.0399932861328,26.670000076293945
2021-08-13,15.449999809265137,417.8442077636719,67.14391326904297,126.30958557128906,166.38999938964844,26.809999465942383
2021-08-16,16.1200008392334,418.8281555175781,67.16693115234375,126.6156997680664,167.22000122070312,26.450000762939453
2021-08-17,17.90999984741211,416.0826416015625,67.01342010498047,126.56468200683594,166.97000122070312,25.799999237060547
2021-08-18,21.56999969482422,411.5285949707031,66.85984802246094,126.98979949951172,167.10000610351562,25.149999618530277
2021-08-19,21.670000076293945,412.165771484375,66.85221099853516,127.92510223388672,166.61000061035156,24.71999931335449
2021-08-20,18.559999465942383,415.4454040527344,67.01342010498047,128.01014709472656,166.6999969482422,25.299999237060547
2021-08-23,17.149999618530273,419.0999450683594,67.220703125,127.92510223388672,168.72999572753906,25.71999931335449
2021-08-24,17.219999313354492,419.7651672363281,67.31282806396484,126.9302978515625,168.64999389648438,26.0
2021-08-25,16.790000915527344,420.64599609375,67.38189697265625,125.87591552734376,167.47999572753906,26.21999931335449
2021-08-26,18.84000015258789,418.1628723144531,67.34352111816406,126.2245635986328,167.6699981689453,25.959999084472656
2021-08-27,16.389999389648438,421.901611328125,67.52775573730469,127.08333587646484,170.19000244140625,26.57999992370605
2021-08-30,16.190000534057617,423.75689697265625,67.61219787597656,127.41495513916016,169.35000610351562,26.809999465942383
2021-08-31,16.479999542236328,423.1291198730469,67.6275634765625,126.54764556884766,169.69000244140625,26.700000762939453
2021-09-01,16.110000610351562,423.3540344238281,67.68534088134766,126.7596435546875,169.6999969482422,26.18000030517578
2021-09-02,16.40999984741211,424.656494140625,67.77006530761719,127.31302642822266,169.25,26.350000381469727
2021-09-03,16.40999984741211,424.553466796875,67.77775573730469,126.15519714355467,171.05999755859375,26.459999084472656
2021-09-07,18.13999938964844,423.0354309082031,67.60063934326172,125.0909652709961,167.7100067138672,26.11000061035156
2021-09-08,17.959999084472656,422.52001953125,67.67762756347656,125.94235229492188,167.2899932861328,25.8700008392334
2021-09-09,18.799999237060547,420.7116088867188,67.7392349243164,127.46627044677734,168.02999877929688,26.15999984741211
2021-09-10,20.950000762939453,417.3944091796875,67.63916015625,126.3425064086914,167.17999267578125,27.100000381469727
2021-09-13,19.3700008392334,418.462646484375,67.8085708618164,127.10868072509766,167.74000549316406,26.690000534057617
2021-09-14,19.459999084472656,416.2044372558594,67.77775573730469,128.64968872070312,168.82000732421875,26.38999938964844
2021-09-15,18.18000030517578,419.6808776855469,67.87787628173828,128.19845581054688,167.8300018310547,27.0
2021-09-16,18.690000534057617,419.01556396484375,67.8547592163086,127.61105346679688,164.02999877929688,26.11000061035156
2021-09-17,20.809999465942383,414.9338989257813,67.77006530761719,126.998046875,163.77000427246094,26.059999465942383
2021-09-20,25.709999084472656,408.0151977539063,67.53131866455078,128.57305908203125,164.94000244140625,25.21999931335449
2021-09-21,24.36000061035156,407.6297607421875,67.64681243896484,128.46243286132812,166.0399932861328,25.26000022888184
2021-09-22,20.8700008392334,411.6061401367188,67.77006530761719,129.2285919189453,165.4199981689453,25.799999237060547
2021-09-23,18.6299991607666,416.6071472167969,67.80087280273438,126.30841827392578,163.50999450683594,25.850000381469727
2021-09-24,17.75,417.2933654785156,67.70074462890625,125.07396697998048,163.3000030517578,26.18000030517578
2021-09-27,18.76000022888184,416.099609375,67.63916015625,124.6142120361328,163.63999938964844,26.170000076293945
2021-09-28,23.25,407.71435546875,67.3310775756836,122.673095703125,162.0500030517578,26.01000022888184
2021-09-29,22.559999465942383,408.400634765625,67.45430755615234,122.88597869873048,161.32000732421875,25.5
2021-09-30,23.13999938964844,403.4090576171875,67.37728118896484,122.8689193725586,164.22000122070312,25.049999237060547
2021-10-01,21.100000381469727,408.2031555175781,67.5387954711914,123.90296173095705,164.58999633789062,25.739999771118164
2021-10-04,22.959999084472656,402.9389343261719,67.29923248291016,123.58756256103516,165.36000061035156,25.8700008392334
2021-10-05,21.299999237060547,407.1315612792969,67.2683334350586,122.39412689208984,164.58999633789062,25.57999992370605
2021-10-06,21.0,408.8236083984375,67.22970581054688,123.08462524414062,165.02999877929688,25.5
2021-10-07,19.540000915527344,412.358154296875,67.2374496459961,121.79740142822266,164.16000366210938,26.09000015258789
2021-10-08,18.770000457763672,411.6061401367188,67.03653717041016,120.94495391845705,164.22999572753906,26.170000076293945
2021-10-11,20.0,408.6261901855469,66.82791900634766,120.6380844116211,163.9199981689453,26.649999618530277
2021-10-12,19.850000381469727,407.620361328125,66.95156860351562,122.70101928710938,164.66000366210938,26.399999618530277
2021-10-13,18.63999938964844,409.0868835449219,67.1292724609375,123.8944091796875,167.58999633789062,27.530000686645508
2021-10-14,16.860000610351562,415.9679260253906,67.50789642333984,124.354736328125,168.0,28.21999931335449
2021-10-15,16.299999237060547,419.1358642578125,67.39198303222656,123.63018035888672,165.3300018310547,28.950000762939453
2021-10-18,16.309999465942383,420.376708984375,67.36106872558594,124.20983123779295,164.9199981689453,28.780000686645508
2021-10-19,15.699999809265137,423.619873046875,67.40742492675781,122.49642181396484,165.4499969482422,28.6200008392334
2021-10-20,15.489999771118164,425.2837524414063,67.43062591552734,121.66951751708984,166.89999389648438,29.040000915527344
2021-10-21,15.010000228881836,426.3929748535156,67.26062774658203,121.52462768554688,166.75,27.86000061035156
2021-10-22,15.43000030517578,425.951171875,67.09837341308594,122.86295318603516,167.77000427246094,27.530000686645508
2021-10-25,15.239999771118164,428.2354736328125,67.21427154541016,122.67540740966795,168.92999267578125,27.700000762939453
2021-10-26,15.979999542236328,428.6208801269531,67.22970581054688,123.68980407714844,167.67999267578125,27.5
2021-10-27,16.979999542236328,426.7220458984375,67.17565155029297,125.9402847290039,168.1199951171875,26.81999969482422
2021-10-28,16.530000686645508,430.8394165039063,67.34561157226562,125.51405334472656,168.0800018310547,27.100000381469727
2021-10-29,16.260000228881836,431.7136535644531,67.16790008544922,125.897705078125,166.64999389648438,26.84000015258789
2021-11-01,16.40999984741211,432.4562683105469,67.09580993652344,124.99129486083984,167.52000427246094,26.86000061035156
2021-11-02,16.030000686645508,434.2047119140625,67.25857543945312,125.54601287841795,167.16000366210938,26.71999931335449
2021-11-03,15.100000381469728,436.8556518554688,67.39039611816406,124.24864196777344,165.77000427246094,26.670000076293945
2021-11-04,15.4399995803833,438.9143676757813,67.56863403320312,125.55459594726562,167.64999389648438,26.3700008392334
2021-11-05,16.479999542236328,440.4371948242188,67.8244400024414,127.43231964111328,169.83999633789062,26.56999969482422
2021-11-08,17.219999313354492,440.8132019042969,67.73917388916016,127.1933822631836,170.4499969482422,26.93000030517578
2021-11-09,17.780000686645508,439.3561096191406,67.79344177246094,128.84927368164062,171.2899932861328,26.76000022888184
2021-11-10,18.729999542236328,435.8215637207031,67.41362762451172,126.49339294433594,173.14999389648438,26.25
2021-11-11,17.65999984741211,435.9625549316406,67.2973403930664,126.30565643310548,174.1199951171875,26.90999984741211
2021-11-12,16.290000915527344,439.2527465820313,67.32058715820312,125.75086975097656,174.4499969482422,27.190000534057617
2021-11-15,16.489999771118164,439.4031677246094,67.2430648803711,124.1718292236328,174.17999267578125,26.940000534057617
2021-11-16,16.3700008392334,441.1421508789063,67.27408599853516,123.85604095458984,172.9199981689453,26.559999465942383
2021-11-17,17.110000610351562,440.0705871582031,67.20433044433594,124.83761596679688,174.5,25.809999465942383
2021-11-18,17.59000015258789,441.5652160644531,67.15007019042969,125.30697631835938,173.94000244140625,26.299999237060547
2021-11-19,17.90999984741211,440.7755737304688,67.09580993652344,126.62994384765624,172.61000061035156,26.770000457763672
2021-11-22,19.170000076293945,439.5347595214844,66.84002685546875,125.14491271972656,168.74000549316406,26.729999542236328
2021-11-23,19.3799991607666,440.11761474609375,66.74699401855469,123.33538055419922,167.27999877929688,26.989999771118164
2021-11-24,18.57999992370605,441.2925720214844,66.73148345947266,125.31554412841795,167.1199951171875,27.31999969482422
2021-11-26,28.6200008392334,431.4504089355469,66.25089263916016,128.4821319580078,166.85000610351562,26.280000686645508
2021-11-29,22.959999084472656,436.7428588867188,66.66173553466797,127.44939422607422,166.6199951171875,26.549999237060547
2021-11-30,27.190000534057617,428.2449340820313,66.38267517089844,129.3868865966797,165.5,26.209999084472656
2021-12-01,31.1200008392334,423.4882507324219,66.39201354980469,130.18511962890625,166.16000366210938,25.68000030517578
2021-12-02,27.950000762939453,429.97454833984375,66.88196563720703,130.34742736816406,165.24000549316406,26.200000762939453
2021-12-03,30.670000076293945,426.2331848144531,66.88196563720703,131.9027557373047,166.6300048828125,26.07999992370605
2021-12-06,27.18000030517578,431.28118896484375,67.17750549316406,130.091064453125,166.22000122070312,26.489999771118164
2021-12-07,21.88999938964844,440.2021789550781,67.5352554321289,129.0399169921875,166.80999755859375,26.489999771118164
2021-12-08,19.899999618530277,441.3678894042969,67.51969146728516,126.8095703125,166.89999389648438,26.739999771118164
2021-12-09,21.57999992370605,438.387939453125,67.21639251708984,127.51883697509766,165.8800048828125,26.270000457763672
2021-12-10,18.690000534057617,442.51470947265625,67.37191772460938,127.21114349365234,166.5800018310547,26.209999084472656
2021-12-13,20.309999465942383,438.5946960449219,67.37191772460938,129.0912322998047,167.0,26.170000076293945
2021-12-14,21.88999938964844,435.5771789550781,67.25529479980469,128.78353881835938,165.44000244140625,26.01000022888184
2021-12-15,19.290000915527344,442.383056640625,67.51188659667969,127.54444885253906,166.14999389648438,26.0
2021-12-16,20.56999969482422,438.4819030761719,67.46196746826172,127.59407043457033,168.16000366210938,26.190000534057617
2021-12-17,21.56999969482422,433.8152160644531,67.39955139160156,129.03990173339844,167.8000030517578,26.15999984741211
2021-12-20,22.8700008392334,429.2022705078125,67.28246307373047,128.07315063476562,167.08999633789062,26.25
2021-12-21,21.01000022888184,436.8244323730469,67.64143371582031,127.58552551269533,167.02000427246094,26.559999465942383
2021-12-22,18.6299991607666,441.1921081542969,67.82093811035156,128.17584228515625,168.58999633789062,26.780000686645508
2021-12-23,17.959999084472656,443.9372863769531,68.01602172851562,127.06365203857422,168.97000122070312,26.82999992370605
2021-12-27,17.68000030517578,450.219970703125,68.08622741699219,127.37165069580078,169.3699951171875,27.270000457763672
2021-12-28,17.540000915527344,449.8520202636719,68.05502319335938,126.86686706542967,168.63999938964844,27.040000915527344
2021-12-29,16.950000762939453,450.4275512695313,67.94580841064453,125.48095703125,168.58999633789062,26.96999931335449
2021-12-30,17.329999923706055,449.1822204589844,67.91454315185547,126.533203125,169.8000030517578,26.739999771118164
2021-12-31,17.219999313354492,448.05023193359375,67.8989486694336,126.78131866455078,170.9600067138672,27.209999084472656
2022-01-03,16.600000381469727,450.64447021484375,67.86773681640625,123.45329284667967,168.3300018310547,26.959999084472656
2022-01-04,16.90999984741211,450.4935607910156,67.69608306884766,122.9399871826172,169.57000732421875,27.26000022888184
2022-01-05,19.729999542236328,441.8430480957031,67.17324829101562,122.27262878417967,169.05999755859375,26.700000762939453
2022-01-06,19.61000061035156,441.4279479980469,67.18099975585938,122.5892105102539,166.99000549316406,26.59000015258789
2022-01-07,18.76000022888184,439.6827392578125,67.00936126708984,121.70800018310548,167.75,26.88999938964844
2022-01-10,19.399999618530277,439.1356201171875,67.06397247314453,122.00740814208984,168.25999450683594,26.61000061035156
2022-01-11,18.40999984741211,443.1354370117188,67.37612915039062,122.8202133178711,170.2899932861328,27.030000686645508
2022-01-12,17.6200008392334,444.33343505859375,67.48539733886719,122.34966278076172,170.74000549316406,27.86000061035156
2022-01-13,20.309999465942383,438.2112121582031,67.24344635009766,123.43618774414062,170.16000366210938,27.5
2022-01-14,19.190000534057617,438.3904418945313,67.18099975585938,121.57117462158205,169.6699981689453,27.100000381469727
2022-01-18,22.790000915527344,430.6266784667969,66.85330200195312,119.8600616455078,169.38999938964844,26.84000015258789
2022-01-19,23.850000381469727,426.1552734375,66.79084777832031,120.68994140625,172.0800018310547,27.09000015258789
2022-01-20,25.59000015258789,421.4385681152344,66.66598510742188,121.43425750732422,171.64999389648438,27.57999992370605
2022-01-21,28.850000381469727,413.1654357910156,66.67377471923828,122.88006591796876,171.08999633789062,27.450000762939453
2022-01-24,29.899999618530277,414.9200439453125,66.60356903076172,121.87052917480467,172.02999877929688,27.100000381469727
2022-01-25,31.15999984741211,409.854248046875,66.40848541259766,121.6738052368164,172.5800018310547,27.18000030517578
2022-01-26,31.959999084472656,408.82611083984375,66.18218231201172,120.20228576660156,169.7899932861328,27.170000076293945
2022-01-27,30.489999771118164,406.807373046875,65.89344024658203,122.4095687866211,167.60000610351562,26.920000076293945
2022-01-28,27.65999984741211,416.91058349609375,66.08072662353516,122.45233917236328,167.10000610351562,26.399999618530277
2022-01-31,24.82999992370605,424.4195556640625,66.09632110595703,121.8191909790039,168.08999633789062,26.5
2022-02-01,21.959999084472656,427.2872619628906,66.35868835449219,121.41487121582033,168.22999572753906,27.040000915527344
2022-02-02,22.09000015258789,431.4379577636719,66.46052551269531,121.82610321044922,168.83999633789062,27.31999969482422
2022-02-03,24.350000381469727,421.2970275878906,65.86528778076172,120.87510681152344,168.60000610351562,27.190000534057617
2022-02-04,23.21999931335449,423.2780151367188,65.6068344116211,119.0931625366211,168.86000061035156,27.450000762939453
2022-02-07,22.86000061035156,421.9197082519531,65.55988311767578,119.17024993896484,170.11000061035156,27.34000015258789
2022-02-08,21.440000534057617,425.39105224609375,65.48938751220703,118.37352752685548,170.6300048828125,27.290000915527344
2022-02-09,19.959999084472656,431.61724853515625,65.83395385742188,118.59625244140624,171.2100067138672,28.26000022888184
2022-02-10,23.90999984741211,423.8629760742188,64.96463012695312,116.71146392822266,170.55999755859375,28.149999618530277
2022-02-11,27.36000061035156,415.5048828125,64.7375259399414,118.44208526611328,173.80999755859375,27.13999938964844
2022-02-14,28.32999992370605,414.146484375,64.62786865234375,116.96847534179688,174.74000549316406,27.38999938964844
2022-02-15,25.700000762939453,420.8253173828125,64.7375259399414,115.64051055908205,173.0800018310547,27.6299991607666
2022-02-16,24.290000915527344,421.2970275878906,65.09776306152344,116.32593536376952,174.86000061035156,27.649999618530277
2022-02-17,28.11000061035156,412.2975158691406,64.82366943359375,117.19119262695312,177.25,27.459999084472656
2022-02-18,27.75,409.6278381347656,64.91766357421875,118.42489624023438,177.1199951171875,27.559999465942383
2022-02-22,28.809999465942383,405.23193359375,64.76885223388672,118.7332992553711,177.49000549316406,27.46999931335449
2022-02-23,31.020000457763672,398.0436706542969,64.65133666992188,117.09693145751952,178.2899932861328,27.1200008392334
2022-02-24,30.31999969482422,404.0338439941406,65.11343383789062,117.17405700683594,177.13999938964844,27.440000534057617
2022-02-25,27.59000015258789,412.9484252929688,65.48153686523438,117.2597198486328,176.5500030517578,27.440000534057617
2022-02-28,30.149999618530277,411.8918762207031,65.52853393554688,119.8299331665039,178.3800048828125,27.399999618530277
2022-03-01,33.31999969482422,405.61865234375,65.34537506103516,121.21534729003906,181.6199951171875,27.81999969482422
2022-03-02,30.739999771118164,413.08056640625,65.50257873535156,117.07186889648438,179.72999572753906,28.5
2022-03-03,30.479999542236328,411.0240783691406,65.30608367919922,118.26433563232422,180.8000030517578,29.200000762939453
2022-03-04,31.979999542236328,407.6845703125,64.88158416748047,120.3060531616211,183.67999267578125,29.899999618530277
2022-03-07,36.45000076293945,395.6664733886719,64.31563568115234,119.38810729980467,186.41000366210935,28.90999984741211
2022-03-08,35.130001068115234,392.6665954589844,64.08768463134766,118.18716430664062,191.50999450683597,28.8700008392334
2022-03-09,32.45000076293945,403.19427490234375,64.62220764160156,117.02901458740234,185.82000732421875,27.850000381469727
2022-03-10,30.229999542236328,401.3735961914063,64.07979583740234,115.34758758544922,186.3999938964844,28.26000022888184
2022-03-11,30.75,396.2701416015625,63.61604309082031,115.73365020751952,185.08999633789065,28.0
2022-03-14,31.770000457763672,393.3740539550781,62.86140823364258,113.03137969970705,182.3000030517578,27.40999984741211
2022-03-15,29.82999992370605,402.0245666503906,63.33304977416992,112.83409118652344,178.88999938964844,27.440000534057617
2022-03-16,26.670000076293945,410.9391784667969,64.22132873535156,113.94071197509766,180.00999450683594,28.309999465942383
2022-03-17,25.670000076293945,416.0803527832031,64.66150665283203,113.09141540527344,180.88999938964844,28.59000015258789
2022-03-18,23.8700008392334,420.6376037597656,64.87373352050781,114.47257232666016,179.3000030517578,28.71999931335449
2022-03-21,23.530000686645508,420.5146179199219,64.12700653076172,111.82178497314452,180.6699981689453,28.549999237060547
2022-03-22,22.940000534057617,425.4352111816406,64.45712280273438,110.3892059326172,179.36000061035156,28.6299991607666
2022-03-23,23.56999969482422,419.956298828125,64.25275421142578,112.80831909179688,181.80999755859372,29.149999618530277
2022-03-24,21.670000076293945,426.2868347167969,64.38640594482422,111.92475128173828,183.1300048828125,28.729999542236328
2022-03-25,20.809999465942383,428.36865234375,63.92262649536133,110.37203979492188,182.3800048828125,28.61000061035156
2022-03-28,19.6299991607666,431.4156188964844,64.32347869873047,111.31568145751952,179.05999755859375,28.75
2022-03-29,18.899999618530277,436.7526245117188,65.11741638183594,112.15638732910156,179.13999938964844,28.920000076293945
2022-03-30,19.32999992370605,434.0557556152344,64.92088317871094,113.03137969970705,180.5800018310547,28.81999969482422
2022-03-31,20.559999465942383,427.37506103515625,64.68508911132812,113.30590057373048,180.6499938964844,28.709999084472656
2022-04-01,19.6299991607666,428.5863037109375,64.68032836914062,113.73723602294922,179.5,28.649999618530277
2022-04-04,18.56999969482422,432.2578430175781,65.16967010498047,112.94681549072266,180.3699951171875,29.1200008392334
2022-04-05,21.030000686645508,426.7978210449219,64.32515716552734,110.39505767822266,179.24000549316406,28.920000076293945
2022-04-06,22.100000381469727,422.5301208496094,63.820072174072266,109.50148010253906,179.66000366210938,28.729999542236328
2022-04-07,21.549999237060547,424.6592102050781,63.71743774414063,108.67670440673828,180.33999633789065,28.649999618530277
2022-04-08,21.15999984741211,423.5237731933594,63.33071899414063,107.4996109008789,181.47000122070312,28.670000076293945
2022-04-11,24.3700008392334,416.2848205566406,62.8966178894043,105.79845428466795,182.3699951171875,28.100000381469727
2022-04-12,24.26000022888184,414.7424011230469,63.3780632019043,105.65239715576172,183.7700042724609,28.56999969482422
2022-04-13,21.81999969482422,419.4925537109375,63.75690841674805,105.86717987060548,184.6499938964844,28.600000381469727
2022-04-14,22.700000762939453,414.2691955566406,63.33071899414063,103.74503326416016,184.0399932861328,28.59000015258789
2022-04-18,22.170000076293945,414.4394226074219,63.22810363769531,103.2295379638672,184.6100006103516,29.25
2022-04-19,21.3700008392334,421.1296691894531,63.17285537719727,102.45629119873048,181.82000732421875,28.6200008392334
2022-04-20,20.31999969482422,420.8173522949219,63.37017059326172,104.51828002929688,182.7100067138672,28.399999618530277
2022-04-21,22.68000030517578,414.524658203125,62.93607711791992,103.74503326416016,182.05999755859372,28.420000076293945
2022-04-22,28.209999084472656,403.1505126953125,62.55723190307617,103.0920867919922,180.2899932861328,27.82999992370605
2022-04-25,27.020000457763672,405.4877624511719,63.08602142333984,104.12311553955078,177.0500030517578,27.270000457763672
2022-04-26,33.52000045776367,393.7445373535156,62.71507263183594,105.17124938964844,177.32000732421875,26.899999618530277
2022-04-27,31.600000381469727,394.8515930175781,62.407257080078125,103.82233428955078,175.97999572753906,27.0
2022-04-28,29.989999771118164,404.8253479003906,62.75454330444336,103.97701263427734,176.92999267578125,26.84000015258789
2022-04-29,33.400001525878906,389.8648071289063,61.9810676574707,102.62810516357422,176.91000366210938,26.450000762939453
2022-05-02,32.34000015258789,392.2115478515625,61.98501205444336,100.84919738769533,173.6300048828125,25.899999618530277
2022-05-03,29.25,394.0094909667969,62.309852600097656,101.52908325195312,174.08999633789062,25.940000534057617
2022-05-04,25.420000076293945,406.00823974609375,62.94378280639648,102.08853149414062,175.8000030517578,26.5
2022-05-05,31.200000762939453,391.5775146484375,61.82657623291016,99.29143524169922,175.1300048828125,25.959999084472656
2022-05-06,30.190000534057617,389.2402648925781,61.4779167175293,97.8283462524414,175.4199981689453,25.75
2022-05-09,34.75,376.77783203125,60.82821273803711,98.68899536132812,172.8800048828125,25.459999084472656
2022-05-10,32.9900016784668,377.6484069824219,61.17682647705078,99.58403778076172,171.4199981689453,25.229999542236328
2022-05-11,32.560001373291016,371.6490173339844,60.81234359741211,101.50325775146484,172.82000732421875,25.450000762939453
2022-05-12,31.770000457763672,371.2610778808594,60.788612365722656,101.31392669677734,170.1699981689453,24.729999542236328
2022-05-13,28.8700008392334,380.1371154785156,60.859893798828125,99.8164291381836,168.7899932861328,25.25
2022-05-16,27.46999931335449,378.59466552734375,60.7727165222168,99.7131576538086,170.39999389648438,25.46999931335449
2022-05-17,26.100000381469727,386.3824462890625,60.717281341552734,98.5082550048828,169.3300018310547,25.56999969482422
2022-05-18,30.959999084472656,370.8068237304688,60.21809768676758,100.6081771850586,169.4199981689453,25.06999969482422
2022-05-19,29.350000381469727,368.5357360839844,60.62220001220703,100.84919738769533,171.91000366210938,25.850000381469727
2022-05-20,29.43000030517578,368.6966247558594,60.58256912231445,101.99382781982422,172.02999877929688,25.96999931335449
2022-05-23,28.479999542236328,375.594970703125,60.82027053833008,100.31560516357422,172.8300018310547,26.25
2022-05-24,29.450000762939453,372.7278137207031,61.184757232666016,102.29507446289062,174.1300048828125,26.100000381469727
2022-05-25,28.3700008392334,376.0208129882813,62.11179733276367,102.69955444335938,173.0800018310547,25.90999984741211
2022-05-26,27.5,383.5342102050781,62.97547149658203,102.23480987548828,172.75999450683594,25.850000381469727
2022-05-27,25.71999931335449,392.9495849609375,63.538028717041016,102.48441314697266,172.85000610351562,26.18000030517578
2022-05-31,26.190000534057617,390.7447814941406,62.99129104614258,100.31560516357422,171.13999938964844,25.96999931335449
2022-06-01,25.690000534057617,387.5841979980469,62.75822830200195,100.20092010498048,172.22999572753906,26.229999542236328
2022-06-02,24.71999931335449,394.9651794433594,63.02073669433594,100.25267028808594,174.35000610351562,27.6200008392334
2022-06-03,24.790000915527344,388.4832153320313,62.551414489746094,100.03714752197266,172.5800018310547,27.059999465942383
2022-06-06,25.06999969482422,389.666015625,62.08211517333984,98.19206237792967,171.82000732421875,26.8799991607666
2022-06-07,24.020000457763672,393.40380859375,62.22529602050781,99.25253295898438,172.94000244140625,26.979999542236328
2022-06-08,23.959999084472656,389.1267700195313,61.69237518310547,98.37312316894533,172.77999877929688,26.82999992370605
2022-06-09,26.09000015258789,379.8720703125,61.19920349121094,98.70075225830078,172.22999572753906,26.38999938964844
2022-06-10,27.75,368.8574523925781,60.15723037719727,98.08863067626952,174.5399932861328,26.040000915527344
2022-06-13,34.02000045776367,354.85260009765625,58.14482116699219,95.01067352294922,169.92999267578125,25.40999984741211
2022-06-14,32.689998626708984,353.78338623046875,58.52663040161133,93.81227111816406,168.57000732421875,25.059999465942383
2022-06-15,29.6200008392334,358.8269958496094,59.66408157348633,95.5625,170.77000427246094,25.25
2022-06-16,32.95000076293945,346.9512939453125,58.71752548217773,96.32118225097656,172.69000244140625,24.84000015258789
2022-06-17,31.1299991607666,347.6991882324219,58.900482177734375,96.63156127929688,171.27000427246094,24.3700008392334
2022-06-21,30.190000534057617,356.45196533203125,58.860721588134766,94.99342346191406,170.6300048828125,24.3700008392334
2022-06-22,28.950000762939453,355.8058166503906,58.84479141235352,97.60580444335938,171.30999755859375,23.799999237060547
2022-06-23,29.049999237060547,359.2936096191406,59.266387939453125,98.4076156616211,170.25999450683594,22.68000030517578
2022-06-24,27.229999542236328,370.7169799804688,59.68793869018555,97.0453872680664,170.08999633789062,22.600000381469727
2022-06-27,26.950000762939453,369.3009643554688,59.32204055786133,96.21772003173828,169.89999389648438,22.729999542236328
2022-06-28,28.36000061035156,361.7550354003906,58.66981887817383,96.66606903076172,169.6199951171875,22.709999084472656
2022-06-29,28.15999984741211,361.46044921875,58.58230209350586,98.1748275756836,169.49000549316406,22.799999237060547
2022-06-30,28.709999084472656,358.5237731933594,58.55048370361328,99.0370101928711,168.4600067138672,22.21999931335449
2022-07-01,26.700000762939453,362.3157348632813,59.10897445678711,100.05377960205078,168.32000732421875,21.81999969482422
2022-07-05,27.540000915527344,362.99993896484375,59.05308151245117,100.83992767333984,164.75,20.739999771118164
2022-07-06,26.729999542236328,364.2259826660156,58.82935333251953,99.1467056274414,162.13999938964844,20.780000686645508
2022-07-07,26.07999992370605,369.6810302734375,59.788124084472656,98.27420043945312,162.22999572753906,21.34000015258789
2022-07-08,24.63999938964844,369.3769836425781,59.83606719970703,97.18570709228516,162.3000030517578,21.26000022888184
2022-07-11,26.170000076293945,365.1573791503906,59.5004997253418,98.86162567138672,161.42999267578125,20.649999618530277
2022-07-12,27.290000915527344,361.9261169433594,59.74018096923828,99.4490737915039,160.8300018310547,19.6299991607666
2022-07-13,26.81999969482422,360.0254211425781,59.6762580871582,100.58938598632812,161.60000610351562,20.040000915527344
2022-07-14,26.399999618530277,359.1510314941406,59.564395904541016,99.76872253417967,159.3300018310547,19.51000022888184
2022-07-15,24.229999542236328,366.0126953125,60.32345199584961,100.33021545410156,159.00999450683594,19.51000022888184
2022-07-18,25.299999237060547,362.9905090332031,59.74018096923828,99.28492736816406,159.16000366210938,20.01000022888184
2022-07-19,24.5,372.7982482910156,60.53118133544922,98.74932861328124,159.5399932861328,19.86000061035156
2022-07-20,23.8799991607666,375.1741333007813,60.79484558105469,99.00846862792967,158.0399932861328,20.09000015258789
2022-07-21,23.11000061035156,378.9946594238281,61.51392364501953,100.7189712524414,160.27000427246094,19.950000762939453
2022-07-22,23.030000686645508,375.4783020019531,61.43402099609375,102.4121551513672,160.6699981689453,20.059999465942383
2022-07-25,23.36000061035156,375.9344482421875,61.41804885864258,101.41004180908205,160.22999572753906,20.3799991607666
2022-07-26,24.690000534057617,371.48675537109375,60.98660659790039,101.48780822753906,160.0399932861328,20.489999771118164
2022-07-27,23.239999771118164,381.1329040527344,61.657752990722656,100.91766357421876,161.6699981689453,21.0
2022-07-28,22.32999992370605,385.9132690429688,62.28893280029297,101.7210693359375,163.63999938964844,21.020000457763672
2022-07-29,21.32999992370605,391.5393676757813,62.47270202636719,101.44461059570312,164.10000610351562,21.700000762939453
2022-08-01,22.84000015258789,390.3798828125,62.49197769165039,103.88776397705078,165.02999877929688,21.32999992370605
2022-08-02,23.93000030517578,387.8044738769531,62.203224182128906,101.68952178955078,164.0500030517578,21.049999237060547
2022-08-03,21.950000762939453,393.8772583007813,62.74863815307617,103.29061889648438,164.4499969482422,21.030000686645508
2022-08-04,21.440000534057617,393.6111450195313,62.91707611083984,103.25601196289062,167.1699981689453,21.100000381469727
2022-08-05,21.149999618530277,392.9458923339844,62.59621810913086,100.7981414794922,165.2899932861328,21.56999969482422
2022-08-08,21.290000915527344,392.48968505859375,62.65239334106445,102.42515563964844,166.69000244140625,21.739999771118164
2022-08-09,21.770000457763672,390.93115234375,62.187156677246094,102.0270538330078,167.1999969482422,21.700000762939453
2022-08-10,19.739999771118164,399.1422729492188,63.117618560791016,101.36067199707033,166.77999877929688,22.0
2022-08-11,20.200000762939453,399.1422729492188,62.75662612915039,98.99801635742188,166.33999633789062,22.280000686645508
2022-08-12,19.530000686645508,405.8992919921875,63.31813430786133,100.00192260742188,167.8699951171875,22.200000762939453
2022-08-15,19.950000762939453,407.5719604492188,63.20582962036133,99.91539764404295,165.7100067138672,21.8700008392334
2022-08-16,19.690000534057617,408.3703308105469,62.90906524658203,100.33078002929688,165.4199981689453,21.86000061035156
2022-08-17,19.899999618530277,405.47161865234375,62.25934982299805,99.28359985351562,164.35000610351562,21.65999984741211
2022-08-18,19.559999465942383,406.6500854492188,62.355613708496094,99.43073272705078,163.9199981689453,22.030000686645508
2022-08-19,20.600000381469727,401.1855773925781,61.72194290161133,97.82966613769533,162.72000122070312,22.100000381469727
2022-08-22,23.799999237060547,392.831787109375,61.02412414550781,97.50080871582033,161.63999938964844,22.040000915527344
2022-08-23,24.11000061035156,391.8815307617188,61.17648315429688,96.9642105102539,162.77000427246094,22.25
2022-08-24,22.81999969482422,393.1360473632813,61.24869918823242,96.25455474853516,163.25,21.959999084472656
2022-08-25,21.780000686645508,398.6860961914063,61.82622909545898,97.5959930419922,163.75,22.31999969482422
2022-08-26,25.559999465942383,385.1909790039063,60.80754470825195,98.33161163330078,161.75999450683594,22.190000534057617
2022-08-29,26.209999084472656,382.64398193359375,60.57491683959961,97.51810455322266,161.86000061035156,21.670000076293945
2022-08-30,26.209999084472656,378.44342041015625,60.1097297668457,97.76042938232422,160.50999450683594,21.3700008392334
2022-08-31,25.8700008392334,375.5637512207031,59.78082275390625,96.82574462890624,159.27000427246094,21.1299991607666
2022-09-01,25.559999465942383,376.74224853515625,59.938846588134766,95.05303955078124,157.8699951171875,20.5
2022-09-02,25.46999931335449,372.7696838378906,59.8985595703125,95.59075927734376,159.25999450683594,20.450000762939453
2022-09-06,26.90999984741211,371.3632507324219,59.73731994628906,93.22309112548828,158.3300018310547,20.84000015258789
2022-09-07,24.63999938964844,378.0347290039063,60.59981918334961,94.69744873046876,159.94000244140625,20.709999084472656
2022-09-08,23.61000061035156,380.5056762695313,60.86579895019531,93.7261199951172,158.97999572753906,21.32999992370605
2022-09-09,22.790000915527344,386.4169921875,61.107643127441406,93.93426513671876,159.82000732421875,21.3700008392334
2022-09-12,23.8700008392334,390.5700073242188,61.29301452636719,93.16239166259766,160.6300048828125,21.75
2022-09-13,27.270000457763672,373.5870971679688,59.8985595703125,93.37920379638672,158.5399932861328,21.209999084472656
2022-09-14,26.15999984741211,375.0125122070313,59.98720550537109,93.70011138916016,157.92999267578125,21.1200008392334
2022-09-15,26.270000457763672,370.75494384765625,59.60834503173828,93.63936614990234,154.97999572753906,20.8799991607666
2022-09-16,26.299999237060547,367.926513671875,59.809871673583984,92.85884857177734,155.83999633789062,21.309999465942383
2022-09-19,25.76000022888184,370.7797546386719,60.03555679321289,93.0756607055664,155.9600067138672,21.21999931335449
2022-09-20,27.15999984741211,366.5237121582031,59.42298126220703,92.14766693115234,155.07000732421875,21.040000915527344
2022-09-21,27.989999771118164,360.1301574707031,59.24563217163086,93.69142150878906,155.7899932861328,20.690000534057617
2022-09-22,27.350000381469727,357.1051940917969,58.89096450805664,91.29776000976562,155.6999969482422,20.81999969482422
2022-09-23,29.920000076293945,351.1219482421875,58.14132308959961,91.67066192626952,153.00999450683594,20.1200008392334
2022-09-26,32.2599983215332,347.6483764648437,57.45615768432617,89.91879272460938,151.22999572753906,19.81999969482422
2022-09-27,32.599998474121094,346.7608947753906,57.33525848388672,87.55113220214844,151.5399932861328,19.790000915527344
2022-09-28,30.18000030517578,353.5839538574219,58.35896301269531,90.4825210571289,154.69000244140625,20.3700008392334
2022-09-29,31.84000015258789,346.1978759765625,57.81083679199219,90.01419830322266,154.66000366210938,20.670000076293945
2022-09-30,31.6200008392334,340.844482421875,57.54481887817383,88.85205078125,154.6699981689453,20.450000762939453
2022-10-03,30.100000381469727,349.8431091308594,58.29898071289063,90.26383972167967,158.42999267578125,20.540000915527344
2022-10-04,29.06999969482422,360.6836853027344,59.55454635620117,90.0117416381836,160.6999969482422,21.07999992370605
2022-10-05,28.549999237060547,359.8438720703125,59.31964492797852,89.15108489990234,159.80999755859375,21.3799991607666
2022-10-06,30.520000457763672,356.1318359375,59.141448974609375,88.65556335449219,159.6300048828125,20.690000534057617
2022-10-07,31.36000061035156,346.1978759765625,58.420501708984375,87.794921875,157.8800048828125,20.34000015258789
2022-10-10,32.45000076293945,343.5545959472656,57.707645416259766,86.43006134033203,155.47999572753906,20.739999771118164
2022-10-11,33.630001068115234,341.3788146972656,57.885860443115234,86.81256866455078,155.16000366210938,20.57999992370605
2022-10-12,33.56999969482422,340.2528381347656,57.98305892944336,87.238525390625,155.99000549316406,20.6299991607666
2022-10-13,31.940000534057617,349.2325134277344,58.1126708984375,86.40398406982422,154.91000366210938,20.8799991607666
2022-10-14,32.02000045776367,341.2738952636719,57.92637634277344,85.69112396240234,152.97999572753906,20.540000915527344
2022-10-17,31.3700008392334,350.0435791015625,58.63920593261719,85.27384185791016,153.4199981689453,20.46999931335449
2022-10-18,30.5,354.156494140625,59.05231857299805,85.47376251220703,153.75,20.21999931335449
2022-10-19,30.76000022888184,351.6468200683594,58.48529815673828,83.91766357421875,151.69000244140625,19.989999771118164
2022-10-20,29.979999542236328,348.69805908203125,58.16128158569336,82.48323822021484,151.4499969482422,20.489999771118164
2022-10-21,29.690000534057617,357.1719055175781,58.7202033996582,80.99667358398438,154.14999389648438,20.979999542236328
2022-10-24,29.850000381469727,361.5424499511719,58.76071166992188,80.32731628417969,153.64999389648438,20.709999084472656
2022-10-25,28.459999084472656,367.3157653808594,59.32773971557617,82.66580963134766,154.0,20.530000686645508
2022-10-26,27.280000686645508,364.5484008789063,59.48977279663086,83.8567886352539,154.97999572753906,21.399999618530277
2022-10-27,27.38999938964844,362.6017150878906,59.92716979980469,84.73483276367188,154.74000549316406,21.229999542236328
2022-10-28,25.75,371.2282409667969,60.38891220092773,84.15239715576172,153.16000366210938,20.739999771118164
2022-10-31,25.8799991607666,368.5467834472656,59.48166275024414,83.55252075195312,151.91000366210938,20.350000381469727
2022-11-01,25.809999465942383,366.93402099609375,59.83943939208984,84.33336639404297,153.4600067138672,20.950000762939453
2022-11-02,25.86000061035156,357.72540283203125,59.29462432861328,83.96736145019531,152.38999938964844,20.729999542236328
2022-11-03,25.299999237060547,354.0419311523437,58.87178421020508,83.51420593261719,151.80999755859375,20.649999618530277
2022-11-04,24.549999237060547,359.13775634765625,59.27838897705078,82.1111068725586,156.47000122070312,22.38999938964844
2022-11-07,24.350000381469727,362.5731506347656,59.27022933959961,81.2918930053711,155.85000610351562,21.690000534057617
2022-11-08,25.540000915527344,364.52935791015625,59.21329498291016,82.18079376220703,159.4499969482422,22.13999938964844
2022-11-09,26.09000015258789,357.019287109375,58.505859375,82.45095825195312,158.64999389648438,22.13999938964844
2022-11-10,23.530000686645508,376.6390075683594,60.32732391357422,85.62318420410156,163.47999572753906,22.84000015258789
2022-11-11,22.520000457763672,380.2842102050781,60.53873062133789,85.30943298339844,164.55999755859375,23.729999542236328
2022-11-14,23.729999542236328,377.04925537109375,60.09150695800781,85.10027313232422,164.9199981689453,23.15999984741211
2022-11-15,24.540000915527344,380.26513671875,60.62005615234375,86.47723388671875,165.5,23.040000915527344
2022-11-16,24.11000061035156,377.36419677734375,60.48994827270508,88.36835479736328,165.1199951171875,22.690000534057617
2022-11-17,23.93000030517578,376.2095031738281,60.22973251342773,87.43587493896484,163.9199981689453,22.190000534057617
2022-11-18,23.1200008392334,377.9176940917969,60.35986709594727,86.83454132080078,162.7899932861328,21.959999084472656
2022-11-21,22.36000061035156,376.5435485839844,60.335445404052734,87.20054626464844,161.8800048828125,21.600000381469727
2022-11-22,21.290000915527344,381.6106567382813,60.77455139160156,88.43807220458984,162.07000732421875,21.8700008392334
2022-11-23,20.350000381469727,384.0154418945313,61.11606216430664,89.98058319091797,163.0800018310547,21.959999084472656
2022-11-25,20.5,383.9295043945313,60.99412155151367,89.67557525634766,163.22000122070312,21.809999465942383
2022-11-28,22.209999084472656,377.8031921386719,60.35171127319336,89.9283218383789,161.92999267578125,21.690000534057617
2022-11-29,21.88999938964844,377.154296875,60.611915588378906,88.873779296875,162.72999572753906,22.01000022888184
2022-11-30,20.57999992370605,389.0348815917969,61.52265548706055,89.52742004394531,164.80999755859375,22.81999969482422
2022-12-01,19.84000015258789,388.74853515625,61.75046920776367,92.38741302490234,167.83999633789062,22.899999618530277
2022-12-02,19.059999465942383,388.300048828125,61.70146942138672,93.54922485351562,167.25999450683594,23.299999237060547
2022-12-05,20.75,381.3149108886719,61.11351776123047,92.2389678955078,164.38999938964844,22.8700008392334
2022-12-06,22.170000076293945,375.8182678222656,60.89304733276367,93.42697143554688,164.83999633789062,23.059999465942383
2022-12-07,22.68000030517578,375.1789245605469,61.227874755859375,95.62835693359376,166.3300018310547,23.26000022888184
2022-12-08,22.290000915527344,378.1180419921875,61.276851654052734,95.3662567138672,166.47000122070312,23.43000030517578
2022-12-09,22.82999992370605,375.2934875488281,61.276851654052734,92.88538360595705,167.05999755859375,23.229999542236328
2022-12-12,25.0,380.70416259765625,61.51367950439453,93.18236541748048,165.67999267578125,23.030000686645508
2022-12-13,22.549999237060547,383.5860595703125,62.15061569213867,94.08211517333984,168.50999450683594,23.239999771118164
2022-12-14,21.13999938964844,381.133544921875,61.79948806762695,94.48400115966795,168.10000610351562,23.299999237060547
2022-12-15,22.82999992370605,371.8104248046875,61.56633758544922,94.85263061523438,165.35000610351562,22.790000915527344
2022-12-16,22.6200008392334,367.4207458496094,61.237979888916016,93.7930679321289,166.7899932861328,22.780000686645508
2022-12-19,22.420000076293945,364.3051452636719,60.926048278808594,92.21686553955078,166.32000732421875,22.729999542236328
2022-12-20,21.479999542236328,364.80364990234375,60.77008819580078,90.57936096191406,169.0800018310547,23.020000457763672
2022-12-21,20.06999969482422,370.2583618164063,61.287254333496094,90.80704498291016,168.8000030517578,23.06999969482422
2022-12-22,21.96999931335449,364.9761962890625,60.909629821777344,90.78951263427734,166.75999450683594,22.729999542236328
2022-12-23,20.8700008392334,367.07562255859375,61.06560516357422,89.45851135253906,167.25999450683594,23.059999465942383
2022-12-27,21.649999618530277,365.6280517578125,60.43354415893555,87.68965911865234,168.6699981689453,23.020000457763672
2022-12-28,22.13999938964844,361.08404541015625,59.6208381652832,87.1729965209961,167.91000366210938,23.15999984741211
2022-12-29,21.440000534057617,367.5836791992188,60.392459869384766,88.16252136230469,168.85000610351562,23.15999984741211
2022-12-30,21.670000076293945,366.615478515625,60.44173812866211,87.18174743652344,169.63999938964844,23.09000015258789
2023-01-03,22.899999618530277,365.0720825195313,60.5566635131836,88.8455581665039,171.05999755859375,22.790000915527344
2023-01-04,22.01000022888184,367.8904418945313,61.25442886352539,90.0627212524414,172.6699981689453,22.65999984741211
2023-01-05,22.459999084472656,363.6915893554688,61.13127899169922,90.4392318725586,170.52000427246094,23.18000030517578
2023-01-06,21.1299991607666,372.0318603515625,62.00142288208008,92.1030044555664,173.7100067138672,23.790000915527344
2023-01-09,21.96999931335449,371.8209533691406,62.22306060791016,92.59342956542967,174.10000610351562,24.290000915527344
2023-01-10,20.57999992370605,374.4284057617188,62.149169921875,91.06100463867188,174.74000549316406,24.690000534057617
2023-01-11,21.09000015258789,379.16412353515625,62.55961990356445,92.54086303710938,174.6199951171875,25.34000015258789
2023-01-12,18.82999992370605,380.5446166992188,62.91258239746094,94.36227416992188,176.63999938964844,25.25
2023-01-13,18.350000381469727,382.02093505859375,62.91258239746094,93.47783660888672,178.75999450683594,25.549999237060547
2023-01-17,19.36000061035156,381.3211059570313,62.69919967651367,92.87361145019533,177.58999633789062,25.670000076293945
2023-01-18,20.34000015258789,375.3008117675781,62.77303695678711,95.12411499023438,177.0800018310547,25.56999969482422
2023-01-19,20.520000457763672,372.5686950683594,62.40361785888672,94.52863311767578,179.88999938964844,25.770000457763672
2023-01-20,19.850000381469727,379.50927734375,62.52676773071289,92.99620056152344,179.2899932861328,25.93000030517578
2023-01-23,19.809999465942383,384.0628356933594,62.5185661315918,92.55838775634766,179.6300048828125,25.790000915527344
2023-01-24,19.200000762939453,383.6506652832031,62.55961990356445,93.889404296875,180.27999877929688,25.84000015258789
2023-01-25,19.07999992370605,383.79443359375,62.55140686035156,94.1170883178711,181.1100006103516,25.8799991607666
2023-01-26,18.729999542236328,388.012451171875,62.70737457275391,93.6792449951172,179.47000122070312,25.959999084472656
2023-01-27,18.51000022888184,388.9040832519531,62.5185661315918,93.44280242919922,179.22000122070312,25.6200008392334
2023-01-30,19.940000534057617,384.0245056152344,62.17380142211914,93.10130310058594,178.75999450683594,25.3700008392334
2023-01-31,19.399999618530277,389.6710205078125,62.65814208984375,93.84558868408205,179.41000366210938,25.63999938964844
2023-02-01,17.8700008392334,393.8122863769531,63.31636047363281,94.97378540039062,181.6699981689453,25.440000534057617
2023-02-02,18.729999542236328,399.5450439453125,63.679298400878906,95.0966796875,177.89999389648438,24.81999969482422
2023-02-03,18.32999992370605,395.2982177734375,63.01116943359375,93.67443084716795,173.4600067138672,24.559999465942383
2023-02-06,19.43000030517578,392.8823852539063,62.606964111328125,92.98090362548828,173.82000732421875,24.530000686645508
2023-02-07,18.65999984741211,398.020751953125,62.829681396484375,92.23461151123048,173.97999572753906,24.739999771118164
2023-02-08,19.6299991607666,393.66845703125,62.56572341918945,92.673583984375,174.41000366210938,24.56999969482422
2023-02-09,20.709999084472656,390.2557067871094,62.16154479980469,91.795654296875,173.02999877929688,24.75
2023-02-10,20.530000686645508,391.1664733886719,61.683143615722656,90.76850128173828,173.36000061035156,24.420000076293945
2023-02-13,20.34000015258789,395.7583312988281,61.83987045288086,91.53228759765624,172.47999572753906,24.71999931335449
2023-02-14,18.90999984741211,395.576171875,61.85634613037109,91.3215560913086,172.61000061035156,24.899999618530277
2023-02-15,18.229999542236328,396.86077880859375,61.757362365722656,90.47000885009766,170.88999938964844,24.520000457763672
2023-02-16,20.170000076293945,391.3965148925781,61.26244735717773,89.18824005126953,170.75,25.01000022888184
2023-02-17,20.020000457763672,390.418701171875,61.50166320800781,89.88180541992188,171.25999450683594,25.059999465942383
2023-02-21,22.8700008392334,382.5865478515625,60.55307388305664,88.13475036621094,170.6199951171875,25.549999237060547
2023-02-22,22.290000915527344,382.0592651367188,60.94902038574219,88.94241333007812,169.66000366210938,25.31999969482422
2023-02-23,21.13999938964844,384.0916137695313,61.551177978515625,89.81155395507812,169.57000732421875,24.649999618530277
2023-02-24,21.670000076293945,379.9885864257813,61.17997741699219,88.64396667480469,168.35000610351562,24.059999465942383
2023-02-27,20.950000762939453,381.2828063964844,61.5923957824707,88.88975524902344,169.00999450683594,24.440000534057617
2023-02-28,20.700000762939453,379.8735656738281,61.47690582275391,89.29358673095703,169.77999877929688,24.84000015258789
2023-03-01,20.57999992370605,378.4163818359375,61.30265045166016,88.33432006835938,170.75999450683594,25.38999938964844
2023-03-02,19.59000015258789,381.3594665527344,61.37733459472656,87.55101013183594,170.66000366210938,24.809999465942383
2023-03-03,18.489999771118164,387.4757080078125,62.008033752441406,89.67200469970703,172.49000549316406,24.850000381469727
2023-03-06,18.61000061035156,387.7441101074219,62.008033752441406,88.97677612304688,171.6199951171875,24.8700008392334
2023-03-07,19.59000015258789,381.8003845214844,61.56819534301758,89.52243041992188,168.6199951171875,24.229999542236328
2023-03-08,19.11000061035156,382.4235534667969,61.27772903442383,89.61041259765625,168.5399932861328,24.540000915527344
2023-03-09,22.61000061035156,375.3679504394531,60.93748474121094,89.83043670654297,170.1999969482422,24.479999542236328
2023-03-10,24.799999237060547,369.95159912109375,60.945796966552734,92.92835235595705,173.8699951171875,24.399999618530277
2023-03-13,26.520000457763672,369.42425537109375,60.613861083984375,93.13957214355467,177.86000061035156,24.700000762939453
2023-03-14,23.729999542236328,375.5309143066406,61.05366897583008,91.60823059082033,176.8300018310547,24.489999771118164
2023-03-15,26.13999938964844,373.1822204589844,60.8545150756836,93.37718963623048,178.2100067138672,23.700000762939453
2023-03-16,22.989999771118164,379.7297973632813,61.25286102294922,92.64673614501952,178.57000732421875,23.59000015258789
2023-03-17,25.51000022888184,375.2897033691406,60.8876953125,94.03723907470705,183.7700042724609,23.75
2023-03-20,24.149999618530277,378.8983459472656,60.72172164916992,93.20999145507812,183.83999633789065,24.170000076293945
2023-03-21,21.3799991607666,383.8734436035156,61.38563919067383,92.40910339355467,180.3699951171875,24.46999931335449
2023-03-22,22.26000022888184,377.329833984375,61.4437370300293,93.64124298095705,183.44000244140625,24.65999984741211
2023-03-23,22.61000061035156,378.3498229980469,61.20302963256836,93.64124298095705,185.7400054931641,24.959999084472656
2023-03-24,21.739999771118164,380.8325500488281,61.078556060791016,94.03723907470705,183.6499938964844,24.84000015258789
2023-03-27,20.600000381469727,381.5446166992188,60.92919158935547,91.82823181152344,181.9499969482422,24.979999542236328
2023-03-28,19.96999931335449,380.688232421875,60.89601135253906,91.99542999267578,183.44000244140625,24.8700008392334
2023-03-29,19.1200008392334,386.2214965820313,61.65950012207031,91.81063079833984,182.52999877929688,24.920000076293945
2023-03-30,19.020000457763672,388.48291015625,62.02462387084961,92.23310089111328,184.17999267578125,25.1200008392334
2023-03-31,18.700000762939453,393.9584655761719,62.69682693481445,93.61482238769533,183.22000122070312,24.940000534057617
2023-04-03,18.549999237060547,395.4596557617188,62.64849472045898,94.05509185791016,184.5399932861328,24.770000457763672
2023-04-04,19.0,393.2655944824219,62.46510696411133,94.52269744873048,187.97999572753903,24.290000915527344
2023-04-05,19.07999992370605,392.2358703613281,62.11495971679688,95.51091766357422,187.8300018310547,24.40999984741211
2023-04-06,18.399999618530277,393.7659912109375,62.39004898071289,95.75794982910156,186.4900054931641,24.57999992370605
2023-04-10,18.96999931335449,394.1700744628906,62.331687927246094,94.2139129638672,185.1100006103516,24.38999938964844
2023-04-11,19.100000381469727,394.2760009765625,62.46510696411133,94.40802001953124,186.27999877929688,24.68000030517578
2023-04-12,19.09000015258789,392.6689453125,62.44839096069336,94.31096649169922,187.19000244140625,24.90999984741211
2023-04-13,17.799999237060547,397.8845825195313,62.8735466003418,93.5698471069336,189.72000122070312,25.25
2023-04-14,17.06999969482422,396.9127197265625,62.7568359375,92.71395111083984,186.3600006103516,25.13999938964844
2023-04-17,16.950000762939453,398.3369445800781,62.59012222290039,91.6110610961914,185.52999877929688,24.940000534057617
2023-04-18,16.829999923706055,398.59674072265625,62.63179397583008,91.93750762939452,186.25,25.049999237060547
2023-04-19,16.459999084472656,398.5294494628906,62.38172149658203,91.84928131103516,185.3600006103516,24.88999938964844
2023-04-20,17.170000076293945,396.3545837402344,62.32337188720703,92.6345672607422,186.08999633789065,24.61000061035156
2023-04-21,16.770000457763672,396.66253662109375,62.51506805419922,92.11400604248048,184.25,24.43000030517578
2023-04-24,16.889999389648438,397.0762634277344,62.69013595581055,93.00514221191406,184.80999755859372,24.350000381469727
2023-04-25,18.76000022888184,390.773193359375,62.59012222290039,94.37273406982422,185.75,23.65999984741211
2023-04-26,18.84000015258789,389.1179809570313,62.34836196899414,93.36686706542967,184.7400054931641,23.61000061035156
2023-04-27,17.030000686645508,396.8645629882813,62.55678939819336,92.44044494628906,184.75,23.82999992370605
2023-04-28,15.779999732971191,400.2519226074219,62.82354736328125,93.93156433105467,184.8000030517578,23.850000381469727
2023-05-01,16.079999923706055,399.8477478027344,62.5355224609375,91.22306823730467,183.97000122070312,24.1200008392334
2023-05-02,17.780000686645508,395.353759765625,62.476932525634766,93.49636840820312,187.5200042724609,23.709999084472656
2023-05-03,18.34000015258789,392.6400451660156,62.44343948364258,94.0182647705078,189.1100006103516,23.57999992370605
2023-05-04,20.09000015258789,389.8589782714844,62.25924682617188,93.08948516845705,190.44000244140625,23.649999618530277
2023-05-05,17.190000534057617,397.0762634277344,62.59415435791016,92.77989196777344,187.4600067138672,23.90999984741211
2023-05-08,16.979999542236328,397.1821899414063,62.41828536987305,91.4796142578125,187.69000244140625,24.09000015258789
2023-05-09,17.709999084472656,395.44036865234375,62.25924682617188,91.15232849121094,189.0200042724609,24.030000686645508
2023-05-10,16.940000534057617,397.2879943847656,62.635986328125,92.03685760498048,188.75,23.6299991607666
2023-05-11,16.93000030517578,396.5951843261719,62.5355224609375,93.0098648071289,187.1300048828125,22.75
2023-05-12,17.030000686645508,396.0755004882813,62.309452056884766,92.23147583007812,186.80999755859372,22.899999618530277
2023-05-15,17.1200008392334,397.4419250488281,62.292724609375,91.27616119384766,187.2100067138672,23.0
2023-05-16,17.989999771118164,394.7860107421875,61.85731887817383,91.00196075439452,184.8699951171875,22.5
2023-05-17,16.8700008392334,399.5782470703125,62.0247802734375,90.73660278320312,184.22999572753903,23.059999465942383
2023-05-18,16.049999237060547,403.4275512695313,62.05828094482422,90.06434631347656,181.83999633789065,22.76000022888184
2023-05-19,16.809999465942383,402.8405456542969,62.125244140625,89.42747497558594,183.63999938964844,22.93000030517578
2023-05-22,17.209999084472656,403.004150390625,62.40155029296875,89.1090316772461,183.2100067138672,22.649999618530277
2023-05-23,18.530000686645508,398.4812927246094,62.07501220703125,89.36553955078125,183.42999267578125,22.399999618530277
2023-05-24,20.030000686645508,395.5943908691406,61.6396484375,88.92326354980469,181.9499969482422,21.940000534057617
2023-05-25,19.13999938964844,399.0201416015625,61.59778594970703,88.7021484375,180.1999969482422,22.15999984741211
2023-05-26,17.950000762939453,404.187744140625,61.97455978393555,89.41862487792969,180.9199981689453,22.61000061035156
2023-05-30,17.459999084472656,404.3417053222656,62.24248123168945,90.31202697753906,182.0399932861328,22.559999465942383
2023-05-31,17.940000534057617,402.09954833984375,62.049930572509766,91.0992431640625,182.32000732421875,22.6200008392334
2023-06-01,15.649999618530272,405.919921875,62.4225959777832,91.4566879272461,183.75999450683597,22.84000015258789
2023-06-02,14.600000381469728,411.7900085449219,62.742286682128906,90.4544677734375,181.0500030517578,22.979999542236328
2023-06-05,14.729999542236328,411.0008544921875,62.69181060791016,90.28597259521484,182.13999938964844,23.149999618530277
2023-06-06,13.960000038146973,411.8958435058594,62.792747497558594,90.818115234375,182.33999633789065,23.170000076293945
2023-06-07,13.9399995803833,410.4715881347656,62.44783782958984,89.47004699707031,180.1499938964844,23.1299991607666
2023-06-08,13.649999618530272,412.954345703125,62.84321975708008,90.51654815673828,182.52999877929688,23.299999237060547
2023-06-09,13.829999923706056,413.6953125,62.86005401611328,90.39241027832033,182.0399932861328,23.280000686645508
2023-06-12,15.010000228881836,417.4483337402344,62.792747497558594,90.6584701538086,181.8800048828125,23.1299991607666
2023-06-13,14.609999656677246,420.2005004882813,62.86847686767578,89.76271057128906,180.5399932861328,23.559999465942383
2023-06-14,13.880000114440918,420.7008666992188,62.89373016357422,90.48108673095705,180.63999938964844,23.690000534057617
2023-06-15,14.5,425.9166564941406,63.19658279418945,91.35025024414062,181.91000366210935,23.96999931335449
2023-06-16,13.539999961853027,424.46588134765625,63.03672409057617,90.99546813964844,181.6300048828125,23.8700008392334
2023-06-20,13.880000114440918,422.2636413574219,62.86847686767578,91.62518310546876,179.75,23.950000762939453
2023-06-21,13.199999809265137,420.1000671386719,62.708614349365234,91.84690856933594,179.49000549316406,23.96999931335449
2023-06-22,12.90999984741211,421.6165771484375,62.5235595703125,90.73828887939452,177.7100067138672,24.0
2023-06-23,13.4399995803833,418.4290771484375,62.41419219970703,91.6429214477539,178.1999969482422,23.540000915527344
2023-06-26,14.25,416.7195129394531,62.44783782958984,91.74048614501952,178.50999450683594,23.3799991607666
2023-06-27,13.739999771118164,421.28814697265625,62.65815734863281,91.50102996826172,177.69000244140625,23.3700008392334
2023-06-28,13.43000030517578,421.5006408691406,63.01991653442383,91.8912582397461,177.27999877929688,22.93000030517578
2023-06-29,13.539999961853027,423.1619567871094,62.85161590576172,90.23274993896484,177.08999633789062,22.75
2023-06-30,13.59000015258789,428.155517578125,63.15449142456055,91.29705047607422,178.27000427246094,23.200000762939453
2023-07-03,13.56999969482422,428.6481323242188,63.05552673339844,90.77947235107422,178.47000122070312,23.34000015258789
2023-07-05,14.18000030517578,428.0106506347656,62.86101531982422,89.91685485839844,177.83999633789062,23.170000076293945
2023-07-06,15.4399995803833,424.6590576171875,62.404258728027344,88.6451644897461,177.30999755859375,23.11000061035156
2023-07-07,14.829999923706056,423.5869140625,62.46347427368164,88.1115951538086,178.63999938964844,23.309999465942383
2023-07-10,15.06999969482422,424.6590576171875,62.77640914916992,88.22716522216797,178.77999877929688,23.40999984741211
2023-07-11,14.84000015258789,427.363525390625,63.114776611328125,88.68074798583984,179.4499969482422,23.26000022888184
2023-07-12,13.539999961853027,430.8020324707031,63.60532379150391,89.66786193847656,181.8800048828125,23.770000457763672
2023-07-13,13.609999656677246,434.2212829589844,63.98594284057617,90.6104965209961,182.00999450683597,24.36000061035156
2023-07-14,13.34000015258789,433.9508056640625,63.520751953125,90.076904296875,181.42999267578125,24.200000762939453
2023-07-17,13.479999542236328,435.4575500488281,63.63916015625,90.12137603759766,181.55999755859372,23.709999084472656
2023-07-18,13.300000190734863,438.6932678222656,63.81679153442383,90.5304718017578,183.63999938964844,23.649999618530277
2023-07-19,13.760000228881836,439.66888427734375,63.86753463745117,91.55313873291016,183.6699981689453,23.549999237060547
2023-07-20,13.989999771118164,436.7518615722656,63.588409423828125,90.44152069091795,182.7400054931641,23.649999618530277
2023-07-21,13.600000381469728,436.7518615722656,63.74910736083984,90.4682159423828,182.17999267578125,23.559999465942383
2023-07-24,13.90999984741211,438.7029418945313,63.63916015625,90.13916778564452,181.3999938964844,23.76000022888184
2023-07-25,13.859999656677246,439.9006652832031,63.59685516357422,89.97018432617188,182.41000366210935,24.270000457763672
2023-07-26,13.1899995803833,439.96826171875,63.8505973815918,90.05911254882812,183.3000030517578,24.170000076293945
2023-07-27,14.40999984741211,437.0513000488281,63.3431396484375,88.30721282958984,180.4199981689453,23.76000022888184
2023-07-28,13.329999923706056,441.3302307128906,63.70682907104492,88.7607650756836,181.8600006103516,24.32999992370605
2023-07-31,13.630000114440918,442.1704711914063,63.85908126831055,88.97418975830078,182.3500061035156,24.81999969482422
2023-08-01,13.93000030517578,440.9051818847656,63.54291915893555,87.51615142822266,180.4600067138672,24.200000762939453
2023-08-02,16.09000015258789,434.7718200683594,63.270992279052734,86.5798568725586,179.60000610351562,23.76000022888184
2023-08-03,15.920000076293944,433.5257873535156,63.067020416259766,84.58232879638672,179.5399932861328,24.100000381469727
2023-08-04,17.100000381469727,431.5650634765625,63.44095993041992,86.08045959472656,180.19000244140625,23.88999938964844
2023-08-07,15.770000457763672,435.33203125,63.559940338134766,85.2332992553711,179.77999877929688,23.790000915527344
2023-08-08,15.989999771118164,433.43890380859375,63.6959114074707,86.2231674194336,178.63999938964844,23.3799991607666
2023-08-09,15.960000038146973,430.5412292480469,63.704402923583984,86.66901397705078,177.7899932861328,23.450000762939453
2023-08-10,15.850000381469728,430.6957702636719,63.68741607666016,85.24224853515625,177.60000610351562,23.270000457763672
2023-08-11,14.84000015258789,430.4446105957031,63.59388732910156,85.04605102539062,177.60000610351562,23.07999992370605
2023-08-14,14.81999969482422,432.8207092285156,63.58542251586914,84.8587646484375,177.05999755859375,23.07999992370605
2023-08-15,16.459999084472656,427.7788696289063,63.38145446777344,84.34158325195312,176.58999633789062,22.709999084472656
2023-08-16,16.780000686645508,424.6397705078125,63.18598937988281,83.68165588378906,175.57000732421875,22.649999618530277
2023-08-17,17.889999389648438,421.404052734375,62.92251968383789,83.32496643066406,175.3000030517578,22.850000381469727
2023-08-18,17.299999237060547,421.6069030761719,62.965030670166016,83.61924743652344,175.3300018310547,22.979999542236328
2023-08-21,17.1299991607666,424.3499755859375,62.94804382324219,82.50456237792969,175.80999755859375,23.100000381469727
2023-08-22,16.969999313354492,423.2005615234375,62.982025146484375,83.13768768310547,176.10000610351562,23.309999465942383
2023-08-23,15.979999542236328,427.9140625,63.49193954467773,85.19764709472656,177.88999938964844,23.540000915527344
2023-08-24,17.200000762939453,421.9835815429688,63.143516540527344,84.6358642578125,177.85000610351562,23.270000457763672
2023-08-25,15.68000030517578,424.9584655761719,63.40696334838867,84.91227722167969,177.6199951171875,23.239999771118164
2023-08-28,15.079999923706056,427.6532287597656,63.64492034912109,85.00146484375,178.1300048828125,23.399999618530277
2023-08-29,14.449999809265137,433.8349609375,64.04434204101562,85.88427734375,179.8699951171875,23.649999618530277
2023-08-30,13.880000114440918,435.6217041015625,64.01885223388672,85.79508972167969,180.32000732421875,23.649999618530277
2023-08-31,13.56999969482422,434.9842224121094,63.976356506347656,86.17854309082031,180.02000427246094,23.540000915527344
2023-09-01,13.09000015258789,435.7956237792969,64.09673309326172,84.83602905273438,180.11000061035156,23.709999084472656
2023-09-05,14.010000228881836,433.91217041015625,63.678367614746094,83.64644622802734,178.63999938964844,23.6200008392334
2023-09-06,14.449999809265137,430.99517822265625,63.52467727661133,83.85218811035156,177.8300018310547,23.34000015258789
2023-09-07,14.399999618530272,429.67193603515625,63.73814010620117,84.084716796875,178.02000427246094,23.209999084472656
2023-09-08,13.84000015258789,430.3190612792969,63.71253967285156,84.40670776367188,178.0800018310547,22.8700008392334
2023-09-11,13.800000190734863,433.1491394042969,63.82352066040039,83.79850769042969,178.41000366210938,23.43000030517578
2023-09-12,14.229999542236328,430.7730102539063,63.72104644775391,84.281494140625,177.49000549316406,23.3700008392334
2023-09-13,13.479999542236328,431.275390625,63.89178466796875,84.2635726928711,177.0800018310547,23.350000381469727
2023-09-14,12.81999969482422,434.9938659667969,63.96867370605469,83.65538787841797,177.1699981689453,23.530000686645508
2023-09-15,13.789999961853027,429.75299072265625,63.729591369628906,83.14557647705078,178.33999633789062,23.440000534057617
2023-09-18,14.0,430.0050354003906,63.77228164672852,83.61962890625,179.38999938964844,23.32999992370605
2023-09-19,14.109999656677246,429.1133117675781,63.57590103149414,83.00245666503906,179.22000122070312,23.1299991607666
2023-09-20,15.140000343322754,425.1683044433594,63.52467727661133,83.26184844970703,179.35000610351562,23.040000915527344
2023-09-21,17.540000915527344,418.1409606933594,63.07215118408203,81.12416076660156,178.0500030517578,22.82999992370605
2023-09-22,17.200000762939453,417.2007446289063,63.183143615722656,81.77711486816406,178.6199951171875,22.84000015258789
2023-09-25,16.899999618530273,418.95513916015625,63.09778594970703,79.76466369628906,177.6999969482422,22.729999542236328
2023-09-26,18.940000534057617,412.8001708984375,62.82454299926758,79.48738861083984,176.27999877929688,22.540000915527344
2023-09-27,18.21999931335449,412.96490478515625,62.73916244506836,79.07594299316406,174.10000610351562,22.5
2023-09-28,17.34000015258789,415.3590698242188,63.037994384765625,79.31745147705078,173.22999572753906,22.90999984741211
2023-09-29,17.520000457763672,414.3510437011719,62.9440803527832,79.326416015625,171.4499969482422,23.020000457763672
2023-10-02,17.610000610351562,414.1862182617188,62.56211853027344,77.99845123291016,169.64999389648438,22.530000686645508
2023-10-03,19.780000686645508,408.6419677734375,61.92698669433594,76.320556640625,169.16000366210938,22.399999618530277
2023-10-04,18.57999992370605,411.61767578125,62.24455642700195,77.39726257324219,169.13999938964844,22.190000534057617
2023-10-05,18.489999771118164,411.4625549316406,62.30463790893555,77.011474609375,168.8300018310547,22.059999465942383
2023-10-06,17.450000762939453,416.3477478027344,62.390472412109375,76.07832336425781,169.6999969482422,22.450000762939453
2023-10-09,17.700000762939453,419.0133056640625,62.85395050048828,77.86386108398438,172.82000732421875,22.670000076293945
2023-10-10,17.030000686645508,421.19427490234375,62.83678817749024,77.75617980957031,172.52999877929688,22.440000534057617
2023-10-11,16.09000015258789,422.9196166992188,62.82818984985352,79.38021850585938,173.7899932861328,22.34000015258789
2023-10-12,16.690000534057617,420.3412170410156,62.49346923828125,77.22679138183594,173.25999450683594,22.229999542236328
2023-10-13,19.31999969482422,418.2475891113281,62.44195938110352,78.60860443115234,178.8300018310547,22.13999938964844
2023-10-16,17.209999084472656,422.6481018066406,62.42478561401367,77.34346008300781,177.9600067138672,22.190000534057617
2023-10-17,17.8799991607666,422.6286926269531,62.13296508789063,76.4910659790039,178.2899932861328,22.200000762939453
2023-10-18,19.21999931335449,416.99713134765625,61.83257293701172,75.81812286376953,180.8699951171875,22.21999931335449
2023-10-19,21.399999618530277,413.3333129882813,61.609413146972656,74.26585388183594,183.08999633789065,22.32999992370605
2023-10-20,21.709999084472656,408.2542419433594,61.73813629150391,74.68757629394531,183.58999633789065,22.07999992370605
2023-10-23,20.3700008392334,407.5466613769531,61.98707580566406,75.5848159790039,182.97000122070312,22.290000915527344
2023-10-24,18.96999931335449,410.6192932128906,62.30463790893555,76.58079528808594,182.9499969482422,22.59000015258789
2023-10-25,20.190000534057617,404.7259521484375,61.96987915039063,74.8759765625,183.72000122070312,22.31999969482422
2023-10-26,20.68000030517578,399.8795776367188,62.18447494506836,76.02447509765625,184.00999450683597,22.3700008392334
2023-10-27,21.270000457763672,398.0669555664063,62.10723114013672,75.70146179199219,186.1499938964844,22.65999984741211
2023-10-30,19.75,402.8262023925781,62.12439727783203,75.36052703857422,185.1000061035156,22.76000022888184
2023-10-31,18.13999938964844,405.3560485839844,62.28745651245117,74.99264526367188,184.08999633789065,22.700000762939453
2023-11-01,16.8700008392334,409.6790771484375,62.88116455078125,76.6186294555664,183.50999450683597,22.799999237060547
2023-11-02,15.65999984741211,417.5302429199219,63.5887336730957,78.36531066894531,184.1199951171875,22.950000762939453
2023-11-03,14.90999984741211,421.3396301269531,64.2100601196289,78.89649200439453,184.7899932861328,22.850000381469727
2023-11-06,14.890000343322754,422.3088684082031,63.95118713378906,78.13124084472656,183.3500061035156,23.13999938964844
2023-11-07,14.8100004196167,423.5108642578125,63.959808349609375,79.28364562988281,182.58999633789065,22.950000762939453
2023-11-08,14.449999809265137,423.8209838867188,63.99433517456055,80.63414764404297,180.7700042724609,22.649999618530277
2023-11-09,15.289999961853027,420.5157470703125,63.59737396240234,78.77945709228516,181.4900054931641,22.6299991607666
2023-11-10,14.170000076293944,427.0777282714844,63.90802764892578,79.2206039428711,179.50999450683594,22.450000762939453
2023-11-13,14.760000228881836,426.6707153320313,63.847618103027344,79.04055786132812,180.50999450683597,22.82999992370605
2023-11-14,14.15999984741211,434.9484252929688,64.49482727050781,80.83223724365234,182.1199951171875,22.940000534057617
2023-11-15,14.18000030517578,435.86920166015625,64.28772735595703,79.69779205322266,181.63999938964844,23.1299991607666
2023-11-16,14.31999969482422,436.4023742675781,64.3740005493164,80.68817138671875,183.69000244140625,23.0
2023-11-17,13.800000190734863,436.9450988769531,64.52069854736328,81.06632232666016,183.6699981689453,23.290000915527344
2023-11-20,13.40999984741211,440.30853271484375,64.58973693847656,81.56150817871094,183.3699951171875,23.690000534057617
2023-11-21,13.350000381469728,439.3489379882813,64.67603302001953,81.5254898071289,185.3500061035156,23.729999542236328
2023-11-22,12.850000381469728,441.0452270507813,64.78821563720703,81.8135986328125,184.55999755859372,23.549999237060547
2023-11-24,12.460000038146973,441.3165893554688,64.71916961669922,80.8502197265625,185.5200042724609,23.729999542236328
2023-11-27,12.6899995803833,440.5217590332031,64.81409454345703,82.20074462890625,186.7700042724609,23.530000686645508
2023-11-28,12.6899995803833,440.9579162597656,65.09886932373047,82.36280822753906,189.25999450683597,23.799999237060547
2023-11-29,12.979999542236328,440.6477661132813,65.45266723632812,83.39817810058594,189.5399932861328,23.700000762939453
2023-11-30,12.920000076293944,442.3828125,65.33186340332031,82.43482208251953,188.75,23.799999237060547
2023-12-01,12.630000114440918,444.99993896484375,65.87278747558594,83.98741149902344,192.00999450683597,24.239999771118164
2023-12-04,13.079999923706056,442.6639404296875,65.70806884765625,83.65322875976562,187.8600006103516,23.690000534057617
2023-12-05,12.850000381469728,442.5766906738281,65.76876068115234,85.45057678222656,187.1499938964844,23.399999618530277
2023-12-06,12.970000267028809,440.793212890625,65.77740478515625,86.58859252929688,187.83999633789065,23.07999992370605
2023-12-07,13.0600004196167,444.1566467285156,65.89010620117188,86.09183502197266,188.1499938964844,23.459999084472656
2023-12-08,12.350000381469728,446.0661315917969,65.76009368896484,85.3873519897461,185.63999938964844,23.729999542236328
2023-12-11,12.630000114440918,447.8011474609375,65.71675109863281,85.20671081542969,183.58999633789065,23.420000076293945
2023-12-12,12.06999969482422,449.8463745117188,65.86412048339844,85.4596176147461,183.4900054931641,23.43000030517578
2023-12-13,12.1899995803833,456.0498046875,66.86965942382812,87.46466827392578,187.6300048828125,23.700000762939453
2023-12-14,12.479999542236328,457.513427734375,67.16497802734375,89.73988342285156,188.72999572753903,23.96999931335449
2023-12-15,12.279999732971191,456.7601318359375,67.01687622070312,89.83956146240234,187.0,23.950000762939453
2023-12-18,12.5600004196167,459.3294677734375,67.06045532226562,89.12374114990234,187.8500061035156,23.84000015258789
2023-12-19,12.529999732971191,462.12255859375,67.25208282470703,89.60396575927734,189.1300048828125,24.18000030517578
2023-12-20,13.670000076293944,455.7187805175781,67.26080322265625,90.21104431152344,188.1000061035156,23.959999084472656
2023-12-21,13.649999618530272,460.0398559570313,67.56571197509766,89.64022064208984,189.42999267578125,24.25
2023-12-22,13.029999732971191,460.9644165039063,67.48729705810547,89.23246002197266,190.2700042724609,24.09000015258789
2023-12-26,12.989999771118164,462.9108276367188,67.61798095703125,89.48617553710938,191.72000122070312,24.190000534057617
2023-12-27,12.43000030517578,463.7478332519531,67.89674377441406,91.07185363769533,192.58999633789065,24.530000686645508
2023-12-28,12.470000267028809,463.9230346679688,67.67894744873047,90.4104232788086,191.47000122070312,24.209999084472656
2023-12-29,12.449999809265137,462.5799255371094,67.41761779785156,89.59492492675781,191.1699981689453,24.13999938964844
2024-01-02,13.199999809265137,459.9912109375,67.19112396240234,89.07842254638672,190.72000122070312,23.950000762939453
2024-01-03,14.039999961853027,456.234619140625,67.00818634033203,89.4499282836914,189.1300048828125,23.959999084472656
2024-01-04,14.130000114440918,454.7649841308594,66.74683380126953,88.09078216552734,189.32000732421875,23.899999618530277
2024-01-05,13.350000381469728,455.3878784179688,66.79911041259766,87.24812316894531,189.3500061035156,23.649999618530277
2024-01-08,13.079999923706056,461.8889770507813,67.1736831665039,88.10890197753906,187.8699951171875,23.75
2024-01-09,12.760000228881836,461.1882629394531,67.27824401855469,87.54713439941406,187.92999267578125,23.34000015258789
2024-01-10,12.6899995803833,463.7964782714844,67.40019226074219,87.1393814086914,187.5,23.549999237060547
2024-01-11,12.4399995803833,463.5921325683594,67.61798095703125,87.6286849975586,187.8699951171875,23.520000457763672
2024-01-12,12.699999809265137,463.9132690429688,67.68766021728516,87.45651245117188,189.7100067138672,23.25
2024-01-16,13.84000015258789,462.2101135253906,67.26080322265625,85.91615295410156,187.91000366210935,23.399999618530277
2024-01-17,14.789999961853027,459.640869140625,66.97332763671875,85.78022766113281,185.83999633789065,23.26000022888184
2024-01-18,14.130000114440918,463.7283935546875,67.11270904541016,84.98287200927734,187.3699951171875,23.40999984741211
2024-01-19,13.300000190734863,469.50927734375,67.2259521484375,85.25469970703125,187.92999267578125,23.61000061035156
2024-01-22,13.1899995803833,470.5019836425781,67.27824401855469,85.76213073730469,187.22000122070312,23.309999465942383
2024-01-23,12.550000190734863,471.8742065429688,67.1998291015625,85.08253479003906,187.9499969482422,23.700000762939453
2024-01-24,13.140000343322754,472.3900451660156,67.16497802734375,84.58419036865234,186.3999938964844,24.100000381469727
2024-01-25,13.449999809265137,474.9593200683594,67.67894744873047,85.13690948486328,187.13999938964844,24.059999465942383
2024-01-26,13.260000228881836,474.3559265136719,67.6266860961914,84.97380065917969,187.00999450683597,24.020000457763672
2024-01-29,13.600000381469728,478.1125183105469,67.77476501464844,85.95240020751953,188.3300018310547,24.13999938964844
2024-01-30,13.3100004196167,477.74267578125,67.68766021728516,86.73163604736328,188.58999633789065,24.3700008392334
2024-01-31,14.350000381469728,469.947265625,67.49601745605469,87.58338928222656,188.4499969482422,24.190000534057617
2024-02-01,13.880000114440918,476.0979919433594,67.88472747802734,89.30140686035156,190.41000366210935,23.950000762939453
2024-02-02,13.850000381469728,481.1100463867188,67.57831573486328,87.32884979248047,188.6100006103516,23.790000915527344
2024-02-05,13.670000076293944,479.3582458496094,67.26315307617188,85.56537628173828,187.57000732421875,23.5
2024-02-06,13.0600004196167,480.7499694824219,67.50827026367188,86.40166473388672,188.5500030517578,23.57999992370605
2024-02-07,12.829999923706056,484.7596435546875,67.62208557128906,85.98350524902344,188.5,23.290000915527344
2024-02-08,12.789999961853027,484.9737854003906,67.5870361328125,85.48355865478516,188.3300018310547,23.100000381469727
2024-02-09,12.93000030517578,487.7765502929688,67.72711944580078,85.31083679199219,187.6000061035156,22.950000762939453
2024-02-12,13.93000030517578,487.5624694824219,67.57831573486328,85.41082763671875,187.1100006103516,23.170000076293945
2024-02-13,15.850000381469728,480.8472290039063,67.03550720214844,83.94733428955078,184.52999877929688,23.06999969482422
2024-02-14,14.380000114440918,485.217041015625,67.29815673828125,84.37456512451172,184.4199981689453,23.030000686645508
2024-02-15,14.010000228881836,488.5649108886719,67.5345230102539,84.81087493896484,185.66000366210935,23.3799991607666
2024-02-16,14.239999771118164,486.1318664550781,67.33317565917969,84.32003784179688,186.33999633789065,23.84000015258789
2024-02-20,15.420000076293944,483.4554443359375,67.47325134277344,84.39273071289062,187.47000122070312,24.040000915527344
2024-02-21,15.34000015258789,483.8933715820313,67.3506851196289,83.79279327392578,187.47999572753903,24.13999938964844
2024-02-22,14.539999961853027,493.9078369140625,67.67459869384766,84.20183563232422,187.55999755859372,24.309999465942383
2024-02-23,13.75,494.24847412109375,67.71839904785156,85.32904052734375,188.6199951171875,24.1299991607666
2024-02-26,13.739999771118164,492.4382629394531,67.49950408935547,85.07449340820312,188.1999969482422,23.81999969482422
2024-02-27,13.43000030517578,493.3531188964844,67.5870361328125,84.47454833984375,188.0,23.979999542236328
2024-02-28,13.84000015258789,492.7010498046875,67.57831573486328,85.01087951660156,188.33999633789065,23.8700008392334
2024-02-29,13.399999618530272,494.4722900390625,67.70086669921875,85.61082458496094,189.30999755859372,23.88999938964844
2024-03-01,13.109999656677246,499.1145324707031,67.95446014404297,86.14425659179688,192.88999938964844,24.01000022888184
2024-03-04,13.489999771118164,498.5792236328125,67.93684387207031,85.79774475097656,196.00999450683597,24.020000457763672
2024-03-05,14.460000038146973,493.5964050292969,67.8840103149414,87.01966094970703,197.19000244140625,23.93000030517578
2024-03-06,14.5,496.0975646972656,68.05130767822266,87.53028869628906,198.80999755859372,24.06999969482422
2024-03-07,14.4399995803833,501.0220947265625,68.13055419921875,87.44823455810547,199.94000244140625,24.450000762939453
2024-03-08,14.739999771118164,498.0148010253906,68.14815521240234,87.2932357788086,201.6300048828125,24.25
2024-03-11,15.220000267028809,497.5866088867188,68.13935089111328,87.24761962890625,202.0,24.489999771118164
2024-03-12,13.84000015258789,502.93939208984375,68.20098876953125,86.51812744140625,199.7899932861328,24.51000022888184
2024-03-13,13.75,502.1509094238281,68.2273941040039,86.09864807128906,201.19000244140625,25.26000022888184
2024-03-14,14.399999618530272,501.15826416015625,67.90164184570312,84.77645111083984,200.3500061035156,25.209999084472656
2024-03-15,14.40999984741211,497.7170715332031,67.85758972167969,84.74909210205078,199.7100067138672,25.709999084472656
2024-03-18,14.329999923706056,500.6751098632813,68.01608276367188,84.4937744140625,200.02999877929688,25.76000022888184
2024-03-19,13.81999969482422,503.4573669433594,68.28902435302734,84.73087310791016,199.8000030517578,25.31999969482422
2024-03-20,13.039999961853027,508.1140441894531,68.51795959472656,84.70352172851562,202.17999267578125,25.530000686645508
2024-03-21,12.920000076293944,509.7931518554688,68.48273468017578,84.88587188720703,201.97000122070312,25.399999618530277
2024-03-22,13.0600004196167,508.8267211914063,68.41230010986328,85.69744110107422,200.3500061035156,24.979999542236328
2024-03-25,13.1899995803833,507.4209899902344,68.306640625,85.26885986328125,200.9900054931641,25.1299991607666
2024-03-26,13.239999771118164,506.4836730957031,68.2273941040039,85.50594329833984,201.63999938964844,25.020000457763672
2024-03-27,12.779999732971191,510.7401428222656,68.58838653564453,86.35401153564453,203.1000061035156,25.049999237060547
2024-03-28,13.010000228881836,510.6424560546875,68.4386978149414,86.28105926513672,205.72000122070312,25.1200008392334
2024-04-01,13.649999618530272,509.754150390625,68.15994262695312,84.67266845703125,207.82000732421875,25.38999938964844
2024-04-02,14.609999656677246,506.5130310058594,68.0448989868164,84.20609283447266,210.88999938964844,25.530000686645508
2024-04-03,14.329999923706056,507.0694580078125,68.09799194335938,84.18775939941406,212.7400054931641,26.350000381469727
2024-04-04,16.350000381469727,500.880126953125,68.0448989868164,84.79161071777344,211.5200042724609,26.26000022888184
2024-04-05,16.030000686645508,506.1127624511719,67.98297119140625,83.61139678955078,215.13999938964844,26.540000915527344
2024-04-08,15.1899995803833,506.3958435058594,68.14225006103516,83.60223388671875,216.47999572753903,26.8799991607666
2024-04-09,14.979999542236328,506.9815368652344,68.28382873535156,84.3799057006836,217.6699981689453,26.8799991607666
2024-04-10,15.800000190734863,501.9051208496094,67.68207550048828,82.54100036621094,215.6100006103516,26.739999771118164
2024-04-11,14.90999984741211,505.6929626464844,67.6201171875,82.1658935546875,219.8000030517578,26.670000076293945
2024-04-12,17.309999465942383,498.7128601074219,67.58474731445312,82.60501098632812,216.88999938964844,26.709999084472656
2024-04-15,19.229999542236328,492.4648742675781,67.19532775878906,81.32418823242188,220.9499969482422,27.350000381469727
2024-04-16,18.399999618530277,491.5667419433594,66.9740982055664,80.7844009399414,221.22000122070312,26.90999984741211
2024-04-17,18.209999084472656,488.6575622558594,67.06258392333984,81.6810073852539,219.58999633789065,27.190000534057617
2024-04-18,18.0,487.6520080566406,67.11568450927734,81.26931762695312,220.33999633789065,27.780000686645508
2024-04-19,18.709999084472656,483.3956298828125,67.23957824707031,81.56205749511719,221.02999877929688,28.100000381469727
2024-04-22,16.940000534057617,487.8471984863281,67.61128997802734,81.4248275756836,215.57000732421875,28.11000061035156
2024-04-23,15.6899995803833,493.6364135742188,67.8855972290039,81.45225524902344,215.0399932861328,27.670000076293945
2024-04-24,15.970000267028809,493.402099609375,67.73516845703125,80.8758773803711,214.63999938964844,27.93000030517578
2024-04-25,15.369999885559082,491.5277099609375,67.59355926513672,80.30865478515625,215.9199981689453,28.3700008392334
2024-04-26,15.029999732971191,496.1844177246094,67.80596160888672,80.7295150756836,216.6199951171875,28.549999237060547
2024-04-29,14.670000076293944,497.9415588378906,68.00951385498047,81.40653991699219,216.17999267578125,29.09000015258789
2024-04-30,15.649999618530272,490.0535583496094,67.51393127441406,80.71121215820312,211.8699951171875,28.309999465942383
2024-05-01,15.390000343322754,488.46234130859375,67.86978149414062,81.30613708496094,213.7899932861328,28.3799991607666
2024-05-02,14.68000030517578,493.0310974121094,68.28790283203125,81.65502166748047,213.1300048828125,28.0
2024-05-03,13.489999771118164,499.1424255371094,68.57258605957031,82.48127746582031,212.9600067138672,28.3700008392334
2024-05-06,13.489999771118164,504.2969665527344,68.65264129638672,82.80262756347656,215.1999969482422,28.700000762939453
2024-05-07,13.229999542236328,504.8534851074219,68.66154479980469,83.30757904052734,214.2100067138672,28.61000061035156
2024-05-08,13.0,504.9021301269531,68.50142669677734,82.80262756347656,213.5800018310547,28.34000015258789
2024-05-09,12.6899995803833,507.8114013671875,68.51919555664062,83.20660400390625,216.9499969482422,28.56999969482422
2024-05-10,12.550000190734863,508.4654541015625,68.41246032714844,82.73835754394531,218.7100067138672,28.809999465942383
2024-05-13,13.600000381469728,508.5337829589844,68.3946533203125,82.94952392578125,216.25999450683597,29.520000457763672
2024-05-14,13.420000076293944,510.8670043945313,68.50142669677734,83.41773986816406,218.08999633789065,29.68000030517578
2024-05-15,12.449999809265137,517.1931762695312,68.90174865722656,84.55616760253906,220.88999938964844,30.11000061035156
2024-05-16,12.420000076293944,516.1289672851562,68.74162292480469,84.47355651855469,220.02999877929688,30.01000022888184
2024-05-17,11.989999771118164,516.8709106445312,68.75049591064453,83.90433502197266,223.66000366210935,31.190000534057617
2024-05-20,12.149999618530272,517.4664306640625,68.78608703613281,83.65644073486328,224.55999755859372,31.32999992370605
2024-05-21,11.859999656677246,518.7355346679688,68.73273468017578,84.08792877197266,224.22999572753903,31.3799991607666
2024-05-22,12.289999961853027,517.241943359375,68.58149719238281,84.1889419555664,220.1100006103516,29.559999465942383
2024-05-23,12.770000457763672,513.4638061523438,68.34130096435547,83.64727783203125,215.72000122070312,29.26000022888184
2024-05-24,11.93000030517578,516.8612060546875,68.58149719238281,83.89514923095703,215.9199981689453,29.229999542236328
2024-05-28,12.920000076293944,517.2223510742188,68.30570983886719,82.69245910644531,218.19000244140625,29.899999618530277
2024-05-29,14.279999732971191,513.6004028320312,68.10108184814453,81.6917495727539,216.16000366210935,29.350000381469727
2024-05-30,14.470000267028809,510.19342041015625,68.37686920166016,82.48127746582031,216.57000732421875,28.59000015258789
2024-05-31,12.920000076293944,514.84033203125,68.61705017089844,83.04130554199219,215.3000030517578,28.420000076293945
2024-06-03,13.109999656677246,515.2601318359375,68.82977294921875,84.38448333740234,217.22000122070312,28.700000762939453
2024-06-04,13.15999984741211,515.8361206054688,68.79403686523438,85.37018585205078,215.2700042724609,27.940000534057617
2024-06-05,12.630000114440918,521.9669189453125,69.01747131347656,85.99663543701172,217.82000732421875,28.46999931335449
2024-06-06,12.579999923706056,521.9570922851562,68.90129089355469,85.86766052246094,219.42999267578125,28.71999931335449
2024-06-07,12.220000267028809,521.322509765625,68.7225341796875,84.29235076904297,211.6000061035156,27.43000030517578
2024-06-10,12.739999771118164,522.9332885742188,68.78511810302734,83.73040771484375,213.5399932861328,27.979999542236328
2024-06-11,12.850000381469728,524.1927490234375,68.87446594238281,84.59636688232422,214.1499938964844,27.780000686645508
2024-06-12,12.039999961853027,528.4979248046875,69.15153503417969,85.23199462890625,214.72000122070312,27.8799991607666
2024-06-13,11.9399995803833,529.5620727539062,69.14259338378906,86.48489379882812,212.97000122070312,27.61000061035156
2024-06-14,12.65999984741211,529.88427734375,68.87446594238281,87.212646484375,215.72999572753903,27.690000534057617
2024-06-17,12.75,534.1016235351562,68.91915893554688,86.34669494628906,214.6100006103516,27.459999084472656
2024-06-18,12.300000190734863,535.45849609375,69.13365936279297,87.13894653320312,215.47000122070312,27.68000030517578
2024-06-20,13.279999732971191,534.0040283203125,69.08898162841797,86.5585708618164,218.16000366210935,28.07999992370605
2024-06-21,13.199999809265137,533.2880859375,69.16941833496094,86.5585708618164,214.77999877929688,27.440000534057617
2024-06-24,13.329999923706056,531.554443359375,69.09790802001953,86.90864562988281,215.6300048828125,27.46999931335449
2024-06-25,12.84000015258789,533.6014404296875,69.18728637695312,87.05606079101562,214.55999755859372,27.149999618530277
2024-06-26,12.550000190734863,534.2675170898438,69.03536224365234,85.81238555908203,212.5800018310547,27.18000030517578
2024-06-27,12.239999771118164,535.109619140625,69.11576843261719,86.15324401855469,214.9900054931641,26.920000076293945
2024-06-28,12.4399995803833,533.0039672851562,68.94597625732422,84.5503158569336,215.00999450683597,27.209999084472656
2024-07-01,12.220000267028809,534.1009521484375,68.93250274658203,83.091064453125,215.57000732421875,27.459999084472656
2024-07-02,12.029999732971191,537.6953125,69.1211929321289,83.73796081542969,215.55999755859372,27.520000457763672
2024-07-03,12.09000015258789,540.0949096679688,69.36376953125,84.83771514892578,217.9900054931641,28.100000381469727
2024-07-05,12.479999542236328,543.209228515625,69.5704345703125,85.54007720947266,220.92999267578125,28.780000686645508
2024-07-08,12.369999885559082,543.8361206054688,69.5524673461914,85.72491455078125,218.19000244140625,28.530000686645508
2024-07-09,12.510000228881836,544.3649291992188,69.47158813476562,85.34600067138672,218.55999755859372,28.34000015258789
2024-07-10,12.850000381469728,549.7515869140625,69.63331604003906,85.614013671875,219.3600006103516,28.3799991607666
2024-07-11,12.920000076293944,545.0113525390625,69.8849105834961,86.44572448730469,223.25,27.96999931335449
2024-07-12,12.460000038146973,548.4490966796875,70.0645980834961,86.8154296875,223.1100006103516,28.32999992370605
2024-07-15,13.119999885559082,549.9573974609375,70.07357788085938,85.81732177734375,223.8300018310547,28.020000457763672
2024-07-16,13.1899995803833,553.2186279296875,70.3431396484375,87.02796173095703,228.2899932861328,27.75
2024-07-17,14.479999542236328,545.4618530273438,70.26226806640625,87.04647064208984,227.22999572753903,27.43000030517578
2024-07-18,15.93000030517578,541.2701416015625,70.11849212646484,86.38105010986328,225.77999877929688,26.530000686645508
2024-07-19,16.520000457763672,537.6756591796875,70.0645980834961,85.87277221679688,221.72999572753903,26.399999618530277
2024-07-22,14.90999984741211,543.2191162109375,70.32514953613281,85.62324523925781,221.8000030517578,26.239999771118164
2024-07-23,14.720000267028809,542.3670654296875,70.33414459228516,85.50308990478516,222.5800018310547,25.96999931335449
2024-07-24,18.040000915527344,530.0755615234375,70.1095199584961,84.5789566040039,221.8000030517578,25.520000457763672
2024-07-25,18.459999084472656,527.3137817382812,70.11849212646484,85.27206420898438,218.3300018310547,25.71999931335449
2024-07-26,16.389999389648438,533.219482421875,70.3431396484375,85.93746948242188,220.6300048828125,25.729999542236328
2024-07-29,16.600000381469727,533.5328979492188,70.28023529052734,86.39954376220703,220.32000732421875,25.6200008392334
2024-07-30,17.690000534057617,530.8297729492188,70.31619262695312,86.73223876953125,222.5200042724609,25.6200008392334
2024-07-31,16.360000610351562,539.4581909179688,70.56776428222656,87.61943817138672,226.5500030517578,26.21999931335449
2024-08-01,18.59000015258789,531.8190307617188,70.41331481933594,88.37511444091797,225.7700042724609,25.530000686645508
2024-08-02,23.38999938964844,521.9172973632812,70.17847442626953,91.12902069091795,225.33999633789065,25.850000381469727
2024-08-05,38.56999969482422,506.7171936035156,69.74495697021484,91.6111831665039,222.47999572753903,25.059999465942383
2024-08-06,27.709999084472656,511.3888244628906,70.00688171386719,89.56200408935547,220.6999969482422,25.15999984741211
2024-08-07,27.850000381469727,507.9708251953125,70.1423568725586,88.9314956665039,220.5500030517578,24.709999084472656
2024-08-08,23.790000915527344,519.7137451171875,70.4313735961914,88.38441467285156,224.00999450683597,24.96999931335449
2024-08-09,20.3700008392334,522.0054321289062,70.4223403930664,89.2560043334961,224.55999755859372,25.040000915527344
2024-08-12,20.709999084472656,522.27978515625,70.4675064086914,89.5805435180664,228.41000366210935,25.549999237060547
2024-08-13,18.1200008392334,530.8689575195312,70.79265594482422,90.20178985595705,228.05999755859372,25.43000030517578
2024-08-14,16.190000534057617,532.543701171875,70.9190902709961,90.76739501953124,226.1999969482422,25.299999237060547
2024-08-15,15.229999542236328,541.6715698242188,70.98230743408203,90.0348892211914,226.91000366210935,25.959999084472656
2024-08-16,14.800000190734863,542.8860473632812,71.2081298828125,90.35015106201172,231.9900054931641,26.100000381469727
2024-08-19,14.649999618530272,548.0768432617188,71.32555389404297,90.76739501953124,231.6100006103516,26.3700008392334
2024-08-20,15.880000114440918,547.185546875,71.26232147216797,91.49065399169922,232.4600067138672,26.11000061035156
2024-08-21,16.270000457763672,549.0659790039062,71.4249038696289,91.5462875366211,232.1499938964844,26.3799991607666
2024-08-22,17.549999237060547,544.7567138671875,71.33456420898438,90.63760375976562,229.3699951171875,25.959999084472656
2024-08-23,15.859999656677246,550.544921875,71.71392059326172,91.23102569580078,232.0200042724609,26.479999542236328
2024-08-26,16.149999618530273,549.2324829101562,71.56941223144531,90.99921417236328,232.75999450683597,26.61000061035156
2024-08-27,15.43000030517578,549.9866333007812,71.61456298828125,90.8415756225586,233.38999938964844,26.81999969482422
2024-08-28,17.110000610351562,546.7937622070312,71.57843780517578,90.73030090332033,231.75,26.280000686645508
2024-08-29,15.649999618530272,546.8427734375,71.65068817138672,90.43359375,232.9499969482422,26.21999931335449
2024-08-30,15.0,552.0629272460938,71.65972900390625,89.46926879882812,231.2899932861328,26.309999465942383
2024-09-03,20.71999931335449,540.7020874023438,71.40563201904297,90.93256378173828,230.2899932861328,25.46999931335449
2024-09-04,21.31999969482422,539.5952758789062,71.66881561279297,92.10466766357422,230.42999267578125,25.450000762939453
2024-09-05,19.899999618530277,538.2828979492188,71.91385650634766,92.62564849853516,232.3500061035156,25.809999465942383
2024-09-06,22.3799991607666,529.2234497070312,71.8230972290039,92.61632537841795,230.6300048828125,25.40999984741211
2024-09-09,19.450000762939453,535.14892578125,71.99551391601562,93.01634979248048,231.6000061035156,25.84000015258789
2024-09-10,19.07999992370605,537.4798583984375,71.8593978881836,93.66753387451172,232.6199951171875,25.63999938964844
2024-09-11,17.690000534057617,542.9937744140625,71.9682846069336,93.59309387207033,232.25,26.020000457763672
2024-09-12,17.06999969482422,547.567626953125,72.06810760498047,93.15589904785156,236.3300018310547,26.31999969482422
2024-09-13,16.559999465942383,550.4273071289062,72.26778411865234,93.40705108642578,238.67999267578125,26.399999618530277
2024-09-16,17.139999389648438,551.2401733398438,72.44929504394531,94.26287078857422,238.66000366210935,26.649999618530277
2024-09-17,17.610000610351562,551.4655151367188,72.46743774414062,93.80704498291016,237.33999633789065,26.799999237060547
2024-09-18,18.229999542236328,549.8300170898438,72.53097534179688,92.64422607421876,235.50999450683597,26.649999618530277
2024-09-19,16.329999923706055,559.21240234375,72.74879455566406,92.33724212646484,239.1699981689453,27.18000030517578
2024-09-20,16.149999618530273,558.2457885742188,72.83954620361328,91.98374938964844,242.2100067138672,27.11000061035156
2024-09-23,15.890000343322754,559.6408081054688,72.70339965820312,91.78841400146484,242.67999267578125,27.209999084472656
2024-09-24,15.390000343322754,561.2421264648438,72.71247100830078,91.76981353759766,246.07000732421875,28.299999237060547
2024-09-25,15.40999984741211,560.0042724609375,72.63079833984375,91.00699615478516,245.72999572753903,28.059999465942383
2024-09-26,15.369999885559082,562.2244873046875,72.74879455566406,91.220947265625,246.97999572753903,28.979999542236328
2024-09-27,16.959999084472656,561.4091796875,72.9302978515625,91.69537353515624,245.0200042724609,28.63999938964844
2024-09-30,16.729999542236328,563.6588134765625,72.8758544921875,91.25814056396484,243.05999755859372,28.350000381469727
2024-10-01,19.26000022888184,558.6093139648438,72.83935546875,91.9170379638672,245.6100006103516,28.600000381469727
2024-10-02,18.899999618530277,558.8450927734375,72.84847259521484,91.14241790771484,245.66000366210935,29.13999938964844
2024-10-03,20.489999771118164,557.8234252929688,72.67520904541016,90.28382110595705,245.4900054931641,28.440000534057617
2024-10-04,19.209999084472656,562.892578125,72.59312438964844,89.1732406616211,245.0,28.59000015258789
2024-10-07,22.63999938964844,557.8037719726562,72.28306579589844,88.50131225585938,244.1699981689453,28.520000457763672
2024-10-08,21.420000076293945,563.0792236328125,72.45634460449219,88.65061950683594,242.3699951171875,28.0
2024-10-09,20.86000061035156,566.9793090820312,72.41072845458984,88.14664459228516,241.0500030517578,27.63999938964844
2024-10-10,20.93000030517578,565.9869995117188,72.3742446899414,87.80136108398438,242.82000732421875,27.850000381469727
2024-10-11,20.459999084472656,569.3763427734375,72.56575775146484,87.44669342041016,245.47000122070312,28.170000076293945
2024-10-14,19.700000762939453,574.032958984375,72.60223388671875,87.51203155517578,245.07000732421875,27.65999984741211
2024-10-15,20.63999938964844,569.5728759765625,72.58399963378906,88.57595825195312,245.9199981689453,27.270000457763672
2024-10-16,19.57999992370605,572.0484619140625,72.71168518066406,88.94928741455078,247.1499938964844,27.40999984741211
2024-10-17,19.11000061035156,572.0975341796875,72.60223388671875,87.5400390625,248.6300048828125,27.200000762939453
2024-10-18,18.030000686645508,574.2982788085938,72.7755126953125,87.6053695678711,251.2700042724609,27.57999992370605
2024-10-21,18.3700008392334,573.3551025390625,72.48368835449219,86.0748291015625,251.22000122070312,27.40999984741211
2024-10-22,18.200000762939453,573.0504760742188,72.38335418701172,86.15880584716797,253.92999267578125,27.56999969482422
2024-10-23,19.239999771118164,567.8143310546875,72.16448974609375,85.92549896240234,250.8699951171875,27.21999931335449
2024-10-24,19.07999992370605,569.0424194335938,72.3742446899414,86.47612762451172,252.8000030517578,27.38999938964844
2024-10-25,20.32999992370605,568.8458862304688,72.30128479003906,85.99080657958984,253.32000732421875,27.43000030517578
2024-10-28,19.799999237060547,570.6043701171875,72.48368835449219,85.75750732421875,253.3300018310547,27.450000762939453
2024-10-29,19.34000015258789,571.5277709960938,72.50193786621094,85.8881607055664,256.0899963378906,27.459999084472656
2024-10-30,20.350000381469727,569.798828125,72.3742446899414,86.1401596069336,257.5,27.36000061035156
2024-10-31,23.15999984741211,558.6290283203125,72.17362213134766,86.28012084960938,253.50999450683597,27.36000061035156
2024-11-01,21.8799991607666,560.9866333007812,72.17818450927734,85.06372833251953,252.47000122070312,27.350000381469727
2024-11-04,21.979999542236328,559.7783203125,72.37985229492188,86.38407897949219,252.8300018310547,27.81999969482422
2024-11-05,20.489999771118164,566.5470581054688,72.58148193359375,86.84291076660156,253.3999938964844,28.01000022888184
2024-11-06,16.270000457763672,580.6345825195312,72.70979309082031,84.46442413330078,245.6999969482422,26.68000030517578
2024-11-07,15.199999809265137,585.1241455078125,73.02142333984375,85.52256774902344,249.6499938964844,27.84000015258789
2024-11-08,14.9399995803833,587.65869140625,73.14058685302734,86.60881042480469,247.9600067138672,27.11000061035156
2024-11-11,14.970000267028809,588.2188110351562,73.05810546875,86.18743896484375,242.13999938964844,26.68000030517578
2024-11-12,14.710000038146973,586.3915405273438,72.76478576660156,84.89518737792969,240.0500030517578,26.059999465942383
2024-11-13,14.020000457763672,586.6763916015625,72.78312683105469,84.0898666381836,237.6300048828125,25.63999938964844
2024-11-14,14.3100004196167,582.9038696289062,72.62731170654297,84.57679748535156,237.00999450683597,25.729999542236328
2024-11-15,16.139999389648438,575.437744140625,72.61815643310547,84.35205078125,236.58999633789065,25.600000381469727
2024-11-18,15.579999923706056,577.7954711914062,72.75563049316406,84.50188446044922,241.08999633789065,25.989999771118164
2024-11-19,16.350000381469727,579.9075927734375,72.86561584472656,84.93262481689453,243.25,26.149999618530277
2024-11-20,17.15999984741211,580.1041259765625,72.84727478027344,84.66107940673828,244.6199951171875,26.040000915527344
2024-11-21,16.8700008392334,583.2183227539062,72.87478637695312,84.59551239013672,246.66000366210935,25.899999618530277
2024-11-22,15.239999771118164,585.0259399414062,72.85643768310547,84.64234161376953,249.83999633789065,25.670000076293945
2024-11-25,14.600000381469728,587.0103149414062,73.13141632080078,86.83357238769531,242.47999572753903,25.940000534057617
2024-11-26,14.100000381469728,590.075439453125,72.99393463134766,86.49645233154297,242.9499969482422,25.690000534057617
2024-11-27,14.100000381469728,588.287353515625,73.21390533447266,87.09573364257812,243.4900054931641,25.790000915527344
2024-11-29,13.510000228881836,591.94189453125,73.36054229736328,87.99469757080078,245.58999633789065,25.799999237060547
2024-12-02,13.34000015258789,593.0029907226562,73.33383178710938,88.20613861083984,243.44000244140625,25.8700008392334
2024-12-03,13.300000190734863,593.2779541015625,73.33383178710938,87.44502258300781,243.92999267578125,26.200000762939453
2024-12-04,13.449999809265137,596.9619140625,73.50878143310547,88.38468170166016,244.6699981689453,26.18000030517578
2024-12-05,13.539999961853027,595.9795532226562,73.4443130493164,88.56319427490234,242.8600006103516,26.190000534057617
2024-12-06,12.770000457763672,597.109375,73.56401824951172,88.6947250366211,242.9499969482422,26.149999618530277
2024-12-09,14.1899995803833,594.034423828125,73.47196197509766,87.87725067138672,245.3600006103516,26.59000015258789
2024-12-10,14.18000030517578,592.1875610351562,73.50878143310547,87.46380615234375,248.58999633789065,26.600000381469727
2024-12-11,13.579999923706056,596.7655639648438,73.52717590332031,86.63690185546875,250.9600067138672,26.59000015258789
2024-12-12,13.920000076293944,593.6906127929688,73.32464599609375,85.58446502685547,247.27999877929688,26.420000076293945
2024-12-13,13.8100004196167,593.57275390625,73.11287689208984,84.7105941772461,244.2899932861328,26.1200008392334
2024-12-16,14.6899995803833,596.1072998046875,73.25098419189453,84.96427917480469,244.8800048828125,26.13999938964844
2024-12-17,15.869999885559082,593.6513061523438,73.09446716308594,85.1710205078125,243.94000244140625,25.88999938964844
2024-12-18,27.6200008392334,575.9584350585938,72.34391784667969,84.10601806640625,239.25999450683597,25.6299991607666
2024-12-19,24.09000015258789,575.7815551757812,72.2698745727539,82.83253479003906,239.6000061035156,25.520000457763672
2024-12-20,18.36000061035156,582.697265625,72.72335052490234,83.30419158935547,242.1000061035156,25.6200008392334
2024-12-23,16.780000686645508,586.1865844726562,72.52900695800781,82.54010772705078,240.9600067138672,25.59000015258789
2024-12-24,14.270000457763672,592.7021484375,72.76038360595703,82.8891372680664,241.44000244140625,25.65999984741211
2024-12-26,14.729999542236328,592.7415771484375,72.94546508789062,82.84197998046875,243.07000732421875,25.88999938964844
2024-12-27,15.949999809265137,586.5020141601562,72.69558715820312,82.16278839111328,241.3999938964844,25.790000915527344
2024-12-30,17.399999618530273,579.80908203125,72.79739379882812,82.82308959960938,240.6300048828125,25.6299991607666
2024-12-31,17.350000381469727,577.6997680664062,72.78813171386719,82.37975311279297,242.1300048828125,25.15999984741211
2025-01-02,17.93000030517578,576.2803955078125,72.96397399902344,82.60614776611328,245.4199981689453,25.31999969482422
2025-01-03,16.1299991607666,583.48583984375,73.07504272460938,82.34200286865234,243.4900054931641,25.549999237060547
2025-01-06,16.040000915527344,586.8469848632812,73.20457458496094,81.97412872314453,243.19000244140625,26.0
2025-01-07,17.81999969482422,580.2133178710938,72.96397399902344,81.04966735839844,244.55999755859372,26.209999084472656
2025-01-08,17.700000762939453,581.0609741210938,73.05652618408203,81.1534423828125,245.8600006103516,26.739999771118164
2025-01-10,19.540000915527344,572.189697265625,72.67709350585938,80.6157455444336,248.2100067138672,26.88999938964844
2025-01-13,19.190000534057617,573.0767822265625,72.6585693359375,80.58745574951172,245.7400054931641,27.07999992370605
2025-01-14,18.709999084472656,573.8653564453125,72.75111389160156,80.45538330078125,247.02999877929688,27.239999771118164
2025-01-15,16.1200008392334,584.303955078125,73.38968658447266,81.84205627441406,248.8800048828125,27.600000381469727
2025-01-16,16.600000381469727,583.1802368164062,73.47297668457031,82.10619354248047,250.6000061035156,27.75
2025-01-17,15.970000267028809,589.0353393554688,73.53775024414062,82.2476806640625,249.2700042724609,27.25
2025-01-21,15.0600004196167,594.4270629882812,73.73210144042969,82.98346710205078,253.1300048828125,27.229999542236328
2025-01-22,15.100000381469728,597.7686157226562,73.63031005859375,82.54955291748047,254.42999267578125,27.0
2025-01-23,15.020000457763672,601.0313110351562,73.72285461425781,81.90808868408203,254.07000732421875,27.1299991607666
2025-01-24,14.850000381469728,599.2767333984375,73.80614471435547,82.2760009765625,255.6499938964844,27.149999618530277
2025-01-27,17.899999618530273,590.7996826171875,73.8616714477539,83.24758911132812,252.9900054931641,26.6299991607666
2025-01-28,16.40999984741211,595.8760375976562,73.83390808105469,83.19099426269531,255.17999267578125,26.690000534057617
2025-01-29,16.559999465942383,593.204833984375,73.78763580322266,83.02118682861328,254.1999969482422,26.899999618530277
2025-01-30,15.84000015258789,596.3885498046875,73.92646789550781,83.33248138427734,258.04998779296875,27.170000076293945
2025-01-31,16.43000030517578,593.2146606445312,73.77838897705078,82.78535461425781,258.5599975585937,26.850000381469727
2025-02-03,18.6200008392334,589.22265625,73.6854248046875,83.45941925048828,259.94000244140625,27.15999984741211
2025-02-04,17.209999084472656,593.1752319335938,73.91783142089844,83.71500396728516,262.5,27.479999542236328
2025-02-05,15.770000457763672,595.580322265625,74.11307525634766,85.09717559814453,264.1300048828125,27.93000030517578
2025-02-06,15.5,597.650390625,74.00150299072266,85.05929565429688,263.42999267578125,28.09000015258789
2025-02-07,16.540000915527344,592.1797485351562,73.76909637451172,84.51022338867188,263.8999938964844,28.899999618530277
2025-02-10,15.8100004196167,596.2013549804688,73.91783142089844,84.25463104248047,268.3699951171875,29.5
2025-02-11,16.020000457763672,596.6547241210938,73.88995361328125,83.71500396728516,267.3900146484375,28.8799991607666
2025-02-12,15.890000343322754,594.732666015625,73.73189544677734,82.57901763916016,267.6700134277344,29.57999992370605
2025-02-13,15.100000381469728,601.0115966796875,74.06658172607422,83.95169830322266,270.3099975585937,30.15999984741211
2025-02-14,14.770000457763672,600.9819946289062,74.1502456665039,84.39662170410156,266.2900085449219,29.270000457763672
2025-02-18,15.350000381469728,602.7463989257812,74.08517456054688,83.40259552001953,270.70001220703125,28.84000015258789
2025-02-19,15.270000457763672,604.165771484375,74.14094543457031,83.5067367553711,270.8500061035156,28.809999465942383
2025-02-20,15.65999984741211,601.6522827148438,74.18745422363281,83.81915283203125,270.989990234375,29.06999969482422
2025-02-21,18.209999084472656,591.361572265625,74.0479965209961,84.83210754394531,270.739990234375,28.600000381469727
2025-02-24,18.979999542236328,588.670654296875,74.14094543457031,85.07823181152344,272.2099914550781,28.399999618530277
2025-02-25,19.43000030517578,585.7431030273438,74.3268814086914,86.54560089111328,268.6199951171875,28.36000061035156
2025-02-26,19.100000381469727,586.0387573242188,74.42914581298828,87.05679321289062,269.0299987792969,28.600000381469727
2025-02-27,21.1299991607666,576.6844482421875,74.28971099853516,86.44145965576172,264.92999267578125,28.690000534057617
2025-02-28,19.6299991607666,585.6838989257812,74.49422454833984,87.50174713134766,263.2699890136719,28.3799991607666
2025-03-03,22.780000686645508,575.4227294921875,74.33918762207031,87.91008758544922,266.739990234375,28.56999969482422
2025-03-04,23.51000022888184,568.611572265625,74.3298568725586,86.82748413085938,269.0599975585937,28.489999771118164
2025-03-05,21.93000030517578,574.722900390625,74.3672103881836,86.13421630859375,269.6199951171875,30.07999992370605
2025-03-06,24.8700008392334,564.5209350585938,74.08699035644531,85.84932708740234,268.25,29.899999618530277
2025-03-07,23.3700008392334,567.68505859375,74.20840454101562,85.57394409179688,268.3900146484375,29.479999542236328
2025-03-10,27.86000061035156,552.5643920898438,73.92820739746094,86.46663665771484,266.0400085449219,29.07999992370605
2025-03-11,26.920000076293945,547.970947265625,73.66668701171875,85.84932708740234,269.1600036621094,29.899999618530277
2025-03-12,24.229999542236328,550.8788452148438,73.75074005126953,85.33651733398438,270.3299865722656,30.21999931335449
2025-03-13,24.65999984741211,543.5353393554688,73.33975982666016,86.08676147460938,275.1300048828125,30.780000686645508
2025-03-14,21.770000457763672,554.762451171875,73.6760025024414,85.63091278076172,275.239990234375,30.459999084472656
2025-03-17,20.51000022888184,559.0404663085938,73.8534927368164,86.0582504272461,276.7300109863281,31.07999992370605
2025-03-18,21.700000762939453,552.9981079101562,73.72273254394531,86.14373016357422,279.9599914550781,31.31999969482422
2025-03-19,19.899999618530277,559.020751953125,74.20840454101562,86.5900650024414,281.1099853515625,32.0
2025-03-20,19.799999237060547,557.4041748046875,74.10568237304688,86.64704895019531,280.75,31.989999771118164
2025-03-21,19.280000686645508,557.5880126953125,73.99359893798828,86.13421630859375,278.489990234375,31.899999618530277
2025-03-24,17.479999542236328,567.5736083984375,74.20840454101562,85.25103759765625,277.25,31.84000015258789
2025-03-25,17.149999618530273,568.93798828125,74.17106628417969,85.2415542602539,278.4700012207031,32.68000030517578
2025-03-26,18.32999992370605,562.1458740234375,73.8721694946289,84.68125915527344,278.239990234375,32.75
2025-03-27,18.690000534057617,560.6529541015625,73.7320785522461,84.43434143066406,281.9700012207031,31.959999084472656
2025-03-28,21.649999618530277,549.3623657226562,73.6012954711914,85.60240936279297,284.0599975585937,31.950000762939453
2025-03-31,22.280000686645508,553.050048828125,73.68535614013672,86.44761657714844,288.1400146484375,31.600000381469727
2025-04-01,21.770000457763672,554.6121215820312,73.85618591308594,87.19673156738281,287.57000732421875,31.520000457763672
2025-04-02,21.51000022888184,558.1219482421875,74.00635528564453,87.1395492553711,288.1600036621094,31.530000686645508
2025-04-03,30.020000457763672,530.6172485351562,73.08655548095703,87.53984832763672,286.4200134277344,30.06999969482422
2025-04-04,45.310001373291016,499.5533447265625,72.04473876953125,88.492919921875,279.7200012207031,27.520000457763672
2025-04-07,46.97999954223633,498.6635437011719,71.42527770996094,85.82430267333984,273.7099914550781,26.68000030517578
2025-04-08,52.33000183105469,490.8531188964844,71.09678649902344,84.20408630371094,275.20001220703125,25.71999931335449
2025-04-09,33.619998931884766,542.4021606445312,73.0020751953125,84.6996841430664,285.3800048828125,27.739999771118164
2025-04-10,40.720001220703125,518.6345825195312,71.81009674072266,82.36465454101562,292.3500061035156,27.489999771118164
2025-04-11,37.560001373291016,527.8885498046875,72.02596282958984,82.81259155273438,297.92999267578125,28.51000022888184
2025-04-14,30.88999938964844,533.009765625,72.38262939453125,83.40351104736328,296.2300109863281,29.399999618530277
2025-04-15,30.1200008392334,531.5169067382812,72.57972717285156,83.69894409179688,297.7799987792969,29.01000022888184
2025-04-16,32.63999938964844,519.7023315429688,72.57034301757812,84.16595458984375,307.4700012207031,29.31999969482422
2025-04-17,29.649999618530277,520.44384765625,72.9926986694336,83.42255401611328,306.1199951171875,29.46999931335449
2025-04-21,33.81999969482422,508.0558776855469,72.56095123291016,81.96437072753906,315.5899963378906,29.790000915527344
2025-04-22,30.56999969482422,521.2742919921875,72.842529296875,82.42183685302734,311.1099853515625,30.3799991607666
2025-04-23,28.450000762939453,529.3516845703125,73.20857238769531,83.22241973876953,303.6499938964844,30.3700008392334
2025-04-24,26.46999931335449,540.4940185546875,73.86556243896484,84.09925079345703,308.07000732421875,30.61000061035156
2025-04-25,24.84000015258789,544.3992309570312,73.93125915527344,84.71875762939453,304.7300109863281,30.3799991607666
2025-04-28,25.149999618530277,544.6068115234375,73.96879577636719,85.25247192382812,309.07000732421875,30.440000534057617
2025-04-29,24.170000076293945,548.03759765625,74.16590118408203,85.9672622680664,306.0599975585937,30.18000030517578
2025-04-30,24.700000762939453,548.2550659179688,73.7717056274414,85.27152252197266,303.7699890136719,28.540000915527344
2025-05-01,24.600000381469727,552.1404418945312,73.86698913574219,84.83916473388672,297.4599914550781,28.81999969482422
2025-05-02,22.68000030517578,560.3364868164062,74.0934066772461,83.92083740234375,297.9800109863281,29.100000381469727
2025-05-05,23.63999938964844,557.1234130859375,74.06510925292969,83.45211029052734,306.8800048828125,29.239999771118164
2025-05-06,24.76000022888184,552.4667358398438,74.00849151611328,83.7295150756836,315.4800109863281,29.65999984741211
2025-05-07,23.549999237060547,554.7901611328125,74.07453918457031,84.08346557617188,310.75,28.739999771118164
2025-05-08,22.479999542236328,558.6558227539062,74.05567169189453,83.14601135253906,304.6300048828125,28.57999992370605
2025-05-09,21.899999618530277,557.9439697265625,74.10283660888672,83.2703628540039,306.8399963378906,28.940000534057617
2025-05-12,18.38999938964844,576.382568359375,74.83866882324219,82.49552154541016,298.19000244140625,28.920000076293945
2025-05-13,18.21999931335449,580.18896484375,74.97074890136719,82.16072082519531,299.4599914550781,29.40999984741211
2025-05-14,18.6200008392334,580.9304809570312,74.6971664428711,81.615478515625,293.1600036621094,29.0
2025-05-15,17.829999923706055,583.7680053710938,74.83866882324219,82.3329086303711,297.8399963378906,29.270000457763672
2025-05-16,17.239999771118164,587.4655151367188,74.923583984375,82.55293273925781,294.239990234375,28.61000061035156
2025-05-19,18.13999938964844,588.108154296875,74.8858413696289,82.31378173828125,298.0299987792969,29.09000015258789
2025-05-20,18.09000015258789,586.1307983398438,74.84810638427734,81.72069549560547,303.5799865722656,29.239999771118164
2025-05-21,20.8700008392334,576.2540893554688,74.34811401367188,80.3240737915039,305.82000732421875,29.209999084472656
2025-05-22,20.280000686645508,576.4815673828125,74.49906158447266,80.74498748779297,303.1099853515625,29.229999542236328
2025-05-23,22.290000915527344,572.5465087890625,74.48020935058594,80.87890625,309.75,30.38999938964844
2025-05-27,18.959999084472656,584.4501342773438,74.9330062866211,82.0076675415039,304.5,29.649999618530277
2025-05-28,19.309999465942383,581.0689086914062,74.8858413696289,81.65373229980469,303.8099975585937,29.209999084472656
2025-05-29,19.18000030517578,583.362548828125,74.99905395507812,82.4094467163086,305.6099853515625,29.15999984741211
2025-05-30,18.56999969482422,582.7100830078125,75.06509399414062,82.53378295898438,303.6000061035156,29.36000061035156
2025-06-02,18.36000061035156,585.992431640625,75.05181884765625,81.76568603515625,311.6700134277344,30.3700008392334
2025-06-03,17.690000534057617,589.3341064453125,75.1939926147461,81.62166595458984,308.9100036621094,30.38999938964844
2025-06-04,17.610000610351562,589.1759643554688,75.33617401123047,82.94664764404297,310.8999938964844,30.51000022888184
2025-06-05,18.479999542236328,586.3285522460938,75.17505645751953,83.00424194335938,309.3299865722656,30.76000022888184
2025-06-06,16.770000457763672,592.349609375,75.16558074951172,81.94808959960938,305.17999267578125,30.229999542236328
2025-06-09,17.15999984741211,592.8834838867188,75.2034683227539,82.0345230102539,306.6199951171875,30.68000030517578
2025-06-10,16.950000762939453,596.2449340820312,75.38357543945312,82.45698547363281,306.7099914550781,30.700000762939453
2025-06-11,17.260000228881836,594.5443725585938,75.3646240234375,82.70661163330078,308.3699951171875,30.020000457763672
2025-06-12,18.020000457763672,596.9073486328125,75.44992065429688,83.69556427001953,312.20001220703125,30.26000022888184
2025-06-13,20.81999969482422,590.2338256835938,75.22242736816406,82.88905334472656,316.2900085449219,29.770000457763672
2025-06-16,19.11000061035156,595.8494262695312,75.37409210205078,82.05371856689453,311.7799987792969,30.200000762939453
2025-06-17,21.600000381469727,590.7578125,75.28878021240234,83.0522689819336,311.94000244140625,29.959999084472656
2025-06-18,20.13999938964844,590.6688232421875,75.40254211425781,83.19628143310547,310.260009765625,30.350000381469727
2025-06-20,20.6200008392334,589.2816162109375,75.63949584960938,83.04266357421875,310.1300048828125,30.290000915527344
2025-06-23,19.82999992370605,595.1022338867188,75.78166961669922,83.31151580810547,311.0799865722656,30.649999618530277
2025-06-24,17.479999542236328,601.676513671875,75.99019622802734,83.91638946533203,306.19000244140625,30.690000534057617
2025-06-25,16.760000228881836,602.0136108398438,75.97125244140625,84.02201843261719,307.1199951171875,30.86000061035156
2025-06-26,16.59000015258789,606.7236328125,76.18924713134766,84.44446563720703,306.7799987792969,31.700000762939453
2025-06-27,16.31999969482422,609.7380981445312,76.1513442993164,83.90678405761719,301.2200012207031,31.670000076293945
2025-06-30,16.729999542236328,612.6533813476562,76.44518280029297,84.73251342773438,304.8299865722656,31.63999938964844
2025-07-01,16.829999923706055,612.455078125,76.34898376464844,84.9426040649414,307.54998779296875,31.56999969482422
2025-07-02,16.639999389648438,615.2315063476562,76.4918441772461,84.40291595458984,309.25,32.2400016784668
2025-07-03,16.3799991607666,620.0803833007812,76.53946685791016,83.81503295898438,307.1400146484375,31.90999984741211
2025-07-07,17.790000915527344,615.4595336914062,76.28233337402344,83.01516723632812,307.3699951171875,31.149999618530277
2025-07-08,16.809999465942383,615.1224365234375,76.17757415771484,82.9091567993164,304.1600036621094,33.77000045776367
2025-07-09,15.9399995803833,618.8110961914062,76.3870849609375,83.7765121459961,305.5199890136719,34.29999923706055
2025-07-10,15.779999732971191,620.5563354492188,76.3108901977539,83.83432006835938,306.20001220703125,34.79999923706055
2025-07-11,16.399999618530273,618.3748168945312,76.21566009521484,82.6778564453125,309.1400146484375,34.5099983215332
2025-07-14,17.200000762939453,619.5548095703125,76.27279663085938,82.50437927246094,308.010009765625,34.279998779296875
2025-07-15,17.3799991607666,616.9072875976562,76.04425048828125,81.9261474609375,306.7300109863281,34.310001373291016
2025-07-16,17.15999984741211,618.9697265625,76.2442398071289,82.04179382324219,308.260009765625,34.18000030517578
2025-07-17,16.520000457763672,622.7576293945312,76.32041931152344,82.02252960205078,307.5899963378906,34.150001525878906
2025-07-18,16.40999984741211,622.3014526367188,76.42518615722656,82.14779663085938,308.3900146484375,34.65999984741211
2025-07-21,16.649999618530273,623.4815063476562,76.52994537353516,82.88024139404297,313.1300048828125,34.939998626708984
2025-07-22,16.5,623.5707397460938,76.66326141357422,83.38136291503906,316.1000061035156,35.5
2025-07-23,15.369999885559082,628.8757934570312,76.70134735107422,82.9188003540039,312.17999267578125,36.09999847412109
2025-07-24,15.390000343322754,629.0839233398438,76.60611724853516,82.77421569824219,310.2699890136719,36.16999816894531
2025-07-25,14.93000030517578,631.7413940429688,76.65373229980469,83.29463958740234,307.3999938964844,35.84000015258789
2025-07-28,15.029999732971191,631.5828247070312,76.61564636230469,82.75495147705078,305.4100036621094,34.790000915527344
2025-07-29,15.979999542236328,629.9169311523438,76.66326141357422,84.15235137939453,306.25,35.0
2025-07-30,15.479999542236328,629.1236572265625,76.5013656616211,83.71868133544922,300.9599914550781,28.239999771118164
2025-07-31,16.719999313354492,626.763671875,76.5489730834961,83.76686096191406,302.9599914550781,27.450000762939453
2025-08-01,20.3799991607666,616.4907836914062,76.55282592773438,84.9577407836914,309.1099853515625,27.56999969482422
2025-08-04,17.520000457763672,625.8612670898438,76.81124877929688,85.18991088867188,310.9100036621094,27.71999931335449
2025-08-05,17.850000381469727,622.688232421875,76.77294921875,85.45111846923828,311.1600036621094,27.209999084472656
2025-08-06,16.770000457763672,627.457763671875,76.84953308105469,84.9577407836914,310.5,27.459999084472656
2025-08-07,16.56999969482422,626.9321899414062,76.77294921875,84.81262969970703,313.1199951171875,27.479999542236328
2025-08-08,15.149999618530272,631.82080078125,76.78253173828125,84.44502258300781,313.04998779296875,27.770000457763672
2025-08-11,16.25,630.5713500976562,76.78253173828125,84.54175567626953,308.54998779296875,27.690000534057617
2025-08-12,14.729999542236328,637.284423828125,76.9548110961914,84.11609649658203,308.2699890136719,28.059999465942383
2025-08-13,14.489999771118164,639.4658813476562,77.15581512451172,84.81262969970703,309.2099914550781,27.950000762939453
2025-08-14,14.829999923706056,639.5254516601562,76.9548110961914,84.18380737304688,307.25,27.989999771118164
2025-08-15,15.09000015258789,638.0281372070312,77.01224517822266,83.5840072631836,307.42999267578125,27.920000076293945
2025-08-18,14.989999771118164,637.8892822265625,76.9548110961914,83.3421630859375,306.95001220703125,27.84000015258789
2025-08-19,15.56999969482422,634.4286499023438,76.9356689453125,83.82586669921875,305.2699890136719,27.56999969482422
2025-08-20,15.6899995803833,632.7429809570312,76.90695190429688,84.00967407226562,308.3599853515625,27.65999984741211
2025-08-21,16.600000381469727,630.2044677734375,76.76337432861328,83.59368133544922,307.2900085449219,27.770000457763672
2025-08-22,14.220000267028809,639.88232421875,77.38552856445312,84.21284484863281,310.5799865722656,27.770000457763672
2025-08-25,14.789999961853027,637.0662841796875,77.23239135742188,83.97097778320312,309.8299865722656,27.86000061035156
2025-08-26,14.619999885559082,639.7335815429688,77.4046630859375,83.9226303100586,312.0799865722656,27.93000030517578
2025-08-27,14.850000381469728,641.1912841796875,77.50039672851562,83.82586669921875,312.7099914550781,27.65999984741211
2025-08-28,14.43000030517578,643.4619750976562,77.53868103027344,84.3772964477539,315.0299987792969,27.93000030517578
2025-08-29,15.359999656677246,639.6245727539062,77.39509582519531,83.7774887084961,318.07000732421875,28.1299991607666
2025-09-02,17.170000076293945,634.884765625,77.3114242553711,83.15406799316406,325.5899963378906,28.489999771118164
2025-09-03,16.350000381469727,638.3255615234375,77.52301025390625,84.0668716430664,328.1400146484375,28.36000061035156
2025-09-04,15.300000190734863,643.6602783203125,77.73458862304688,84.70780944824219,326.69000244140625,28.07999992370605
2025-09-05,15.18000030517578,641.796142578125,77.7730484008789,85.99934387207031,331.04998779296875,27.940000534057617
2025-09-08,15.109999656677246,643.3727416992188,77.7730484008789,87.14523315429688,334.82000732421875,28.030000686645508
2025-09-09,15.039999961853027,644.8601684570312,77.68649291992188,86.64998626708984,334.0599975585937,28.1299991607666
2025-09-10,15.350000381469728,646.724365234375,77.74420166015625,87.14523315429688,335.260009765625,28.32999992370605
2025-09-11,14.710000038146973,652.0988159179688,77.93653869628906,87.72787475585938,334.760009765625,28.799999237060547
2025-09-12,14.760000228881836,651.8805541992188,77.85960388183594,87.3491439819336,335.4200134277344,28.600000381469727
2025-09-15,15.6899995803833,655.3511352539062,78.08079528808594,87.55308532714844,338.9100036621094,29.030000686645508
2025-09-16,16.360000610351562,654.4488525390625,78.02310180664062,87.73760223388672,339.5899963378906,28.950000762939453
2025-09-17,15.720000267028809,653.6356811523438,77.9461669921875,87.51424407958984,336.9700012207031,28.420000076293945
2025-09-18,15.699999809265137,656.6898803710938,78.1192626953125,86.61113739013672,335.6199951171875,28.34000015258789
2025-09-19,15.449999809265137,659.9423217773438,78.14811706542969,86.44605255126953,339.17999267578125,28.57999992370605
2025-09-22,16.100000381469727,663.0645751953125,78.20582580566406,86.13529968261719,345.04998779296875,28.6200008392334
2025-09-23,16.639999389648438,659.4551391601562,78.14811706542969,86.73737335205078,346.4599914550781,28.6200008392334
2025-09-24,16.18000030517578,657.3569946289062,78.04232788085938,86.40721130371094,343.32000732421875,29.700000762939453
2025-09-25,16.739999771118164,654.3242797851562,77.82113647460938,86.40721130371094,344.75,29.51000022888184
2025-09-26,15.289999961853027,658.072998046875,77.97500610351562,86.32952117919922,346.739990234375,29.3700008392334
2025-09-29,16.1200008392334,659.9224243164062,78.10964965820312,87.03840637207031,352.4599914550781,30.290000915527344
2025-09-30,16.280000686645508,662.4082641601562,78.08079528808594,86.78592681884766,355.4700012207031,30.0
2025-10-01,16.290000915527344,664.6654052734375,78.22669982910156,87.01006317138672,356.0299987792969,30.149999618530277
2025-10-02,16.6299991607666,665.4309692382812,78.19771575927734,87.26341247558594,354.7900085449219,30.559999465942383
2025-10-03,16.649999618530273,665.421142578125,78.11074829101562,87.09774780273438,357.6400146484375,31.31999969482422
2025-10-06,16.3700008392334,667.8074951171875,78.13008117675781,86.4058837890625,364.3800048828125,31.1299991607666
2025-10-07,17.239999771118164,665.3316040039062,78.04310607910156,86.90287017822266,366.260009765625,31.299999237060547
2025-10-08,16.299999237060547,669.2990112304688,77.92716217041016,86.97107696533203,372.2999877929688,31.3799991607666
2025-10-09,16.43000030517578,667.3600463867188,77.7049331665039,86.90287017822266,365.4299926757813,31.670000076293945
2025-10-10,21.65999984741211,649.32275390625,77.25079345703125,88.30609893798828,369.1199951171875,30.270000457763672
2025-10-13,19.030000686645508,659.2860107421875,77.73391723632812,88.25736999511719,378.0899963378906,31.59000015258789
2025-10-14,20.809999465942383,658.4805908203125,77.82087707519531,88.53997802734375,380.7900085449219,30.850000381469727
2025-10-15,20.63999938964844,661.4039306640625,78.07210540771484,88.3450698852539,387.3900146484375,30.739999771118164
2025-10-16,25.309999465942383,656.8995971679688,77.79188537597656,89.00770568847656,396.4500122070313,30.84000015258789
2025-10-17,20.780000686645508,660.62841796875,77.99481201171875,88.87127685546875,388.989990234375,30.81999969482422
2025-10-20,18.229999542236328,667.499267578125,78.1493911743164,89.21234893798828,403.1499938964844,31.229999542236328
2025-10-21,17.8700008392334,667.4893188476562,78.03345489501953,89.6508560180664,377.239990234375,30.540000915527344
2025-10-22,18.600000381469727,664.0191040039062,77.95614624023438,89.7093276977539,377.2799987792969,30.96999931335449
2025-10-23,17.299999237060547,667.9566650390625,78.13008117675781,89.09540557861328,378.7900085449219,31.40999984741211
2025-10-24,16.3700008392334,673.4155883789062,78.3426513671875,89.1343994140625,377.5199890136719,31.59000015258789
2025-10-27,15.789999961853027,681.3603515625,78.53589630126953,89.43647766113281,367.010009765625,31.899999618530277
2025-10-28,16.420000076293945,683.1700439453125,78.4585952758789,89.67034912109375,364.3800048828125,31.989999771118164
2025-10-29,16.920000076293945,683.4982299804688,78.21702575683594,88.76409149169922,363.0,32.20000076293945
2025-10-30,16.90999984741211,675.9810180664062,78.07210540771484,88.24762725830078,370.1300048828125,31.56999969482422
2025-10-31,17.440000534057617,678.1983032226562,78.07210540771484,87.9845199584961,368.1199951171875,31.530000686645508
2025-11-03,17.170000076293945,679.4711303710938,77.82930755615234,87.76448059082031,368.7799987792969,31.280000686645508
2025-11-04,19.0,671.4169921875,77.83903503417969,87.96007537841797,362.3200073242188,30.530000686645508
2025-11-05,18.010000228881836,673.7437133789062,77.91671752929688,87.00165557861328,366.510009765625,30.8799991607666
2025-11-06,19.5,666.514892578125,77.94584655761719,87.78402709960938,366.0700073242188,30.82999992370605
2025-11-07,19.07999992370605,667.1710815429688,78.01383209228516,87.59821319580078,368.30999755859375,30.670000076293945
2025-11-10,17.600000381469727,677.5818481445312,78.27604675292969,87.57865142822266,378.3800048828125,31.61000061035156
2025-11-11,17.280000686645508,679.1329956054688,78.36345672607422,87.97962951660156,379.8699951171875,31.34000015258789
2025-11-12,17.510000228881836,679.5109252929688,78.20806121826172,88.13611602783203,385.989990234375,31.5
2025-11-13,20.0,668.235107421875,77.88756561279297,87.41239166259766,382.8699951171875,31.26000022888184
2025-11-14,19.82999992370605,668.1256713867188,77.90699768066406,86.91362762451172,375.9599914550781,31.31999969482422
2025-11-17,22.3799991607666,661.901123046875,77.78074645996094,87.12877655029297,371.6499938964844,30.90999984741211
2025-11-18,24.690000534057617,656.3427734375,77.80017852783203,87.09944915771484,374.3500061035156,30.799999237060547
2025-11-19,23.65999984741211,658.8783569335938,77.83903503417969,86.92340087890625,374.9599914550781,31.1299991607666
2025-11-20,26.420000076293945,648.8355712890625,77.79045867919922,87.26571655273438,374.8500061035156,30.770000457763672
2025-11-21,23.43000030517578,655.2987670898438,78.05267333984375,87.52974700927734,374.2699890136719,31.06999969482422
2025-11-24,20.520000457763672,664.9437866210938,78.26632690429688,88.02852630615234,380.2000122070313,31.11000061035156
2025-11-25,18.559999465942383,671.1982421875,78.53826141357422,88.25347137451172,380.0799865722656,31.18000030517578
2025-11-26,17.190000534057617,675.8318481445312,78.61595153808594,88.64466857910156,383.1199951171875,31.84000015258789
2025-11-28,16.350000381469727,679.5208129882812,78.65480041503906,88.22412109375,387.8800048828125,32.279998779296875
2025-12-01,17.239999771118164,676.41845703125,78.51333618164062,87.12584686279297,389.75,32.290000915527344
2025-12-02,16.59000015258789,677.67138671875,78.65967559814453,87.16510772705078,387.239990234375,32.13999938964844
2025-12-03,16.079999923706055,680.0180053710938,78.72797393798828,87.41048431396484,386.8800048828125,33.029998779296875
2025-12-04,15.779999732971191,680.51513671875,78.7865219116211,86.93936920166016,387.1300048828125,32.84000015258789
2025-12-05,15.40999984741211,681.8078002929688,78.7865219116211,86.5369644165039,386.4400024414063,33.349998474121094
2025-12-08,16.65999984741211,679.7594604492188,78.59138488769531,86.25233459472656,385.4200134277344,33.2400016784668
2025-12-09,16.93000030517578,679.1727905273438,78.50357055664062,86.34066009521484,387.3999938964844,32.650001525878906
2025-12-10,15.770000457763672,683.6771850585938,78.76699829101562,86.67436981201172,389.0499877929688,33.06999969482422
2025-12-11,14.850000381469728,685.26806640625,78.75725555419922,86.55658721923828,393.239990234375,33.61000061035156
2025-12-12,15.739999771118164,677.9000854492188,78.61088562011719,85.72233581542969,395.4400024414063,32.83000183105469
2025-12-15,16.5,676.8758544921875,78.6499252319336,85.78123474121094,395.7999877929688,33.150001525878906
2025-12-16,16.479999542236328,675.0264282226562,78.6987075805664,86.25233459472656,395.8900146484375,32.88999938964844
2025-12-17,17.6200008392334,667.5986938476562,78.60113525390625,86.173828125,399.2900085449219,33.22999954223633
2025-12-18,16.8700008392334,672.6399536132812,78.8157958984375,86.58604431152344,398.5700073242188,33.2599983215332
2025-12-19,14.90999984741211,678.7363891601562,78.77754974365234,86.26286315917969,399.0199890136719,33.599998474121094
2025-12-22,14.079999923706056,682.96484375,78.84617614746094,86.07565307617188,408.2300109863281,33.72999954223633
2025-12-23,14.0,686.0863037109375,78.90499114990234,86.2136001586914,413.6400146484375,34.150001525878906
2025-12-24,13.470000267028809,688.4996948242188,79.05204772949219,86.73580169677734,411.9299926757813,34.20000076293945
2025-12-26,13.600000381469728,688.4298706054688,79.01282501220703,86.45006561279297,416.739990234375,35.810001373291016
2025-12-29,14.199999809265137,685.9765625,79.042236328125,86.77521514892578,398.6000061035156,34.18000030517578
2025-12-30,14.329999923706056,685.138916015625,79.12066650390625,86.56830596923828,398.8900146484375,35.25
2025-12-31,14.949999809265137,680.062744140625,79.042236328125,85.87860107421875,396.30999755859375,34.959999084472656
2026-01-02,14.510000228881836,681.309326171875,79.08145904541016,85.7505111694336,398.2799987792969,34.97999954223633
2026-01-05,14.899999618530272,685.846923828125,79.28731536865234,86.17418670654297,408.760009765625,36.77000045776367
2026-01-06,14.75,689.92578125,79.30692291259766,85.996826171875,413.1799926757813,37.27000045776367
2026-01-07,15.380000114440918,687.701904296875,79.28731536865234,86.49933624267578,409.2300109863281,35.90999984741211
2026-01-08,15.449999809265137,687.632080078125,79.34613800048828,86.06580352783203,411.489990234375,35.68000030517578
2026-01-09,14.489999771118164,692.1796264648438,79.40494537353516,86.63727569580078,414.4700012207031,36.150001525878906
2026-01-12,15.119999885559082,693.2666625976562,79.44416809082031,86.38109588623047,422.2300109863281,36.880001068115234
2026-01-13,15.979999542236328,691.8804931640625,79.44416809082031,86.52889251708984,421.6300048828125,36.88999938964844
2026-01-14,16.75,688.479736328125,79.44416809082031,87.0313949584961,425.9400024414063,37.5
2026-01-15,15.84000015258789,690.3546142578125,79.44416809082031,87.01168823242188,423.3299865722656,36.77000045776367
2026-01-16,15.859999656677246,689.7761840820312,79.49317169189453,86.50919342041016,421.2900085449219,35.939998626708984
2026-01-20,20.09000015258789,675.7345581054688,79.28731536865234,85.3760986328125,437.2300109863281,35.709999084472656
2026-01-21,16.899999618530273,683.5332641601562,79.52259063720703,86.02637481689453,443.6000061035156,35.68000030517578
2026-01-22,15.640000343322754,687.103515625,79.5814208984375,86.40080261230469,451.7900085449219,35.65999984741211
2026-01-23,16.09000015258789,687.352783203125,79.54219818115234,86.63727569580078,458.0,36.52000045776367
2026-01-26,16.149999618530273,690.84326171875,79.5814208984375,87.05110168457031,464.7000122070313,36.540000915527344
2026-01-27,16.350000381469727,693.5957641601562,79.57160186767578,86.50919342041016,476.1000061035156,36.58000183105469
2026-01-28,16.350000381469727,693.5259399414062,79.44416809082031,86.3121337890625,494.55999755859375,36.77999877929688
2026-01-29,16.8799991607666,692.1497192382812,79.43435668945312,86.33183288574219,495.8999938964844,38.709999084472656
2026-01-30,17.440000534057617,690.0853271484375,79.52259063720703,85.84903717041016,444.9500122070313,36.43000030517578
2026-02-02,16.34000015258789,693.5159912109375,79.57086181640625,85.60375213623047,427.1300048828125,35.880001068115234
2026-02-03,18.0,687.6520385742188,79.52161407470703,85.81145477294922,454.2900085449219,37.47999954223633
2026-02-04,18.63999938964844,684.3211059570312,79.42308807373047,85.59386444091797,453.9700012207031,36.290000915527344
2026-02-05,21.770000457763672,675.7744750976562,79.33442687988281,86.52359008789062,441.8800048828125,35.2400016784668
2026-02-06,20.3700008392334,688.739013671875,79.61026763916016,86.58293151855469,455.4599914550781,36.2400016784668
2026-02-09,17.360000610351562,692.0599975585938,79.7186279296875,86.5631332397461,467.0299987792969,36.77000045776367
2026-02-10,17.790000915527344,690.2349243164062,79.63982391357422,87.56209564208984,462.3999938964844,36.33000183105469
2026-02-11,17.649999618530273,690.075439453125,79.62997436523438,87.09724426269531,467.6300048828125,36.79999923706055
2026-02-12,20.81999969482422,679.41455078125,79.59056091308594,88.25445556640625,451.3900146484375,35.5099983215332
2026-02-13,20.600000381469727,679.8931884765625,79.64967346191406,88.73908996582031,462.6199951171875,35.560001373291016
2026-02-17,20.290000915527344,680.9901733398438,79.61026763916016,88.887451171875,448.2000122070313,34.939998626708984
2026-02-18,19.6200008392334,684.4208374023438,79.70878601074219,88.5511703491211,458.2799987792969,35.58000183105469
2026-02-19,20.229999542236328,682.61572265625,79.73834228515625,88.64019012451172,459.55999755859375,35.540000915527344
2026-02-20,19.09000015258789,687.5523071289062,79.79743957519531,88.43248748779297,468.6199951171875,36.16999816894531
2026-02-23,21.01000022888184,680.531494140625,79.66938018798828,88.75887298583984,481.2799987792969,35.68000030517578
2026-02-24,19.549999237060547,685.4779052734375,79.61026763916016,88.91712188720703,474.6099853515625,36.29999923706055
2026-02-25,17.93000030517578,691.26220703125,79.7186279296875,88.92701721191406,473.4200134277344,36.77999877929688
2026-02-26,18.6299991607666,687.422607421875,79.64967346191406,89.28307342529297,477.4800109863281,36.72999954223633
2026-02-27,19.86000061035156,684.1216430664062,79.52161407470703,89.82706451416016,483.75,36.880001068115234
2026-03-02,21.440000534057617,684.5106201171875,79.47606658935547,88.92501068115234,490.0,36.38999938964844
2026-03-03,23.56999969482422,678.4771118164062,79.31767272949219,88.74639129638672,468.1400146484375,35.599998474121094
2026-03-04,21.149999618530277,683.2639770507812,79.59486389160156,88.4685287475586,471.7999877929688,35.970001220703125
2026-03-05,23.75,679.4544067382812,79.27806854248047,88.11128234863281,466.1300048828125,35.58000183105469
2026-03-06,29.489999771118164,670.5487060546875,78.89197540283203,87.78380584716797,473.510009765625,35.630001068115234
2026-03-09,25.5,676.4227294921875,79.3671646118164,88.54792785644531,472.5299987792969,35.900001525878906
2026-03-10,24.93000030517578,675.3356323242188,79.23847198486328,87.60517883300781,477.8599853515625,36.08000183105469
2026-03-11,24.229999542236328,674.4879760742188,79.0602798461914,86.47389221191406,476.239990234375,36.119998931884766
2026-03-12,27.290000915527344,664.2459106445312,78.55537414550781,86.30519104003906,466.8800048828125,35.56999969482422
2026-03-13,27.190000534057617,660.4862060546875,78.40687561035156,85.87848663330078,460.8399963378906,34.81999969482422
2026-03-16,23.51000022888184,667.2078857421875,78.65437316894531,86.5433578491211,460.4299926757813,35.689998626708984
2026-03-17,22.3700008392334,668.9630126953125,79.01077270507812,86.78152465820312,459.2699890136719,35.209999084472656
2026-03-18,25.09000015258789,659.6285400390625,78.6048812866211,86.2952651977539,444.739990234375,33.650001525878906
2026-03-19,24.059999465942383,658.0029907226562,78.8622817993164,86.82122039794922,426.4100036621094,33.720001220703125
2026-03-20,26.780000686645508,648.5700073242188,78.12968444824219,85.17391204833984,413.3800048828125,32.349998474121094
2026-03-23,26.149999618530277,655.3800048828125,78.64447784423828,85.72962951660156,404.0400085449219,33.529998779296875
2026-03-24,26.950000762939453,653.1799926757812,78.37718200683594,85.35253143310547,404.1300048828125,33.349998474121094
2026-03-25,25.32999992370605,656.8200073242188,78.62467956542969,86.17618560791016,416.2900085449219,33.790000915527344
2026-03-26,27.440000534057617,645.0900268554688,78.12968444824219,85.45176696777344,400.6400146484375,33.33000183105469
2026-03-27,31.049999237060547,634.0900268554688,77.93169403076172,84.98535919189453,414.7000122070313,33.45000076293945
2026-03-30,30.61000061035156,631.969970703125,78.02079010009766,86.11664581298828,414.5799865722656,33.59000015258789
2026-03-31,25.25,650.3400268554688,78.76327514648438,86.02733612060547,430.2900085449219,34.43000030517578
2026-04-01,24.540000915527344,655.239990234375,78.95626831054688,85.9426498413086,437.8200073242188,34.34000015258789
2026-04-02,23.8700008392334,655.8300170898438,79.14527130126953,86.47069549560547,429.4100036621094,34.369998931884766
2026-04-06,24.170000076293945,658.9299926757812,79.2845458984375,86.33121490478516,427.6499938964844,34.29999923706055
2026-04-07,25.780000686645508,659.219970703125,79.304443359375,86.32125091552734,431.80999755859375,34.08000183105469
2026-04-08,21.040000915527344,676.010009765625,79.7719955444336,86.6002197265625,434.5299987792969,35.25
2026-04-09,19.489999771118164,679.9099731445312,79.86151885986328,86.38102722167969,437.9100036621094,35.209999084472656
2026-04-10,19.229999542236328,679.4600219726562,79.5431900024414,86.17179870605469,437.1300048828125,35.869998931884766
2026-04-13,19.1200008392334,686.0999755859375,79.84162902832031,86.43084716796875,435.3599853515625,36.790000915527344
2026-04-14,18.36000061035156,694.4600219726562,80.08037567138672,86.88915252685547,445.0899963378906,37.2599983215332
2026-04-15,18.170000076293945,699.9400024414062,80.04058074951172,86.51055145263672,440.4599914550781,37.2599983215332
2026-04-16,17.940000534057617,701.6599731445312,79.93115234375,85.96257019042969,440.0799865722656,36.93999862670898
2026-04-17,17.479999542236328,710.1400146484375,80.22959899902344,86.74966430664062,445.9299926757813,37.290000915527344
2026-04-20,18.8700008392334,708.719970703125,80.15995788574219,86.72974395751953,442.0899963378906,37.0099983215332
2026-04-21,19.5,704.0800170898438,79.95105743408203,86.25150299072266,429.5700073242188,36.560001373291016
2026-04-22,18.920000076293945,711.2100219726562,80.08037567138672,86.4208755493164,435.260009765625,37.59999847412109
2026-04-23,19.309999465942383,708.4500122070312,79.95105743408203,86.23158264160156,431.0400085449219,36.959999084472656
2026-04-24,18.709999084472656,713.9400024414062,80.06048583984375,86.3909912109375,433.25,36.93999862670898
2026-04-27,18.020000457763672,715.1699829101562,80.09032440185547,85.96257019042969,429.8900146484375,36.93000030517578
2026-04-28,17.829999923706055,711.6900024414062,79.98089599609375,86.05224609375,421.9100036621094,36.2400016784668
2026-04-29,18.809999465942383,711.5800170898438,79.7123031616211,85.38470458984375,417.4100036621094,35.970001220703125
2026-04-30,16.889999389648438,718.6599731445312,79.96099853515625,85.30500030517578,423.6600036621094,36.52999877929688
2026-05-01,16.989999771118164,720.6500244140625,80.05999755859375,85.61000061035156,423.1799926757813,36.22999954223633
2026-05-04,18.290000915527344,718.010009765625,79.80000305175781,84.95999908447266,414.7099914550781,35.58000183105469
2026-05-05,17.3799991607666,723.77001953125,79.91999816894531,85.43000030517578,418.2699890136719,36.33000183105469
2026-05-06,17.389999389648438,733.8300170898438,80.16000366210938,86.08000183105469,430.9599914550781,37.540000915527344
2026-05-07,17.079999923706055,731.5800170898438,79.86000061035156,85.6500015258789,431.6799926757813,37.34999847412109
2026-05-08,17.190000534057617,737.6199951171875,80.13999938964844,86.08000183105469,433.7699890136719,38.27000045776367
2026-05-11,18.3799991607666,739.2999877929688,79.9800033569336,85.55999755859375,434.6499938964844,39.38999938964844
