date,SPY
2008-01-02,103.49562072753906
2008-01-03,103.44559478759766
2008-01-04,100.91056823730469
2008-01-07,100.82489013671875
2008-01-08,99.19672393798828
2008-01-09,100.23925018310547
2008-01-10,100.89624786376953
2008-01-11,100.08216094970703
2008-01-14,100.88908386230469
2008-01-15,98.6682357788086
2008-01-16,97.81847381591797
2008-01-17,95.28340148925781
2008-01-18,94.30503845214844
2008-01-22,93.34813690185547
2008-01-23,95.5904541015625
2008-01-24,96.39738464355469
2008-01-25,95.00489044189453
2008-01-28,96.57594299316406
2008-01-29,97.05438995361328
2008-01-30,96.34027862548828
2008-01-31,98.09696960449219
2008-02-01,99.67514038085938
2008-02-04,98.4183120727539
2008-02-05,95.78325653076172
2008-02-06,95.01200866699219
2008-02-07,95.64043426513672
2008-02-08,95.02630615234375
2008-02-11,95.51190185546875
2008-02-12,96.39738464355469
2008-02-13,97.38282775878906
2008-02-14,96.52593994140625
2008-02-15,96.50450134277344
2008-02-19,96.77587127685547
2008-02-20,97.06153106689453
2008-02-21,96.25458526611328
2008-02-22,96.84725189208984
2008-02-25,98.06842803955078
2008-02-26,98.80386352539062
2008-02-27,98.70393371582031
2008-02-28,97.73985290527344
2008-02-29,95.5618667602539
2008-03-03,95.33338928222656
2008-03-04,94.96917724609375
2008-03-05,95.56902313232422
2008-03-06,93.5909652709961
2008-03-07,92.62692260742188
2008-03-10,91.40579223632812
2008-03-11,94.69068145751953
2008-03-12,93.80518341064453
2008-03-13,94.01226043701172
2008-03-14,92.55548095703125
2008-03-17,91.62001037597656
2008-03-18,95.42623138427734
2008-03-19,93.06251525878906
2008-03-20,94.78626251220703
2008-03-24,96.68084716796875
2008-03-25,96.7741470336914
2008-03-26,95.59003448486328
2008-03-27,95.28865814208984
2008-03-28,94.37721252441406
2008-03-31,94.70732879638672
2008-04-01,98.03722381591797
2008-04-02,98.10176849365234
2008-04-03,98.34578704833984
2008-04-04,98.2381591796875
2008-04-07,98.28839111328125
2008-04-08,98.18792724609375
2008-04-09,97.47745513916016
2008-04-10,97.61382293701172
2008-04-11,95.71920776367188
2008-04-14,95.39630126953125
2008-04-15,95.61875915527344
2008-04-16,98.2094497680664
2008-04-17,98.35296630859375
2008-04-18,99.37919616699219
2008-04-21,99.42941284179688
2008-04-22,98.9916763305664
2008-04-23,98.83377838134766
2008-04-24,99.2643814086914
2008-04-25,100.18295288085938
2008-04-28,100.20445251464844
2008-04-29,99.80978393554688
2008-04-30,99.22132110595703
2008-05-01,101.27377319335938
2008-05-02,101.55364227294922
2008-05-05,101.06568908691406
2008-05-06,101.94120788574219
2008-05-07,100.12555694580078
2008-05-08,99.8672103881836
2008-05-09,99.68061828613281
2008-05-12,100.80010986328125
2008-05-13,100.81450653076172
2008-05-14,101.0225830078125
2008-05-15,102.2856674194336
2008-05-16,102.37895965576172
2008-05-19,102.65882110595703
2008-05-20,101.82637023925781
2008-05-21,100.10404968261719
2008-05-22,100.11836242675781
2008-05-23,98.77639770507812
2008-05-27,99.50836181640625
2008-05-28,99.9676742553711
2008-05-29,100.4699935913086
2008-05-30,100.72120666503906
2008-06-02,99.68061828613281
2008-06-03,99.09931182861328
2008-06-04,99.04911804199219
2008-06-05,101.0297622680664
2008-06-06,97.80753326416016
2008-06-09,98.04438018798828
2008-06-10,97.55641174316406
2008-06-11,96.12112426757812
2008-06-12,96.4870834350586
2008-06-13,97.70710754394531
2008-06-16,97.7645034790039
2008-06-17,97.29087829589844
2008-06-18,96.34355926513672
2008-06-19,96.465576171875
2008-06-20,94.89977264404297
2008-06-23,94.80597686767578
2008-06-24,94.6185073852539
2008-06-25,95.065673828125
2008-06-26,92.48365783691406
2008-06-27,91.9787826538086
2008-06-30,92.3033447265625
2008-07-01,92.59184265136719
2008-07-02,91.00511169433594
2008-07-03,91.098876953125
2008-07-07,90.1684799194336
2008-07-08,91.76962280273438
2008-07-09,90.00260162353516
2008-07-10,90.37044525146484
2008-07-11,89.3174057006836
2008-07-14,88.50965118408203
2008-07-15,87.26189422607422
2008-07-16,89.40396881103516
2008-07-17,90.29830169677734
2008-07-18,90.86090087890625
2008-07-21,90.91139221191406
2008-07-22,91.94271087646484
2008-07-23,92.44037628173828
2008-07-24,90.52188873291016
2008-07-25,90.5002670288086
2008-07-28,89.17321014404297
2008-07-29,91.07721710205078
2008-07-30,92.70001220703125
2008-07-31,91.47391510009766
2008-08-01,90.99071502685547
2008-08-04,90.1468505859375
2008-08-05,92.57744598388672
2008-08-06,92.98847961425781
2008-08-07,91.60372161865234
2008-08-08,93.30581665039062
2008-08-11,94.2723159790039
2008-08-12,93.29146575927734
2008-08-13,92.7288818359375
2008-08-14,93.4284439086914
2008-08-15,93.88284301757812
2008-08-18,92.59904479980469
2008-08-19,91.58930206298828
2008-08-20,92.01486206054688
2008-08-21,92.17350006103516
2008-08-22,93.50777435302734
2008-08-25,91.6109390258789
2008-08-26,91.87779998779297
2008-08-27,92.77212524414062
2008-08-28,93.89726257324219
2008-08-29,92.88751983642578
2008-09-02,92.31053924560547
2008-09-03,92.23123931884766
2008-09-04,89.45445251464844
2008-09-05,89.73574829101562
2008-09-08,91.58930206298828
2008-09-09,88.87026977539062
2008-09-10,89.23088073730469
2008-09-11,90.52188873291016
2008-09-12,90.940185546875
2008-09-15,86.61280059814453
2008-09-16,88.0625
2008-09-17,84.10293579101562
2008-09-18,86.59839630126953
2008-09-19,90.03754425048828
2008-09-22,87.99913024902344
2008-09-23,85.99703216552734
2008-09-24,86.27268981933594
2008-09-25,87.62191772460938
2008-09-26,87.66545104980469
2008-09-29,80.79586029052734
2008-09-30,84.13997650146484
2008-10-01,84.19074249267578
2008-10-02,81.13678741455078
2008-10-03,80.04145050048828
2008-10-06,75.96465301513672
2008-10-07,72.5624771118164
2008-10-08,70.73441314697266
2008-10-09,65.79440307617188
2008-10-10,64.19853210449219
2008-10-13,73.52000427246094
2008-10-14,72.4319076538086
2008-10-15,65.3011474609375
2008-10-16,68.02143859863281
2008-10-17,67.61521911621094
2008-10-20,71.67749786376953
2008-10-21,69.53752899169922
2008-10-22,65.75088500976562
2008-10-23,66.51258087158203
2008-10-24,63.13945007324219
2008-10-27,60.89792251586914
2008-10-28,68.0141830444336
2008-10-29,67.52090454101562
2008-10-30,69.85675811767578
2008-10-31,70.24116516113281
2008-11-03,70.44430541992188
2008-11-04,72.83814239501953
2008-11-05,69.77690124511719
2008-11-06,65.91048431396484
2008-11-07,68.08673095703125
2008-11-10,67.19445037841797
2008-11-11,65.11981964111328
2008-11-12,62.25445556640625
2008-11-13,66.1353759765625
2008-11-14,62.83477783203125
2008-11-17,62.000572204589844
2008-11-18,63.16846466064453
2008-11-19,59.120704650878906
2008-11-20,54.73196792602539
2008-11-21,57.684391021728516
2008-11-24,61.68138885498047
2008-11-25,62.13838195800781
2008-11-26,64.53948974609375
2008-11-28,65.35192108154297
2008-12-01,59.56318283081055
2008-12-02,61.85546875
2008-12-03,63.342552185058594
2008-12-04,61.87724304199219
2008-12-05,63.785064697265625
2008-12-08,66.01205444335938
2008-12-09,64.9239501953125
2008-12-10,65.3664321899414
2008-12-11,63.79230880737305
2008-12-12,64.55398559570312
2008-12-15,63.65446472167969
2008-12-16,66.65038299560547
2008-12-17,66.00482940673828
2008-12-18,64.7716064453125
2008-12-19,64.49297332763672
2008-12-22,63.666603088378906
2008-12-23,63.008445739746094
2008-12-24,63.37409973144531
2008-12-26,63.739768981933594
2008-12-29,63.55695343017578
2008-12-30,65.06340789794922
2008-12-31,65.99211883544922
2009-01-02,67.98123931884766
2009-01-05,67.9007797241211
2009-01-06,68.35421752929688
2009-01-07,66.30659484863281
2009-01-08,66.5771713256836
2009-01-09,65.15113830566406
2009-01-12,63.58615493774414
2009-01-13,63.70320129394531
2009-01-14,61.699440002441406
2009-01-15,61.721351623535156
2009-01-16,62.20402145385742
2009-01-20,58.92051315307617
2009-01-21,61.46543502807617
2009-01-22,60.51475143432617
2009-01-23,60.77798843383789
2009-01-26,61.1948356628418
2009-01-27,61.81645584106445
2009-01-28,63.907958984375
2009-01-29,61.83108139038086
2009-01-30,60.5732421875
2009-02-02,60.390384674072266
2009-02-03,61.23870849609375
2009-02-04,60.93891525268555
2009-02-05,61.845699310302734
2009-02-06,63.60813903808594
2009-02-09,63.69584274291992
2009-02-10,60.77798843383789
2009-02-11,61.13631820678711
2009-02-12,61.18021774291992
2009-02-13,60.522029876708984
2009-02-17,57.93327331542969
2009-02-18,57.794281005859375
2009-02-19,57.172725677490234
2009-02-20,56.61692810058594
2009-02-23,54.59123611450195
2009-02-24,56.660804748535156
2009-02-25,56.2147331237793
2009-02-26,55.30058288574219
2009-02-27,54.06470489501953
2009-03-02,51.62948989868164
2009-03-03,51.24189376831055
2009-03-04,52.45585250854492
2009-03-05,50.31315612792969
2009-03-06,50.400917053222656
2009-03-09,49.80855941772461
2009-03-10,52.77764129638672
2009-03-11,53.121341705322266
2009-03-12,55.212833404541016
2009-03-13,55.64430618286133
2009-03-16,55.47610855102539
2009-03-17,57.172725677490234
2009-03-18,58.45248794555664
2009-03-19,57.72850036621094
2009-03-20,56.49922561645508
2009-03-23,60.55751419067383
2009-03-24,59.364322662353516
2009-03-25,59.99038314819336
2009-03-26,61.2130012512207
2009-03-27,60.108238220214844
2009-03-30,58.03120422363281
2009-03-31,58.56888961791992
2009-04-01,59.703155517578125
2009-04-02,61.44873046875
2009-04-03,62.05998992919922
2009-04-06,61.57389450073242
2009-04-07,60.13768768310547
2009-04-08,60.785831451416016
2009-04-09,63.20164489746094
2009-04-13,63.21638107299805
2009-04-14,62.12630844116211
2009-04-15,62.78920364379883
2009-04-16,63.70985794067383
2009-04-17,64.13706970214844
2009-04-20,61.44873046875
2009-04-21,62.649253845214844
2009-04-22,62.266265869140625
2009-04-23,62.87759017944336
2009-04-24,63.82771682739258
2009-04-27,63.223751068115234
2009-04-28,63.024879455566406
2009-04-29,64.36536407470703
2009-04-30,64.38745880126953
2009-05-01,64.73363494873047
2009-05-04,66.93585968017578
2009-05-05,66.70752716064453
2009-05-06,67.86389923095703
2009-05-07,66.92113494873047
2009-05-08,68.48258972167969
2009-05-11,67.20101928710938
2009-05-12,67.00214385986328
2009-05-13,65.31551361083984
2009-05-14,65.875244140625
2009-05-15,65.33760833740234
2009-05-18,67.19364929199219
2009-05-19,67.11261749267578
2009-05-20,66.663330078125
2009-05-21,65.7058334350586
2009-05-22,65.56593322753906
2009-05-26,67.24520874023438
2009-05-27,66.04467010498047
2009-05-28,66.96530151367188
2009-05-29,68.1511459350586
2009-06-01,69.80094146728516
2009-06-02,69.85987091064453
2009-06-03,68.97604370117188
2009-06-04,69.62420654296875
2009-06-05,69.63890075683594
2009-06-08,69.35169982910156
2009-06-09,69.70524597167969
2009-06-10,69.52842712402344
2009-06-11,69.8377685546875
2009-06-12,70.029296875
2009-06-15,68.42366790771484
2009-06-16,67.4956283569336
2009-06-17,67.42935180664062
2009-06-18,67.92283630371094
2009-06-19,68.17317199707031
2009-06-22,66.12882995605469
2009-06-23,66.18067169189453
2009-06-24,66.75103759765625
2009-06-25,68.20279693603516
2009-06-26,68.02503204345703
2009-06-29,68.66200256347656
2009-06-30,68.10648345947266
2009-07-01,68.38797760009766
2009-07-02,66.5214614868164
2009-07-06,66.5140151977539
2009-07-07,65.22521209716797
2009-07-08,65.18077087402344
2009-07-09,65.30667114257812
2009-07-10,65.1511459350586
2009-07-13,66.73619079589844
2009-07-14,67.11396789550781
2009-07-15,69.07681274414062
2009-07-16,68.9656982421875
2009-07-17,69.7212142944336
2009-07-20,70.46190643310547
2009-07-21,70.78779602050781
2009-07-22,70.7729721069336
2009-07-23,72.33584594726562
2009-07-24,72.63212585449219
2009-07-27,72.84691619873047
2009-07-28,72.50617980957031
2009-07-29,72.32847595214844
2009-07-30,73.0839614868164
2009-07-31,73.1876449584961
2009-08-03,74.39495849609375
2009-08-04,74.58753204345703
2009-08-05,74.37271881103516
2009-08-06,73.9875717163086
2009-08-07,74.95790100097656
2009-08-10,74.80235290527344
2009-08-11,73.86907958984375
2009-08-12,74.66161346435547
2009-08-13,75.23194885253906
2009-08-14,74.65420532226562
2009-08-17,72.81729888916016
2009-08-18,73.39503479003906
2009-08-19,74.03944396972656
2009-08-20,74.80235290527344
2009-08-21,76.26893615722656
2009-08-24,76.26152801513672
2009-08-25,76.40966033935547
2009-08-26,76.41703796386719
2009-08-27,76.58740997314453
2009-08-28,76.57257080078125
2009-08-31,75.89116668701172
2009-09-01,74.21719360351562
2009-09-02,73.93574523925781
2009-09-03,74.55052185058594
2009-09-04,75.59489440917969
2009-09-08,76.24669647216797
2009-09-09,76.8318099975586
2009-09-10,77.61697387695312
2009-09-11,77.60214233398438
2009-09-14,77.97988891601562
2009-09-15,78.30581665039062
2009-09-16,79.49092102050781
2009-09-17,79.37239074707031
2009-09-18,79.42304992675781
2009-09-21,79.22209167480469
2009-09-22,79.6834945678711
2009-09-23,79.02112579345703
2009-09-24,78.15042114257812
2009-09-25,77.7336196899414
2009-09-28,79.12532043457031
2009-09-29,78.88716125488281
2009-09-30,78.58206939697266
2009-10-01,76.63220977783203
2009-10-02,76.27494812011719
2009-10-05,77.41361236572266
2009-10-06,78.52251434326172
2009-10-07,78.73832702636719
2009-10-08,79.34114074707031
2009-10-09,79.82487487792969
2009-10-12,80.13744354248047
2009-10-13,79.97373962402344
2009-10-14,81.35053253173828
2009-10-15,81.64823150634766
2009-10-16,81.03800201416016
2009-10-19,81.70777130126953
2009-10-20,81.2761001586914
2009-10-21,80.54679107666016
2009-10-22,81.36541748046875
2009-10-23,80.43515014648438
2009-10-26,79.56440734863281
2009-10-27,79.1997299194336
2009-10-28,77.70384979248047
2009-10-29,79.37094116210938
2009-10-30,77.0712661743164
2009-11-02,77.63687133789062
2009-11-03,77.8824691772461
2009-11-04,78.08341979980469
2009-11-05,79.519775390625
2009-11-06,79.72815704345703
2009-11-09,81.5440444946289
2009-11-10,81.55892181396484
2009-11-11,81.97572326660156
2009-11-12,81.14215087890625
2009-11-13,81.58125305175781
2009-11-16,82.76456451416016
2009-11-17,82.86128997802734
2009-11-18,82.80921173095703
2009-11-19,81.73011779785156
2009-11-20,81.43986511230469
2009-11-23,82.47431182861328
2009-11-24,82.60079193115234
2009-11-25,82.89105987548828
2009-11-27,81.5440444946289
2009-11-30,81.81940460205078
2009-12-01,82.83152770996094
2009-12-02,82.79432678222656
2009-12-03,82.14686584472656
2009-12-04,82.61570739746094
2009-12-07,82.48921203613281
2009-12-08,81.57377624511719
2009-12-09,81.87895202636719
2009-12-10,82.34034729003906
2009-12-11,82.69015502929688
2009-12-14,83.25574493408203
2009-12-15,82.86873626708984
2009-12-16,82.99527740478516
2009-12-17,81.99803161621094
2009-12-18,82.46188354492188
2009-12-21,83.29995727539062
2009-12-22,83.5992202758789
2009-12-23,83.7638168334961
2009-12-24,84.160400390625
2009-12-28,84.3399658203125
2009-12-29,84.22026062011719
2009-12-30,84.19032287597656
2009-12-31,83.3822250366211
2010-01-04,84.79637908935547
2010-01-05,85.02082824707031
2010-01-06,85.0806884765625
2010-01-07,85.43984985351562
2010-01-08,85.72418975830078
2010-01-11,85.84391784667969
2010-01-12,85.04328918457031
2010-01-13,85.76158905029297
2010-01-14,85.99353790283203
2010-01-15,85.0283203125
2010-01-19,86.0907974243164
2010-01-20,85.21541595458984
2010-01-21,83.5767593383789
2010-01-22,81.71365356445312
2010-01-25,82.13272094726562
2010-01-26,81.78848266601562
2010-01-27,82.1775894165039
2010-01-28,81.23480224609375
2010-01-29,80.35191345214844
2010-02-01,81.6014633178711
2010-02-02,82.589111328125
2010-02-03,82.1775894165039
2010-02-04,79.64112091064453
2010-02-05,79.80569458007812
2010-02-08,79.2295913696289
2010-02-09,80.22472381591797
2010-02-10,80.06761932373047
2010-02-11,80.90559387207031
2010-02-12,80.83826446533203
2010-02-16,82.11026000976562
2010-02-17,82.49930572509766
2010-02-18,82.98570251464844
2010-02-19,83.15775299072266
2010-02-22,83.17272186279297
2010-02-23,82.16262817382812
2010-02-24,82.9183349609375
2010-02-25,82.80610656738281
2010-02-26,82.8584976196289
2010-03-01,83.71891021728516
2010-03-02,83.95086669921875
2010-03-03,84.02571105957031
2010-03-04,84.2801284790039
2010-03-05,85.4847412109375
2010-03-08,85.49969482421875
2010-03-09,85.64186096191406
2010-03-10,86.02346801757812
2010-03-11,86.38262176513672
2010-03-12,86.39006805419922
2010-03-15,86.41253662109375
2010-03-16,87.10089874267578
2010-03-17,87.61721801757812
2010-03-18,87.57230377197266
2010-03-19,87.1290054321289
2010-03-22,87.5948257446289
2010-03-23,88.21088409423828
2010-03-24,87.78266143798828
2010-03-25,87.63992309570312
2010-03-26,87.58731079101562
2010-03-29,88.14328002929688
2010-03-30,88.20337677001953
2010-03-31,87.90286254882812
2010-04-01,88.50394439697266
2010-04-05,89.22518157958984
2010-04-06,89.43553161621094
2010-04-07,88.92464447021484
2010-04-08,89.2326889038086
2010-04-09,89.81874084472656
2010-04-12,89.96144104003906
2010-04-13,90.02904510498047
2010-04-14,91.05084228515625
2010-04-15,91.1259765625
2010-04-16,89.67597961425781
2010-04-19,90.01402282714844
2010-04-20,90.81794738769531
2010-04-21,90.65265655517578
2010-04-22,90.92311096191406
2010-04-23,91.51663208007812
2010-04-26,91.17105102539062
2010-04-27,89.01482391357422
2010-04-28,89.69098663330078
2010-04-29,90.80290222167969
2010-04-30,89.26270294189453
2010-05-03,90.41974639892578
2010-05-04,88.29352569580078
2010-05-05,87.76762390136719
2010-05-06,84.85257720947266
2010-05-07,83.5903549194336
2010-05-10,87.27178955078125
2010-05-11,87.02383422851562
2010-05-12,88.24093627929688
2010-05-13,87.14405822753906
2010-05-14,85.56633758544922
2010-05-17,85.61136627197266
2010-05-18,84.44686126708984
2010-05-19,83.96598815917969
2010-05-20,80.7955093383789
2010-05-21,81.97505950927734
2010-05-24,80.92324829101562
2010-05-25,81.00586700439453
2010-05-26,80.51752471923828
2010-05-27,83.21471405029297
2010-05-28,82.17041778564453
2010-06-01,80.78799438476562
2010-06-02,82.89166259765625
2010-06-03,83.17713165283203
2010-06-04,80.25457000732422
2010-06-07,79.2553482055664
2010-06-08,80.10429382324219
2010-06-09,79.67606353759766
2010-06-10,82.0051040649414
2010-06-11,82.40331268310547
2010-06-14,82.27557373046875
2010-06-15,84.14631652832031
2010-06-16,84.11626434326172
2010-06-17,84.25152587890625
2010-06-18,84.3428955078125
2010-06-21,84.10131072998047
2010-06-22,82.7123031616211
2010-06-23,82.45562744140625
2010-06-24,81.0893325805664
2010-06-25,81.42902374267578
2010-06-28,81.17236328125
2010-06-29,78.66614532470703
2010-06-30,77.9188232421875
2010-07-01,77.57159423828125
2010-07-02,77.1488265991211
2010-07-06,77.65461730957031
2010-07-07,80.10041809082031
2010-07-08,80.89305877685547
2010-07-09,81.49696350097656
2010-07-12,81.54981231689453
2010-07-13,82.78025817871094
2010-07-14,82.77269744873047
2010-07-15,82.79534912109375
2010-07-16,80.5156021118164
2010-07-19,80.99118041992188
2010-07-20,81.8895263671875
2010-07-21,80.82508850097656
2010-07-22,82.62928009033203
2010-07-23,83.34638977050781
2010-07-26,84.21453857421875
2010-07-27,84.20698547363281
2010-07-28,83.66348266601562
2010-07-29,83.25584411621094
2010-07-30,83.24073791503906
2010-08-02,85.12039947509766
2010-08-03,84.7127685546875
2010-08-04,85.27890014648438
2010-08-05,85.18836212158203
2010-08-06,84.84109497070312
2010-08-09,85.29401397705078
2010-08-10,84.83352661132812
2010-08-11,82.50849914550781
2010-08-12,82.00271606445312
2010-08-13,81.76115417480469
2010-08-16,81.72341918945312
2010-08-17,82.72743225097656
2010-08-18,82.8783950805664
2010-08-19,81.43653869628906
2010-08-20,81.17236328125
2010-08-23,80.86287689208984
2010-08-24,79.66256713867188
2010-08-25,79.97209167480469
2010-08-26,79.43614959716797
2010-08-27,80.66659545898438
2010-08-30,79.49652099609375
2010-08-31,79.49652099609375
2010-09-01,81.87439727783203
2010-09-02,82.63685607910156
2010-09-03,83.70878601074219
2010-09-07,82.76515197753906
2010-09-08,83.34638977050781
2010-09-09,83.73140716552734
2010-09-10,84.15412902832031
2010-09-13,85.0901870727539
2010-09-14,85.03736877441406
2010-09-15,85.3619384765625
2010-09-16,85.33930206298828
2010-09-17,85.37115478515625
2010-09-20,86.67652130126953
2010-09-21,86.501953125
2010-09-22,86.07698059082031
2010-09-23,85.37875366210938
2010-09-24,87.13946533203125
2010-09-27,86.72206115722656
2010-09-28,87.02562713623047
2010-09-29,86.87383270263672
2010-09-30,86.61581420898438
2010-10-01,86.98009490966797
2010-10-04,86.32742309570312
2010-10-05,88.06535339355469
2010-10-06,88.05774688720703
2010-10-07,87.9515151977539
2010-10-08,88.44480895996094
2010-10-11,88.52831268310547
2010-10-12,88.8014907836914
2010-10-13,89.49214935302734
2010-10-14,89.14301300048828
2010-10-15,89.32514190673828
2010-10-18,89.76531219482422
2010-10-19,88.5890121459961
2010-10-20,89.4542007446289
2010-10-21,89.65147399902344
2010-10-22,89.8184814453125
2010-10-25,90.0840835571289
2010-10-26,90.09928894042969
2010-10-27,89.84122467041016
2010-10-28,89.85640716552734
2010-10-29,89.92472076416016
2010-11-01,89.9550552368164
2010-11-02,90.66845703125
2010-11-03,91.03270721435547
2010-11-04,92.78584289550781
2010-11-05,93.13496398925781
2010-11-08,92.96035766601562
2010-11-09,92.29254150390625
2010-11-10,92.66439819335938
2010-11-11,92.31532287597656
2010-11-12,91.22244262695312
2010-11-15,91.09346771240234
2010-11-16,89.67425537109375
2010-11-17,89.71980285644531
2010-11-18,91.04032897949219
2010-11-19,91.29076385498047
2010-11-22,91.21488952636719
2010-11-23,89.89434051513672
2010-11-24,91.22244262695312
2010-11-26,90.15996551513672
2010-11-29,90.43318939208984
2010-11-30,89.92472076416016
2010-12-01,91.83718872070312
2010-12-02,93.01353454589844
2010-12-03,93.26397705078125
2010-12-06,93.16534423828125
2010-12-07,93.21841430664062
2010-12-08,93.55994415283203
2010-12-09,93.92422485351562
2010-12-10,94.47064208984375
2010-12-13,94.53138732910156
2010-12-14,94.6148452758789
2010-12-15,94.1822509765625
2010-12-16,94.72868347167969
2010-12-17,94.83013916015625
2010-12-20,95.05902099609375
2010-12-21,95.66171264648438
2010-12-22,95.95926666259766
2010-12-23,95.82197570800781
2010-12-27,95.8600845336914
2010-12-28,95.99742126464844
2010-12-29,96.0660629272461
2010-12-30,95.91349792480469
2010-12-31,95.93636322021484
2011-01-03,96.92819213867188
2011-01-04,96.8747787475586
2011-01-05,97.37828826904297
2011-01-06,97.18755340576172
2011-01-07,96.99681854248047
2011-01-10,96.8747787475586
2011-01-11,97.21806335449219
2011-01-12,98.0954360961914
2011-01-13,97.93521881103516
2011-01-14,98.64472961425781
2011-01-18,98.81256103515625
2011-01-19,97.84369659423828
2011-01-20,97.7139663696289
2011-01-21,97.93521881103516
2011-01-24,98.49214172363281
2011-01-25,98.54552459716797
2011-01-26,98.927001953125
2011-01-27,99.1711654663086
2011-01-28,97.4393081665039
2011-01-31,98.17171478271484
2011-02-01,99.74332427978516
2011-02-02,99.55257415771484
2011-02-03,99.77383422851562
2011-02-04,100.0561294555664
2011-02-07,100.68170928955078
2011-02-08,101.13945770263672
2011-02-09,100.91059875488281
2011-02-10,100.94873046875
2011-02-11,101.55142974853516
2011-02-14,101.79553985595703
2011-02-15,101.47514343261719
2011-02-16,102.11600494384766
2011-02-17,102.42113494873047
2011-02-18,102.63475799560547
2011-02-22,100.57489776611328
2011-02-23,99.9569320678711
2011-02-24,99.88827514648438
2011-02-25,100.95633697509766
2011-02-28,101.58192443847656
2011-03-01,99.88827514648438
2011-03-02,100.10189819335938
2011-03-03,101.82605743408203
2011-03-04,101.06318664550781
2011-03-07,100.26969146728516
2011-03-08,101.14707946777344
2011-03-09,101.00213623046875
2011-03-10,99.13298797607422
2011-03-11,99.81961822509766
2011-03-14,99.2168960571289
2011-03-15,98.08015441894531
2011-03-16,96.26443481445312
2011-03-17,97.53851318359375
2011-03-18,97.89326477050781
2011-03-21,99.41043853759766
2011-03-22,99.06556701660156
2011-03-23,99.34912109375
2011-03-24,100.29923248291016
2011-03-25,100.605712890625
2011-03-28,100.36052703857422
2011-03-29,101.03477478027344
2011-03-30,101.73204040527344
2011-03-31,101.59416961669922
2011-04-01,102.02320861816406
2011-04-04,102.10753631591797
2011-04-05,102.0921859741211
2011-04-06,102.41400146484375
2011-04-07,102.15348815917969
2011-04-08,101.80103302001953
2011-04-11,101.49456024169922
2011-04-12,100.7359390258789
2011-04-13,100.7282943725586
2011-04-14,100.80494689941406
2011-04-15,101.1727294921875
2011-04-18,100.03868865966797
2011-04-19,100.61338806152344
2011-04-20,101.98492431640625
2011-04-21,102.50594329833984
2011-04-25,102.39868927001953
2011-04-26,103.27986145019531
2011-04-27,103.95410919189453
2011-04-28,104.2912826538086
2011-04-29,104.53646087646484
2011-05-02,104.37554931640625
2011-05-03,104.00006866455078
2011-05-04,103.31048583984375
2011-05-05,102.37570190429688
2011-05-06,102.8277816772461
2011-05-09,103.22618865966797
2011-05-10,104.1073989868164
2011-05-11,103.01167297363281
2011-05-12,103.50204467773438
2011-05-13,102.70516967773438
2011-05-16,102.05390167236328
2011-05-17,102.03856658935547
2011-05-18,102.95037841796875
2011-05-19,103.1955795288086
2011-05-20,102.37570190429688
2011-05-23,101.18804931640625
2011-05-24,101.10376739501953
2011-05-25,101.44091796875
2011-05-26,101.90828704833984
2011-05-27,102.2990493774414
2011-05-31,103.3641586303711
2011-06-01,101.04246520996094
2011-06-02,100.93516540527344
2011-06-03,99.9314193725586
2011-06-06,98.87401580810547
2011-06-07,98.81273651123047
2011-06-08,98.39897918701172
2011-06-09,99.14988708496094
2011-06-10,97.77062225341797
2011-06-13,97.8472671508789
2011-06-14,99.08856964111328
2011-06-15,97.32625579833984
2011-06-16,97.5407943725586
2011-06-17,97.83189392089844
2011-06-20,98.33238220214844
2011-06-21,99.67994689941406
2011-06-22,99.07929992675781
2011-06-23,98.79443359375
2011-06-24,97.64704132080078
2011-06-27,98.51720428466797
2011-06-28,99.80311584472656
2011-06-29,100.6578598022461
2011-06-30,101.62041473388672
2011-07-01,103.1219482421875
2011-07-05,103.0372314453125
2011-07-06,103.16044616699219
2011-07-07,104.23077392578125
2011-07-08,103.4915771484375
2011-07-11,101.62041473388672
2011-07-12,101.18148803710938
2011-07-13,101.52031707763672
2011-07-14,100.8195571899414
2011-07-15,101.40478515625
2011-07-18,100.57317352294922
2011-07-19,102.20559692382812
2011-07-20,102.14402770996094
2011-07-21,103.56085968017578
2011-07-22,103.63020324707031
2011-07-25,103.05264282226562
2011-07-26,102.66764068603516
2011-07-27,100.5654525756836
2011-07-28,100.27281951904297
2011-07-29,99.58751678466797
2011-08-01,99.16401672363281
2011-08-02,96.63063049316406
2011-08-03,97.15424346923828
2011-08-04,92.60337829589844
2011-08-05,92.4648208618164
2011-08-08,86.44316864013672
2011-08-09,90.46270751953125
2011-08-10,86.46629333496094
2011-08-11,90.34719848632812
2011-08-12,90.95552825927734
2011-08-15,92.88059997558594
2011-08-16,92.08747100830078
2011-08-17,92.14908599853516
2011-08-18,88.17573547363281
2011-08-19,86.73578643798828
2011-08-22,86.8050765991211
2011-08-23,89.66190338134766
2011-08-24,90.92472076416016
2011-08-25,89.53868103027344
2011-08-26,90.84000396728516
2011-08-29,93.45039367675781
2011-08-30,93.69684600830078
2011-08-31,94.1126480102539
2011-09-01,93.12699890136719
2011-09-02,90.74760437011719
2011-09-06,90.08538818359375
2011-09-07,92.62651062011719
2011-09-08,91.66395568847656
2011-09-09,89.26148986816406
2011-09-12,89.8389663696289
2011-09-13,90.66290283203125
2011-09-14,91.91807556152344
2011-09-15,93.50434112548828
2011-09-16,94.0577392578125
2011-09-19,93.12117767333984
2011-09-20,93.01282501220703
2011-09-21,90.27281951904297
2011-09-22,87.35480499267578
2011-09-23,87.88114929199219
2011-09-26,89.97093200683594
2011-09-27,90.97716522216797
2011-09-28,89.11956024169922
2011-09-29,89.82389068603516
2011-09-30,87.57926940917969
2011-10-03,85.08695220947266
2011-10-04,86.95233154296875
2011-10-05,88.56224822998047
2011-10-06,90.16448211669922
2011-10-07,89.56075286865234
2011-10-10,92.55615234375
2011-10-11,92.64903259277344
2011-10-12,93.46173858642578
2011-10-13,93.27598571777344
2011-10-14,94.87047576904297
2011-10-17,93.05928802490234
2011-10-18,94.87820434570312
2011-10-19,93.75586700439453
2011-10-20,94.16607666015625
2011-10-21,95.95406341552734
2011-10-24,97.13054656982422
2011-10-25,95.2419662475586
2011-10-26,96.20951843261719
2011-10-27,99.56094360351562
2011-10-28,99.53772735595703
2011-10-31,97.13827514648438
2011-11-01,94.42926025390625
2011-11-02,95.96952819824219
2011-11-03,97.71884155273438
2011-11-04,97.12284088134766
2011-11-07,97.72652435302734
2011-11-08,98.98043823242188
2011-11-09,95.32711029052734
2011-11-10,96.2249755859375
2011-11-11,98.03614044189453
2011-11-14,97.10733032226562
2011-11-15,97.58724212646484
2011-11-16,96.03919982910156
2011-11-17,94.5144271850586
2011-11-18,94.41377258300781
2011-11-21,92.61808776855469
2011-11-22,92.2542953491211
2011-11-23,90.2186508178711
2011-11-25,90.04835510253906
2011-11-28,92.65677642822266
2011-11-29,92.91992950439453
2011-11-30,96.74358367919922
2011-12-01,96.72808837890625
2011-12-02,96.6429443359375
2011-12-05,97.69558715820312
2011-12-06,97.72652435302734
2011-12-07,98.09034729003906
2011-12-08,95.93856811523438
2011-12-09,97.56399536132812
2011-12-12,96.13983917236328
2011-12-13,95.2419662475586
2011-12-14,94.22801971435547
2011-12-15,94.568603515625
2011-12-16,94.70879364013672
2011-12-19,93.69621276855469
2011-12-20,96.53146362304688
2011-12-21,96.71842956542969
2011-12-22,97.57521057128906
2011-12-23,98.44759368896484
2011-12-27,98.52547454833984
2011-12-28,97.23249053955078
2011-12-29,98.23731994628906
2011-12-30,97.75437927246094
2012-01-03,99.31220245361328
2012-01-04,99.46797943115234
2012-01-05,99.73279571533203
2012-01-06,99.47576904296875
2012-01-09,99.71723175048828
2012-01-10,100.58184814453125
2012-01-11,100.63636779785156
2012-01-12,100.87786102294922
2012-01-13,100.35596466064453
2012-01-17,100.74537658691406
2012-01-18,101.8592758178711
2012-01-19,102.396728515625
2012-01-20,102.77839660644531
2012-01-23,102.51355743408203
2012-01-24,102.396728515625
2012-01-25,103.25352478027344
2012-01-26,102.7238540649414
2012-01-27,102.67713165283203
2012-01-30,102.3266372680664
2012-01-31,102.28768157958984
2012-02-01,103.18341827392578
2012-02-02,103.34697723388672
2012-02-03,104.79580688476562
2012-02-06,104.7257080078125
2012-02-07,104.99054718017578
2012-02-08,105.30207824707031
2012-02-09,105.43450927734375
2012-02-10,104.65557098388672
2012-02-13,105.43450927734375
2012-02-14,105.30207824707031
2012-02-15,104.81139373779297
2012-02-16,105.97193908691406
2012-02-17,106.25238037109375
2012-02-21,106.2990951538086
2012-02-22,105.95640563964844
2012-02-23,106.42376708984375
2012-02-24,106.65741729736328
2012-02-27,106.83657836914062
2012-02-28,107.14815521240234
2012-02-29,106.7275161743164
2012-03-01,107.28055572509766
2012-03-02,106.9533920288086
2012-03-05,106.51717376708984
2012-03-06,104.95938110351562
2012-03-07,105.6915512084961
2012-03-08,106.74307250976562
2012-03-09,107.15592956542969
2012-03-12,107.16371154785156
2012-03-13,109.09539031982422
2012-03-14,108.97856140136719
2012-03-15,109.60950469970703
2012-03-16,109.76126861572266
2012-03-19,110.19158172607422
2012-03-20,109.87083435058594
2012-03-21,109.69090270996094
2012-03-22,108.9007339477539
2012-03-23,109.25271606445312
2012-03-26,110.78616333007812
2012-03-27,110.44190979003906
2012-03-28,109.89423370361328
2012-03-29,109.7065200805664
2012-03-30,110.16029357910156
2012-04-02,110.966064453125
2012-04-03,110.51232147216797
2012-04-04,109.41703033447266
2012-04-05,109.36229705810547
2012-04-09,108.13402557373047
2012-04-10,106.31903076171875
2012-04-11,107.17961883544922
2012-04-12,108.58000183105469
2012-04-13,107.28914642333984
2012-04-16,107.21871948242188
2012-04-17,108.80687713623047
2012-04-18,108.4391098022461
2012-04-19,107.74283599853516
2012-04-20,107.92282104492188
2012-04-23,107.01531219482422
2012-04-24,107.422119140625
2012-04-25,108.89289855957031
2012-04-26,109.65177154541016
2012-04-27,109.8316879272461
2012-04-30,109.42488098144531
2012-05-01,110.10549926757812
2012-05-02,109.77693939208984
2012-05-03,108.9398193359375
2012-05-04,107.17961883544922
2012-05-07,107.2578353881836
2012-05-08,106.82758331298828
2012-05-09,106.1938705444336
2012-05-10,106.41289520263672
2012-05-11,106.0921401977539
2012-05-14,104.918701171875
2012-05-15,104.31624603271484
2012-05-16,103.917236328125
2012-05-17,102.37606811523438
2012-05-18,101.4998779296875
2012-05-21,103.24444580078125
2012-05-22,103.42438507080078
2012-05-23,103.47917938232422
2012-05-24,103.68255615234375
2012-05-25,103.34617614746094
2012-05-29,104.59789276123047
2012-05-30,103.08016204833984
2012-05-31,102.85328674316406
2012-06-01,100.26376342773438
2012-06-04,100.21685028076172
2012-06-05,100.97570037841797
2012-06-06,103.24444580078125
2012-06-07,103.30705261230469
2012-06-08,104.12850952148438
2012-06-11,102.80634307861328
2012-06-12,103.98771667480469
2012-06-13,103.32269287109375
2012-06-14,104.4179458618164
2012-06-15,105.48587799072266
2012-06-18,105.69034576416016
2012-06-19,106.71266174316406
2012-06-20,106.53960418701172
2012-06-21,104.14900970458984
2012-06-22,104.95112609863281
2012-06-25,103.26824951171875
2012-06-26,103.78728485107422
2012-06-27,104.72306823730469
2012-06-28,104.42425537109375
2012-06-29,107.02719116210938
2012-07-02,107.34959411621094
2012-07-03,108.05734252929688
2012-07-05,107.56977844238281
2012-07-06,106.5474624633789
2012-07-09,106.41381072998047
2012-07-10,105.48587799072266
2012-07-11,105.50162506103516
2012-07-12,104.99044799804688
2012-07-13,106.75198364257812
2012-07-16,106.50031280517578
2012-07-17,107.23165893554688
2012-07-18,108.0259017944336
2012-07-19,108.30900573730469
2012-07-20,107.31814575195312
2012-07-23,106.23295593261719
2012-07-24,105.32068634033203
2012-07-25,105.3443603515625
2012-07-26,107.08222961425781
2012-07-27,109.05606842041016
2012-07-30,109.05606842041016
2012-07-31,108.29324340820312
2012-08-01,108.19889831542969
2012-08-02,107.45185089111328
2012-08-03,109.58294677734375
2012-08-06,109.7952651977539
2012-08-07,110.34576416015625
2012-08-08,110.47946166992188
2012-08-09,110.57381439208984
2012-08-10,110.75467681884766
2012-08-13,110.6996078491211
2012-08-14,110.71532440185547
2012-08-15,110.8411636352539
2012-08-16,111.65902709960938
2012-08-17,111.80841827392578
2012-08-20,111.81625366210938
2012-08-21,111.47810363769531
2012-08-22,111.52533721923828
2012-08-23,110.61311340332031
2012-08-24,111.28153228759766
2012-08-27,111.30511474609375
2012-08-28,111.1950454711914
2012-08-29,111.28153228759766
2012-08-30,110.47946166992188
2012-08-31,111.00634002685547
2012-09-04,110.90406036376953
2012-09-05,110.80973815917969
2012-09-06,113.05879211425781
2012-09-07,113.49911499023438
2012-09-10,112.85431671142578
2012-09-11,113.16886901855469
2012-09-12,113.54632568359375
2012-09-13,115.27638244628906
2012-09-14,115.78752899169922
2012-09-17,115.39436340332031
2012-09-18,115.29999542236328
2012-09-19,115.36290740966797
2012-09-20,115.37076568603516
2012-09-21,115.322509765625
2012-09-24,115.14859008789062
2012-09-25,113.9232177734375
2012-09-26,113.2828369140625
2012-09-27,114.35011291503906
2012-09-28,113.82037353515625
2012-10-01,114.120849609375
2012-10-02,114.23943328857422
2012-10-03,114.70587921142578
2012-10-04,115.528076171875
2012-10-05,115.53598022460938
2012-10-08,115.14066314697266
2012-10-09,114.00223541259766
2012-10-10,113.27493286132812
2012-10-11,113.3381576538086
2012-10-12,112.966552734375
2012-10-15,113.9073715209961
2012-10-16,115.06165313720703
2012-10-17,115.58341979980469
2012-10-18,115.28301239013672
2012-10-19,113.3618392944336
2012-10-22,113.3776626586914
2012-10-23,111.804443359375
2012-10-24,111.4881820678711
2012-10-25,111.81233978271484
2012-10-26,111.74908447265625
2012-10-31,111.74908447265625
2012-11-01,112.91913604736328
2012-11-02,111.91514587402344
2012-11-05,112.1444091796875
2012-11-06,113.02194213867188
2012-11-07,110.46043395996094
2012-11-08,109.13223266601562
2012-11-09,109.2271499633789
2012-11-12,109.31409454345703
2012-11-13,108.9345932006836
2012-11-14,107.46412658691406
2012-11-15,107.28230285644531
2012-11-16,107.81195068359375
2012-11-19,109.99398803710938
2012-11-20,110.04141998291016
2012-11-21,110.24696350097656
2012-11-23,111.74908447265625
2012-11-26,111.51188659667969
2012-11-27,110.94270324707031
2012-11-28,111.83602905273438
2012-11-29,112.35782623291016
2012-11-30,112.38152313232422
2012-12-03,111.82816314697266
2012-12-04,111.67002868652344
2012-12-05,111.86769104003906
2012-12-06,112.24714660644531
2012-12-07,112.58708953857422
2012-12-10,112.63452911376953
2012-12-11,113.40143585205078
2012-12-12,113.45673370361328
2012-12-13,112.76103973388672
2012-12-14,112.34204864501953
2012-12-17,113.66231536865234
2012-12-18,114.92729187011719
2012-12-19,114.07339477539062
2012-12-20,114.72957611083984
2012-12-21,113.68817901611328
2012-12-24,113.33785247802734
2012-12-26,112.8601303100586
2012-12-27,112.70889282226562
2012-12-28,111.49070739746094
2012-12-31,113.38560485839844
2013-01-02,116.29168701171875
2013-01-03,116.02899169921875
2013-01-04,116.53851318359375
2013-01-07,116.22010040283203
2013-01-08,115.88566589355469
2013-01-09,116.18026733398438
2013-01-10,117.10379028320312
2013-01-11,117.09590148925781
2013-01-14,117.01627349853516
2013-01-15,117.09590148925781
2013-01-16,117.07996368408203
2013-01-17,117.83628845214844
2013-01-18,118.09904479980469
2013-01-22,118.73603057861328
2013-01-23,118.92711639404297
2013-01-24,118.95899963378906
2013-01-25,119.62774658203125
2013-01-28,119.48444366455078
2013-01-29,119.95418548583984
2013-01-30,119.48444366455078
2013-01-31,119.18991088867188
2013-02-01,120.41598510742188
2013-02-04,119.06243896484375
2013-02-05,120.2646713256836
2013-02-06,120.352294921875
2013-02-07,120.19307708740234
2013-02-08,120.86185455322266
2013-02-11,120.8380126953125
2013-02-12,121.03704833984375
2013-02-13,121.14053344726562
2013-02-14,121.25193786621094
2013-02-15,121.10867309570312
2013-02-19,122.01628875732422
2013-02-20,120.4955825805664
2013-02-21,119.7630844116211
2013-02-22,120.93351745605469
2013-02-25,118.63251495361328
2013-02-26,119.4446792602539
2013-02-27,120.94943237304688
2013-02-28,120.71057891845703
2013-03-01,121.10867309570312
2013-03-04,121.75357818603516
2013-03-05,122.84432983398438
2013-03-06,123.0115737915039
2013-03-07,123.2345199584961
2013-03-08,123.76000213623047
2013-03-11,124.2297592163086
2013-03-12,123.95108032226562
2013-03-13,124.12622833251953
2013-03-14,124.78712463378906
2013-03-15,124.62230682373047
2013-03-18,123.93460083007812
2013-03-19,123.6467056274414
2013-03-20,124.5103759765625
2013-03-21,123.44668579101562
2013-03-22,124.43840789794922
2013-03-25,123.91857147216797
2013-03-26,124.9102554321289
2013-03-27,124.9102554321289
2013-03-28,125.29410552978516
2013-04-01,124.79825592041016
2013-04-02,125.41402435302734
2013-04-03,124.14248657226562
2013-04-04,124.64632415771484
2013-04-05,124.08651733398438
2013-04-08,124.92619323730469
2013-04-09,125.35810089111328
2013-04-10,126.8935546875
2013-04-11,127.3094482421875
2013-04-12,126.99752044677734
2013-04-15,124.05452728271484
2013-04-16,125.88594055175781
2013-04-17,124.04654693603516
2013-04-18,123.27076721191406
2013-04-19,124.34239959716797
2013-04-22,124.89422607421875
2013-04-23,126.18185424804688
2013-04-24,126.26181030273438
2013-04-25,126.77361297607422
2013-04-26,126.5496826171875
2013-04-29,127.39738464355469
2013-04-30,127.70132446289062
2013-05-01,126.58161926269531
2013-05-02,127.75727081298828
2013-05-03,129.05287170410156
2013-05-06,129.38075256347656
2013-05-07,130.03652954101562
2013-05-08,130.62832641601562
2013-05-09,130.2604522705078
2013-05-10,130.6842803955078
2013-05-13,130.7882843017578
2013-05-14,132.1398162841797
2013-05-15,132.85159301757812
2013-05-16,132.227783203125
2013-05-17,133.50733947753906
2013-05-20,133.49932861328125
2013-05-21,133.69129943847656
2013-05-22,132.6996612548828
2013-05-23,132.3157501220703
2013-05-24,132.20376586914062
2013-05-28,132.99551391601562
2013-05-29,132.1317901611328
2013-05-30,132.61968994140625
2013-05-31,130.71630859375
2013-06-03,131.43605041503906
2013-06-04,130.80421447753906
2013-06-05,128.97288513183594
2013-06-06,130.14047241210938
2013-06-07,131.79591369628906
2013-06-10,131.79591369628906
2013-06-11,130.43643188476562
2013-06-12,129.3567657470703
2013-06-13,131.32406616210938
2013-06-14,130.5004119873047
2013-06-17,131.50804138183594
2013-06-18,132.54763793945312
2013-06-19,130.71630859375
2013-06-20,127.47737884521484
2013-06-21,127.88662719726562
2013-06-24,126.2706298828125
2013-06-25,127.48463439941406
2013-06-26,128.74684143066406
2013-06-27,129.50254821777344
2013-06-28,128.97193908691406
2013-07-01,129.72764587402344
2013-07-02,129.60714721679688
2013-07-03,129.66336059570312
2013-07-05,131.06234741210938
2013-07-08,131.80995178222656
2013-07-09,132.75865173339844
2013-07-10,132.80694580078125
2013-07-11,134.61578369140625
2013-07-12,134.6720428466797
2013-07-15,135.1865997314453
2013-07-16,134.6800994873047
2013-07-17,135.0258026123047
2013-07-18,135.7654266357422
2013-07-19,136.0066375732422
2013-07-22,136.27197265625
2013-07-23,135.98252868652344
2013-07-24,135.48410034179688
2013-07-25,135.81365966796875
2013-07-26,135.9584197998047
2013-07-29,135.5403594970703
2013-07-30,135.5403594970703
2013-07-31,135.63681030273438
2013-08-01,137.20455932617188
2013-08-02,137.4376983642578
2013-08-05,137.2366943359375
2013-08-06,136.4568634033203
2013-08-07,136.0146942138672
2013-08-08,136.51315307617188
2013-08-09,136.119140625
2013-08-12,135.9584197998047
2013-08-13,136.3604278564453
2013-08-14,135.6609649658203
2013-08-15,133.76358032226562
2013-08-16,133.32142639160156
2013-08-19,132.46920776367188
2013-08-20,133.1204071044922
2013-08-21,132.30038452148438
2013-08-22,133.50636291503906
2013-08-23,133.95651245117188
2013-08-26,133.4580535888672
2013-08-27,131.3114471435547
2013-08-28,131.77774047851562
2013-08-29,131.98683166503906
2013-08-30,131.5688018798828
2013-09-03,132.16368103027344
2013-09-04,133.25706481933594
2013-09-05,133.4259033203125
2013-09-06,133.49021911621094
2013-09-09,134.76852416992188
2013-09-10,135.7654266357422
2013-09-11,136.1915283203125
2013-09-12,135.82980346679688
2013-09-13,136.13531494140625
2013-09-16,136.92312622070312
2013-09-17,137.53416442871094
2013-09-18,139.12603759765625
2013-09-19,138.89283752441406
2013-09-20,137.9218292236328
2013-09-23,137.2835693359375
2013-09-24,136.96043395996094
2013-09-25,136.5645751953125
2013-09-26,137.0897216796875
2013-09-27,136.45953369140625
2013-09-30,135.73236083984375
2013-10-01,136.80691528320312
2013-10-02,136.67767333984375
2013-10-03,135.41732788085938
2013-10-04,136.44338989257812
2013-10-07,135.2638397216797
2013-10-08,133.68850708007812
2013-10-09,133.7854766845703
2013-10-10,136.66961669921875
2013-10-11,137.55020141601562
2013-10-14,138.09954833984375
2013-10-15,137.09771728515625
2013-10-16,139.01243591308594
2013-10-17,139.9415283203125
2013-10-18,140.88670349121094
2013-10-21,140.8948211669922
2013-10-22,141.71075439453125
2013-10-23,141.0321502685547
2013-10-24,141.50071716308594
2013-10-25,142.1470184326172
2013-10-28,142.37319946289062
2013-10-29,143.13262939453125
2013-10-30,142.42172241210938
2013-10-31,142.01779174804688
2013-11-01,142.35708618164062
2013-11-04,142.85792541503906
2013-11-05,142.405517578125
2013-11-06,143.13262939453125
2013-11-07,141.32301330566406
2013-11-08,143.22958374023438
2013-11-11,143.25379943847656
2013-11-12,142.9629669189453
2013-11-13,144.1101531982422
2013-11-14,144.82920837402344
2013-11-15,145.4593505859375
2013-11-18,144.95037841796875
2013-11-19,144.63531494140625
2013-11-20,144.1829071044922
2013-11-21,145.3462371826172
2013-11-22,146.0732879638672
2013-11-25,145.92791748046875
2013-11-26,145.9683074951172
2013-11-27,146.3237762451172
2013-11-29,146.2268829345703
2013-12-02,145.84715270996094
2013-12-03,145.21697998046875
2013-12-04,145.2008056640625
2013-12-05,144.56260681152344
2013-12-06,146.17835998535156
2013-12-09,146.5499725341797
2013-12-10,146.02490234375
2013-12-11,144.38491821289062
2013-12-12,143.9082489013672
2013-12-13,143.89199829101562
2013-12-16,144.78880310058594
2013-12-17,144.32830810546875
2013-12-18,146.79232788085938
2013-12-19,146.6227569580078
2013-12-20,147.4755859375
2013-12-23,148.26348876953125
2013-12-24,148.58836364746094
2013-12-26,149.34381103515625
2013-12-27,149.3356475830078
2013-12-30,149.31134033203125
2013-12-31,150.01795959472656
2014-01-02,148.5802459716797
2014-01-03,148.555908203125
2014-01-06,148.12538146972656
2014-01-07,149.0351104736328
2014-01-08,149.0675811767578
2014-01-09,149.1651153564453
2014-01-10,149.5712432861328
2014-01-13,147.58119201660156
2014-01-14,149.189453125
2014-01-15,149.99362182617188
2014-01-16,149.7986602783203
2014-01-17,149.1651153564453
2014-01-21,149.60374450683594
2014-01-22,149.7012176513672
2014-01-23,148.47467041015625
2014-01-24,145.3068389892578
2014-01-27,144.5919952392578
2014-01-28,145.45301818847656
2014-01-29,144.0559539794922
2014-01-30,145.58299255371094
2014-01-31,144.7301483154297
2014-02-03,141.472900390625
2014-02-04,142.4638671875
2014-02-05,142.28514099121094
2014-02-06,144.1614990234375
2014-02-07,145.948486328125
2014-02-10,146.2165985107422
2014-02-11,147.8167724609375
2014-02-12,147.88983154296875
2014-02-13,148.65335083007812
2014-02-14,149.4737548828125
2014-02-18,149.6524658203125
2014-02-19,148.66146850585938
2014-02-20,149.53875732421875
2014-02-21,149.36814880371094
2014-02-24,150.19671630859375
2014-02-25,150.1398162841797
2014-02-26,150.14797973632812
2014-02-27,150.93585205078125
2014-02-28,151.31764221191406
2014-03-03,150.2535400390625
2014-03-04,152.36549377441406
2014-03-05,152.50352478027344
2014-03-06,152.85281372070312
2014-03-07,152.91778564453125
2014-03-10,152.83657836914062
2014-03-11,152.08119201660156
2014-03-12,152.121826171875
2014-03-13,150.4159393310547
2014-03-14,149.99362182617188
2014-03-17,151.35012817382812
2014-03-18,152.4303436279297
2014-03-19,151.6181640625
2014-03-20,152.50352478027344
2014-03-21,151.91204833984375
2014-03-24,151.28382873535156
2014-03-25,152.00181579589844
2014-03-26,150.9085235595703
2014-03-27,150.59039306640625
2014-03-28,151.33277893066406
2014-03-31,152.57286071777344
2014-04-01,153.5845184326172
2014-04-02,154.09860229492188
2014-04-03,153.8946075439453
2014-04-04,152.0751953125
2014-04-07,150.39456176757812
2014-04-08,151.0146026611328
2014-04-09,152.6381378173828
2014-04-10,149.43185424804688
2014-04-11,148.08563232421875
2014-04-14,149.2523651123047
2014-04-15,150.28030395507812
2014-04-16,151.8549346923828
2014-04-17,152.06707763671875
2014-04-21,152.59732055664062
2014-04-22,153.2908477783203
2014-04-23,152.93186950683594
2014-04-24,153.2418670654297
2014-04-25,151.98548889160156
2014-04-28,152.46678161621094
2014-04-29,153.17662048339844
2014-04-30,153.6334991455078
2014-05-01,153.64979553222656
2014-05-02,153.4295196533203
2014-05-05,153.72325134277344
2014-05-06,152.38516235351562
2014-05-07,153.28265380859375
2014-05-08,153.11947631835938
2014-05-09,153.3479461669922
2014-05-12,154.84097290039062
2014-05-13,154.97962951660156
2014-05-14,154.24534606933594
2014-05-15,152.8910369873047
2014-05-16,153.42135620117188
2014-05-19,153.98426818847656
2014-05-20,153.01345825195312
2014-05-21,154.30252075195312
2014-05-22,154.67771911621094
2014-05-23,155.29782104492188
2014-05-27,156.2523956298828
2014-05-28,156.13816833496094
2014-05-29,156.94583129882812
2014-05-30,157.19879150390625
2014-06-02,157.3782196044922
2014-06-03,157.29666137695312
2014-06-04,157.61488342285156
2014-06-05,158.64285278320312
2014-06-06,159.40159606933594
2014-06-09,159.56472778320312
2014-06-10,159.5810546875
2014-06-11,159.02626037597656
2014-06-12,157.90037536621094
2014-06-13,158.38174438476562
2014-06-16,158.5122833251953
2014-06-17,158.9528350830078
2014-06-18,160.11952209472656
2014-06-19,160.2989959716797
2014-06-20,160.6244354248047
2014-06-23,160.5752716064453
2014-06-24,159.60794067382812
2014-06-25,160.329345703125
2014-06-26,160.21458435058594
2014-06-27,160.52609252929688
2014-06-30,160.44410705566406
2014-07-01,161.5179901123047
2014-07-02,161.6819305419922
2014-07-03,162.47711181640625
2014-07-07,161.91146850585938
2014-07-08,160.8704376220703
2014-07-09,161.591796875
2014-07-10,160.95236206054688
2014-07-11,161.1737060546875
2014-07-14,161.98524475097656
2014-07-15,161.6819305419922
2014-07-16,162.28036499023438
2014-07-17,160.43592834472656
2014-07-18,162.07546997070312
2014-07-21,161.7720947265625
2014-07-22,162.47711181640625
2014-07-23,162.83778381347656
2014-07-24,162.84603881835938
2014-07-25,162.08358764648438
2014-07-28,162.14923095703125
2014-07-29,161.45240783691406
2014-07-30,161.47702026367188
2014-07-31,158.28814697265625
2014-08-01,157.80447387695312
2014-08-04,158.9439239501953
2014-08-05,157.40281677246094
2014-08-06,157.45199584960938
2014-08-07,156.5994415283203
2014-08-08,158.41110229492188
2014-08-11,158.87014770507812
2014-08-12,158.64883422851562
2014-08-13,159.72274780273438
2014-08-14,160.47691345214844
2014-08-15,160.44410705566406
2014-08-18,161.78854370117188
2014-08-19,162.6328582763672
2014-08-20,163.06732177734375
2014-08-21,163.54283142089844
2014-08-22,163.28866577148438
2014-08-25,164.11660766601562
2014-08-26,164.22325134277344
2014-08-27,164.15762329101562
2014-08-28,164.0674285888672
2014-08-29,164.5347900390625
2014-09-02,164.45274353027344
2014-09-03,164.36256408691406
2014-09-04,164.12486267089844
2014-09-05,164.8626251220703
2014-09-08,164.4363555908203
2014-09-09,163.395263671875
2014-09-10,164.01010131835938
2014-09-11,164.1986541748047
2014-09-12,163.2394561767578
2014-09-15,163.11651611328125
2014-09-16,164.34625244140625
2014-09-17,164.5675048828125
2014-09-18,165.44467163085938
2014-09-19,165.29562377929688
2014-09-22,164.01904296875
2014-09-23,163.0801239013672
2014-09-24,164.35667419433594
2014-09-25,161.70472717285156
2014-09-26,162.98953247070312
2014-09-29,162.69302368164062
2014-09-30,162.26478576660156
2014-10-01,160.06576538085938
2014-10-02,160.09048461914062
2014-10-03,161.85296630859375
2014-10-06,161.6635284423828
2014-10-07,159.1680450439453
2014-10-08,161.9518585205078
2014-10-09,158.7397918701172
2014-10-10,156.92788696289062
2014-10-13,154.3500213623047
2014-10-14,154.58883666992188
2014-10-15,153.54290771484375
2014-10-16,153.41110229492188
2014-10-17,155.22303771972656
2014-10-20,156.73016357421875
2014-10-21,159.8351593017578
2014-10-22,158.69862365722656
2014-10-23,160.54342651367188
2014-10-24,161.77886962890625
2014-10-27,161.55641174316406
2014-10-28,163.40953063964844
2014-10-29,163.1624755859375
2014-10-30,164.2084503173828
2014-10-31,166.08624267578125
2014-11-03,166.17681884765625
2014-11-04,165.60032653808594
2014-11-05,166.6462860107422
2014-11-06,167.31341552734375
2014-11-07,167.46990966796875
2014-11-10,167.99697875976562
2014-11-11,168.16163635253906
2014-11-12,167.9805145263672
2014-11-13,168.169921875
2014-11-14,168.21109008789062
2014-11-17,168.31820678710938
2014-11-18,169.29002380371094
2014-11-19,169.0182342529297
2014-11-20,169.31478881835938
2014-11-21,170.220703125
2014-11-24,170.6983642578125
2014-11-25,170.57484436035156
2014-11-26,171.0113983154297
2014-11-28,170.64895629882812
2014-12-01,169.46299743652344
2014-12-02,170.558349609375
2014-12-03,171.21725463867188
2014-12-04,171.02781677246094
2014-12-05,171.307861328125
2014-12-08,170.16307067871094
2014-12-09,170.0477752685547
2014-12-10,167.3216552734375
2014-12-11,168.169921875
2014-12-12,165.45204162597656
2014-12-15,164.31552124023438
2014-12-16,162.9977569580078
2014-12-17,166.19332885742188
2014-12-18,170.30308532714844
2014-12-19,171.02764892578125
2014-12-22,171.814453125
2014-12-23,172.0462646484375
2014-12-24,172.06283569335938
2014-12-26,172.61770629882812
2014-12-29,172.849609375
2014-12-30,171.92202758789062
2014-12-31,170.2161407470703
2015-01-02,170.12493896484375
2015-01-05,167.05262756347656
2015-01-06,165.47915649414062
2015-01-07,167.54119873046875
2015-01-08,170.51425170898438
2015-01-09,169.14781188964844
2015-01-12,167.82275390625
2015-01-13,167.35072326660156
2015-01-14,166.34039306640625
2015-01-15,164.8166046142578
2015-01-16,166.97808837890625
2015-01-20,167.33416748046875
2015-01-21,168.1788330078125
2015-01-22,170.67987060546875
2015-01-23,169.7440643310547
2015-01-26,170.14158630371094
2015-01-27,167.89735412597656
2015-01-28,165.74412536621094
2015-01-29,167.27618408203125
2015-01-30,165.17276000976562
2015-02-02,167.21824645996094
2015-02-03,169.63641357421875
2015-02-04,168.99044799804688
2015-02-05,170.69639587402344
2015-02-06,170.224365234375
2015-02-09,169.4625244140625
2015-02-10,171.26783752441406
2015-02-11,171.3672332763672
2015-02-12,173.01522827148438
2015-02-13,173.7274169921875
2015-02-17,174.00070190429688
2015-02-18,174.01724243164062
2015-02-19,173.89300537109375
2015-02-20,174.93655395507812
2015-02-23,174.91163635253906
2015-02-24,175.40853881835938
2015-02-25,175.2594757080078
2015-02-26,175.05242919921875
2015-02-27,174.45619201660156
2015-03-02,175.55760192871094
2015-03-03,174.8371124267578
2015-03-04,174.10006713867188
2015-03-05,174.2905731201172
2015-03-06,171.83921813964844
2015-03-09,172.55145263671875
2015-03-10,169.75233459472656
2015-03-11,169.35479736328125
2015-03-12,171.5079803466797
2015-03-13,170.45628356933594
2015-03-16,172.73361206054688
2015-03-17,172.22019958496094
2015-03-18,174.2905731201172
2015-03-19,173.4955291748047
2015-03-20,175.02694702148438
2015-03-23,174.6859130859375
2015-03-24,173.70433044433594
2015-03-25,171.1588897705078
2015-03-26,170.75131225585938
2015-03-27,171.1422882080078
2015-03-30,173.230224609375
2015-03-31,171.71624755859375
2015-04-01,171.10902404785156
2015-04-02,171.7245635986328
2015-04-06,172.8808135986328
2015-04-07,172.42330932617188
2015-04-08,173.0055694580078
2015-04-09,173.7708282470703
2015-04-10,174.7191925048828
2015-04-13,173.92892456054688
2015-04-14,174.26162719726562
2015-04-15,175.04354858398438
2015-04-16,174.99368286132812
2015-04-17,172.98062133789062
2015-04-20,174.56109619140625
2015-04-21,174.35316467285156
2015-04-22,175.20994567871094
2015-04-23,175.65087890625
2015-04-24,176.05841064453125
2015-04-27,175.32638549804688
2015-04-28,175.88372802734375
2015-04-29,175.1600341796875
2015-04-30,173.40489196777344
2015-05-01,175.28480529785156
2015-05-04,175.783935546875
2015-05-05,173.7708282470703
2015-05-06,173.05552673339844
2015-05-07,173.7458953857422
2015-05-08,176.03347778320312
2015-05-11,175.19334411621094
2015-05-12,174.66925048828125
2015-05-13,174.70249938964844
2015-05-14,176.52427673339844
2015-05-15,176.7156219482422
2015-05-18,177.26458740234375
2015-05-19,177.2063446044922
2015-05-20,177.08163452148438
2015-05-21,177.59735107421875
2015-05-22,177.17303466796875
2015-05-26,175.26821899414062
2015-05-27,176.9318389892578
2015-05-28,176.73226928710938
2015-05-29,175.63421630859375
2015-06-01,175.99192810058594
2015-06-02,175.81724548339844
2015-06-03,176.28305053710938
2015-06-04,174.7939910888672
2015-06-05,174.49461364746094
2015-06-08,173.4215087890625
2015-06-09,173.3965606689453
2015-06-10,175.47613525390625
2015-06-11,176.0417938232422
2015-06-12,174.69424438476562
2015-06-15,173.945556640625
2015-06-16,174.89385986328125
2015-06-17,175.1766815185547
2015-06-18,176.99839782714844
2015-06-19,176.21267700195312
2015-06-22,177.115478515625
2015-06-23,177.2407989501953
2015-06-24,175.9535675048828
2015-06-25,175.41860961914062
2015-06-26,175.38516235351562
2015-06-29,171.70721435546875
2015-06-30,172.06671142578125
2015-07-01,173.4458770751953
2015-07-02,173.2870635986328
2015-07-06,172.79388427734375
2015-07-07,173.8805389404297
2015-07-08,170.96331787109375
2015-07-09,171.27261352539062
2015-07-10,173.42921447753906
2015-07-13,175.3434295654297
2015-07-14,176.10401916503906
2015-07-15,176.04551696777344
2015-07-16,177.45816040039062
2015-07-17,177.6085662841797
2015-07-20,177.70057678222656
2015-07-21,176.99838256835938
2015-07-22,176.68080139160156
2015-07-23,175.6860809326172
2015-07-24,173.8638458251953
2015-07-27,172.85243225097656
2015-07-28,174.97560119628906
2015-07-29,176.1792449951172
2015-07-30,176.22103881835938
2015-07-31,175.9535675048828
2015-08-03,175.360107421875
2015-08-04,175.01736450195312
2015-08-05,175.59410095214844
2015-08-06,174.15635681152344
2015-08-07,173.8220672607422
2015-08-10,176.0120391845703
2015-08-11,174.423828125
2015-08-12,174.6328582763672
2015-08-13,174.41549682617188
2015-08-14,175.05084228515625
2015-08-17,176.02879333496094
2015-08-18,175.5189208984375
2015-08-19,174.13136291503906
2015-08-20,170.49520874023438
2015-08-21,165.36285400390625
2015-08-24,158.39996337890625
2015-08-25,156.53599548339844
2015-08-26,162.5460205078125
2015-08-27,166.5666046142578
2015-08-28,166.57493591308594
2015-08-31,165.22915649414062
2015-09-01,160.29751586914062
2015-09-02,163.34005737304688
2015-09-03,163.4570770263672
2015-09-04,160.9828643798828
2015-09-08,165.02854919433594
2015-09-09,162.82180786132812
2015-09-10,163.70787048339844
2015-09-11,164.45176696777344
2015-09-14,163.84153747558594
2015-09-15,165.8895263671875
2015-09-16,167.32717895507812
2015-09-17,166.95115661621094
2015-09-18,164.222900390625
2015-09-21,165.07144165039062
2015-09-22,162.92893981933594
2015-09-23,162.66839599609375
2015-09-24,162.0802459716797
2015-09-25,162.0382843017578
2015-09-28,157.97157287597656
2015-09-29,158.06396484375
2015-09-30,161.01316833496094
2015-10-01,161.43325805664062
2015-10-02,163.84474182128906
2015-10-05,166.7603759765625
2015-10-06,166.18898010253906
2015-10-07,167.55018615722656
2015-10-08,169.0625762939453
2015-10-09,169.1634063720703
2015-10-12,169.3230438232422
2015-10-13,168.25592041015625
2015-10-14,167.44935607910156
2015-10-15,170.02041625976562
2015-10-16,170.79342651367188
2015-10-19,170.8774871826172
2015-10-20,170.6590118408203
2015-10-21,169.60031127929688
2015-10-22,172.4654541015625
2015-10-23,174.3560028076172
2015-10-26,173.92747497558594
2015-10-27,173.5914306640625
2015-10-28,175.56597900390625
2015-10-29,175.46514892578125
2015-10-30,174.7089080810547
2015-11-02,176.77590942382812
2015-11-03,177.2884063720703
2015-11-04,176.7506866455078
2015-11-05,176.57421875
2015-11-06,176.48179626464844
2015-11-09,174.83494567871094
2015-11-10,175.23826599121094
2015-11-11,174.54925537109375
2015-11-12,172.11264038085938
2015-11-13,170.18006896972656
2015-11-16,172.76797485351562
2015-11-17,172.6419677734375
2015-11-18,175.38108825683594
2015-11-19,175.22982788085938
2015-11-20,175.86843872070312
2015-11-23,175.666748046875
2015-11-24,175.9020538330078
2015-11-25,175.87681579589844
2015-11-27,176.07850646972656
2015-11-30,175.3474578857422
2015-12-01,177.01954650878906
2015-12-02,175.21310424804688
2015-12-03,172.7595672607422
2015-12-04,176.12889099121094
2015-12-07,175.06178283691406
2015-12-08,173.88543701171875
2015-12-09,172.5327606201172
2015-12-10,172.97804260253906
2015-12-11,169.62550354003906
2015-12-14,170.48252868652344
2015-12-15,172.27227783203125
2015-12-16,174.79295349121094
2015-12-17,172.12936401367188
2015-12-18,169.06292724609375
2015-12-21,170.45758056640625
2015-12-22,172.0043487548828
2015-12-23,174.1343231201172
2015-12-24,173.84689331054688
2015-12-28,173.44964599609375
2015-12-29,175.3006591796875
2015-12-30,174.05828857421875
2015-12-31,172.31707763671875
2016-01-04,169.90814208984375
2016-01-05,170.19552612304688
2016-01-06,168.0486602783203
2016-01-07,164.0169219970703
2016-01-08,162.21656799316406
2016-01-11,162.37713623046875
2016-01-12,163.68724060058594
2016-01-13,159.60476684570312
2016-01-14,162.22500610351562
2016-01-15,158.7426300048828
2016-01-19,158.95396423339844
2016-01-20,156.91696166992188
2016-01-21,157.79600524902344
2016-01-22,161.0332489013672
2016-01-25,158.5989532470703
2016-01-26,160.76275634765625
2016-01-27,159.01312255859375
2016-01-28,159.84146118164062
2016-01-29,163.73800659179688
2016-02-01,163.67880249023438
2016-02-02,160.72891235351562
2016-02-03,161.6925048828125
2016-02-04,161.94610595703125
2016-02-05,158.86102294921875
2016-02-08,156.72256469726562
2016-02-09,156.7310028076172
2016-02-10,156.59576416015625
2016-02-11,154.5587615966797
2016-02-12,157.74530029296875
2016-02-16,160.40774536132812
2016-02-17,163.02793884277344
2016-02-18,162.36024475097656
2016-02-19,162.28416442871094
2016-02-22,164.63392639160156
2016-02-23,162.5546112060547
2016-02-24,163.29844665527344
2016-02-25,165.27626037597656
2016-02-26,164.89593505859375
2016-02-29,163.60275268554688
2016-03-01,167.4485626220703
2016-03-02,168.20079040527344
2016-03-03,168.8600616455078
2016-03-04,169.4094696044922
2016-03-07,169.54469299316406
2016-03-08,167.6936492919922
2016-03-09,168.52198791503906
2016-03-10,168.65721130371094
2016-03-11,171.37881469726562
2016-03-14,171.15908813476562
2016-03-15,170.8801727294922
2016-03-16,171.8690948486328
2016-03-17,172.9593963623047
2016-03-18,173.63914489746094
2016-03-21,173.8854522705078
2016-03-22,173.7920379638672
2016-03-23,172.6450653076172
2016-03-24,172.56858825683594
2016-03-28,172.6705780029297
2016-03-29,174.2677459716797
2016-03-30,175.03245544433594
2016-03-31,174.607666015625
2016-04-01,175.7970428466797
2016-04-04,175.22789001464844
2016-04-05,173.4777374267578
2016-04-06,175.37225341796875
2016-04-07,173.2737579345703
2016-04-08,173.7410430908203
2016-04-11,173.33322143554688
2016-04-12,174.94747924804688
2016-04-13,176.7146453857422
2016-04-14,176.72312927246094
2016-04-15,176.52769470214844
2016-04-18,177.76809692382812
2016-04-19,178.3288116455078
2016-04-20,178.4987335205078
2016-04-21,177.53872680664062
2016-04-22,177.53872680664062
2016-04-25,177.2328643798828
2016-04-26,177.49624633789062
2016-04-27,177.86158752441406
2016-04-28,176.24732971191406
2016-04-29,175.29580688476562
2016-05-02,176.6891326904297
2016-05-03,175.15138244628906
2016-05-04,174.17430114746094
2016-05-05,174.14031982421875
2016-05-06,174.77757263183594
2016-05-09,174.92198181152344
2016-05-10,177.09689331054688
2016-05-11,175.4402313232422
2016-05-12,175.49118041992188
2016-05-13,173.96197509765625
2016-05-16,175.67811584472656
2016-05-17,174.0384063720703
2016-05-18,174.08935546875
2016-05-19,173.48617553710938
2016-05-20,174.58212280273438
2016-05-23,174.34420776367188
2016-05-24,176.6041717529297
2016-05-25,177.8020477294922
2016-05-26,177.85304260253906
2016-05-27,178.61769104003906
2016-05-31,178.27784729003906
2016-06-01,178.64315795898438
2016-06-02,179.1869659423828
2016-06-03,178.6516876220703
2016-06-06,179.56069946289062
2016-06-07,179.84112548828125
2016-06-08,180.42726135253906
2016-06-09,180.18092346191406
2016-06-10,178.47328186035156
2016-06-13,177.09689331054688
2016-06-14,176.7486114501953
2016-06-15,176.50221252441406
2016-06-16,177.02896118164062
2016-06-17,176.36968994140625
2016-06-20,177.50547790527344
2016-06-21,178.00941467285156
2016-06-22,177.71902465820312
2016-06-23,180.0334014892578
2016-06-24,173.56851196289062
2016-06-27,170.4599609375
2016-06-28,173.53436279296875
2016-06-29,176.48924255371094
2016-06-30,178.8975372314453
2016-07-01,179.27334594726562
2016-07-05,177.98373413085938
2016-07-06,179.05126953125
2016-07-07,178.9402313232422
2016-07-08,181.60472106933594
2016-07-11,182.24520874023438
2016-07-12,183.56895446777344
2016-07-13,183.54330444335938
2016-07-14,184.56814575195312
2016-07-15,184.32046508789062
2016-07-18,184.81578063964844
2016-07-19,184.62796020507812
2016-07-20,185.39659118652344
2016-07-21,184.6962127685547
2016-07-22,185.524658203125
2016-07-25,185.020751953125
2016-07-26,185.10617065429688
2016-07-27,184.90975952148438
2016-07-28,185.12327575683594
2016-07-29,185.4221649169922
2016-08-01,185.26840209960938
2016-08-02,184.08135986328125
2016-08-03,184.61936950683594
2016-08-04,184.81578063964844
2016-08-05,186.32736206054688
2016-08-08,186.21644592285156
2016-08-09,186.32736206054688
2016-08-10,185.8662109375
2016-08-11,186.72882080078125
2016-08-12,186.5665283203125
2016-08-15,187.10452270507812
2016-08-16,186.13949584960938
2016-08-17,186.48963928222656
2016-08-18,186.90811157226562
2016-08-19,186.6348419189453
2016-08-22,186.62628173828125
2016-08-23,187.0020751953125
2016-08-24,186.0455780029297
2016-08-25,185.91746520996094
2016-08-26,185.56727600097656
2016-08-29,186.4811248779297
2016-08-30,186.17367553710938
2016-08-31,185.6442108154297
2016-09-01,185.65274047851562
2016-09-02,186.48963928222656
2016-09-06,187.05328369140625
2016-09-07,187.03622436523438
2016-09-08,186.60923767089844
2016-09-09,182.1427459716797
2016-09-12,184.7560577392578
2016-09-13,182.10008239746094
2016-09-14,182.03176879882812
2016-09-15,183.8507843017578
2016-09-16,183.14007568359375
2016-09-19,183.17442321777344
2016-09-20,183.18301391601562
2016-09-21,185.24298095703125
2016-09-22,186.41029357910156
2016-09-23,185.388916015625
2016-09-26,183.88681030273438
2016-09-27,185.02838134765625
2016-09-28,185.94677734375
2016-09-29,184.2645263671875
2016-09-30,185.65496826171875
2016-10-03,185.20863342285156
2016-10-04,184.2645263671875
2016-10-05,185.07989501953125
2016-10-06,185.20863342285156
2016-10-07,184.5734405517578
2016-10-10,185.53477478027344
2016-10-11,183.19155883789062
2016-10-12,183.43191528320312
2016-10-13,182.83111572265625
2016-10-14,182.925537109375
2016-10-17,182.29029846191406
2016-10-18,183.43191528320312
2016-10-19,183.92117309570312
2016-10-20,183.57781982421875
2016-10-21,183.6636962890625
2016-10-24,184.44476318359375
2016-10-25,183.82672119140625
2016-10-26,183.4576873779297
2016-10-27,182.96839904785156
2016-10-28,182.4276580810547
2016-10-31,182.43626403808594
2016-11-01,181.1144256591797
2016-11-02,180.0243682861328
2016-11-03,179.20037841796875
2016-11-04,179.0030059814453
2016-11-07,182.95126342773438
2016-11-08,183.77523803710938
2016-11-09,185.72366333007812
2016-11-10,186.1871337890625
2016-11-11,185.75796508789062
2016-11-14,185.9038543701172
2016-11-15,187.35447692871094
2016-11-16,187.0025634765625
2016-11-17,187.96388244628906
2016-11-18,187.543212890625
2016-11-21,188.95948791503906
2016-11-22,189.32861328125
2016-11-23,189.43154907226562
2016-11-25,190.13540649414062
2016-11-28,189.24276733398438
2016-11-29,189.61184692382812
2016-11-30,189.15687561035156
2016-12-01,188.46170043945312
2016-12-02,188.55612182617188
2016-12-05,189.68907165527344
2016-12-06,190.28990173339844
2016-12-07,192.7790069580078
2016-12-08,193.2510528564453
2016-12-09,194.41842651367188
2016-12-12,194.19528198242188
2016-12-13,195.49131774902344
2016-12-14,193.87771606445312
2016-12-15,194.67588806152344
2016-12-16,194.295166015625
2016-12-19,194.71826171875
2016-12-20,195.46942138671875
2016-12-21,194.9254608154297
2016-12-22,194.58872985839844
2016-12-23,194.87362670898438
2016-12-27,195.35714721679688
2016-12-28,193.7425994873047
2016-12-29,193.699462890625
2016-12-30,192.99147033691406
2017-01-03,194.46786499023438
2017-01-04,195.62478637695312
2017-01-05,195.46942138671875
2017-01-06,196.16873168945312
2017-01-09,195.5211639404297
2017-01-10,195.5211639404297
2017-01-11,196.07374572753906
2017-01-12,195.58157348632812
2017-01-13,196.03060913085938
2017-01-17,195.33987426757812
2017-01-18,195.77157592773438
2017-01-19,195.04632568359375
2017-01-20,195.76292419433594
2017-01-23,195.25347900390625
2017-01-24,196.50543212890625
2017-01-25,198.206298828125
2017-01-26,197.9990692138672
2017-01-27,197.68829345703125
2017-01-30,196.4622802734375
2017-01-31,196.4450225830078
2017-02-01,196.52268981933594
2017-02-02,196.65220642089844
2017-02-03,198.00770568847656
2017-02-06,197.65374755859375
2017-02-07,197.66232299804688
2017-02-08,197.92137145996094
2017-02-09,199.09564208984375
2017-02-10,199.8812255859375
2017-02-13,200.9691162109375
2017-02-14,201.77206420898438
2017-02-15,202.8253936767578
2017-02-16,202.65269470214844
2017-02-17,202.97216796875
2017-02-21,204.18089294433594
2017-02-22,203.99957275390625
2017-02-23,204.13772583007812
2017-02-24,204.396728515625
2017-02-27,204.7161865234375
2017-02-28,204.16358947753906
2017-03-01,207.0214385986328
2017-03-02,205.71766662597656
2017-03-03,205.84722900390625
2017-03-06,205.23419189453125
2017-03-07,204.6212615966797
2017-03-08,204.2413787841797
2017-03-09,204.50033569335938
2017-03-10,205.21690368652344
2017-03-13,205.32054138183594
2017-03-14,204.5348663330078
2017-03-15,206.3048095703125
2017-03-16,205.8990020751953
2017-03-17,205.5373992919922
2017-03-20,205.3119354248047
2017-03-21,202.6758575439453
2017-03-22,203.15280151367188
2017-03-23,202.93603515625
2017-03-24,202.78857421875
2017-03-27,202.5804443359375
2017-03-28,204.05462646484375
2017-03-29,204.2454071044922
2017-03-30,204.89572143554688
2017-03-31,204.4188690185547
2017-04-03,204.06329345703125
2017-04-04,204.19332885742188
2017-04-05,203.58636474609375
2017-04-06,204.15867614746094
2017-04-07,203.95057678222656
2017-04-10,204.07199096679688
2017-04-11,203.82916259765625
2017-04-12,202.93603515625
2017-04-13,201.6179962158203
2017-04-17,203.40428161621094
2017-04-18,202.79722595214844
2017-04-19,202.42437744140625
2017-04-20,204.07199096679688
2017-04-21,203.42161560058594
2017-04-24,205.6588134765625
2017-04-25,206.85543823242188
2017-04-26,206.7254180908203
2017-04-27,206.89881896972656
2017-04-28,206.4479217529297
2017-05-01,206.9681854248047
2017-05-02,207.0462646484375
2017-05-03,206.79473876953125
2017-05-04,207.03759765625
2017-05-05,207.85264587402344
2017-05-08,207.81797790527344
2017-05-09,207.62722778320312
2017-05-10,208.0000457763672
2017-05-11,207.57522583007812
2017-05-12,207.22836303710938
2017-05-15,208.37294006347656
2017-05-16,208.18215942382812
2017-05-17,204.4881591796875
2017-05-18,205.3119354248047
2017-05-19,206.64735412597656
2017-05-22,207.69662475585938
2017-05-23,208.15615844726562
2017-05-24,208.64175415039062
2017-05-25,209.63897705078125
2017-05-26,209.59556579589844
2017-05-30,209.41351318359375
2017-05-31,209.36146545410156
2017-06-01,211.02639770507812
2017-06-02,211.72877502441406
2017-06-05,211.57269287109375
2017-06-06,210.89633178710938
2017-06-07,211.2864990234375
2017-06-08,211.3905487060547
2017-06-09,211.0697479248047
2017-06-12,211.02639770507812
2017-06-13,212.0583038330078
2017-06-14,211.78948974609375
2017-06-15,211.38189697265625
2017-06-16,211.4281005859375
2017-06-19,213.188232421875
2017-06-20,211.75048828125
2017-06-21,211.69822692871094
2017-06-22,211.60238647460938
2017-06-23,211.85511779785156
2017-06-26,211.99452209472656
2017-06-27,210.2866668701172
2017-06-28,212.16876220703125
2017-06-29,210.3040313720703
2017-06-30,210.69613647460938
2017-07-03,211.05340576171875
2017-07-05,211.54141235351562
2017-07-06,209.60693359375
2017-07-07,210.96624755859375
2017-07-10,211.19281005859375
2017-07-11,211.0359344482422
2017-07-12,212.62184143066406
2017-07-13,212.97918701171875
2017-07-14,213.9724578857422
2017-07-17,213.9463348388672
2017-07-18,214.05963134765625
2017-07-19,215.21856689453125
2017-07-20,215.31439208984375
2017-07-21,215.12271118164062
2017-07-24,215.07040405273438
2017-07-25,215.59323120117188
2017-07-26,215.60194396972656
2017-07-27,215.40150451660156
2017-07-28,215.14881896972656
2017-07-31,215.02685546875
2017-08-01,215.506103515625
2017-08-02,215.6106719970703
2017-08-03,215.19241333007812
2017-08-04,215.58453369140625
2017-08-07,215.98536682128906
2017-08-08,215.4538116455078
2017-08-09,215.4451446533203
2017-08-10,212.4040985107422
2017-08-11,212.7176971435547
2017-08-14,214.82643127441406
2017-08-15,214.80030822753906
2017-08-16,215.1749725341797
2017-08-17,211.8202362060547
2017-08-18,211.48915100097656
2017-08-21,211.65469360351562
2017-08-22,213.867919921875
2017-08-23,213.10105895996094
2017-08-24,212.60447692871094
2017-08-25,213.10105895996094
2017-08-28,213.10984802246094
2017-08-29,213.35382080078125
2017-08-30,214.36456298828125
2017-08-31,215.65423583984375
2017-09-01,215.95916748046875
2017-09-05,214.40818786621094
2017-09-06,215.1400909423828
2017-09-07,215.1139678955078
2017-09-08,214.8612518310547
2017-09-11,217.1529998779297
2017-09-12,217.88494873046875
2017-09-13,217.989501953125
2017-09-14,217.91973876953125
2017-09-15,218.21315002441406
2017-09-18,218.67723083496094
2017-09-19,218.89613342285156
2017-09-20,218.9749755859375
2017-09-21,218.38827514648438
2017-09-22,218.4320831298828
2017-09-25,217.98548889160156
2017-09-26,218.11680603027344
2017-09-27,218.9662322998047
2017-09-28,219.22894287109375
2017-09-29,219.99954223632812
2017-10-02,220.95407104492188
2017-10-03,221.42691040039062
2017-10-04,221.6896514892578
2017-10-05,223.00315856933594
2017-10-06,222.7491912841797
2017-10-09,222.3813934326172
2017-10-10,222.9681396484375
2017-10-11,223.31838989257812
2017-10-12,222.9856414794922
2017-10-13,223.25714111328125
2017-10-16,223.5548095703125
2017-10-17,223.71250915527344
2017-10-18,223.93138122558594
2017-10-19,223.99269104003906
2017-10-20,225.14857482910156
2017-10-23,224.2729034423828
2017-10-24,224.66697692871094
2017-10-25,223.5548095703125
2017-10-26,223.8437957763672
2017-10-27,225.67404174804688
2017-10-30,224.8333282470703
2017-10-31,225.18362426757812
2017-11-01,225.48133850097656
2017-11-02,225.56887817382812
2017-11-03,226.32199096679688
2017-11-06,226.67234802246094
2017-11-07,226.51467895507812
2017-11-08,226.89999389648438
2017-11-09,226.0768585205078
2017-11-10,226.00674438476562
2017-11-13,226.21690368652344
2017-11-14,225.69151306152344
2017-11-15,224.5618896484375
2017-11-16,226.4709014892578
2017-11-17,225.80531311035156
2017-11-20,226.190673828125
2017-11-21,227.6705780029297
2017-11-22,227.4691925048828
2017-11-24,227.9945526123047
2017-11-27,227.8807373046875
2017-11-28,230.192626953125
2017-11-29,230.05245971679688
2017-11-30,232.06655883789062
2017-12-01,231.58489990234375
2017-12-04,231.30470275878906
2017-12-05,230.4727783203125
2017-12-06,230.5166015625
2017-12-07,231.24339294433594
2017-12-08,232.5043487548828
2017-12-11,233.20492553710938
2017-12-12,233.61651611328125
2017-12-13,233.5902862548828
2017-12-14,232.63572692871094
2017-12-15,234.57305908203125
2017-12-18,236.06048583984375
2017-12-19,235.1539306640625
2017-12-20,235.03070068359375
2017-12-21,235.51480102539062
2017-12-22,235.45323181152344
2017-12-26,235.17152404785156
2017-12-27,235.28591918945312
2017-12-28,235.76998901367188
2017-12-29,234.88101196289062
2018-01-02,236.56214904785156
2018-01-03,238.05844116210938
2018-01-04,239.0618438720703
2018-01-05,240.65499877929688
2018-01-08,241.09512329101562
2018-01-09,241.6407012939453
2018-01-10,241.2710723876953
2018-01-11,243.03135681152344
2018-01-12,244.61575317382812
2018-01-16,243.779541015625
2018-01-17,246.10316467285156
2018-01-18,245.68946838378906
2018-01-19,246.80723571777344
2018-01-22,248.81407165527344
2018-01-23,249.3421630859375
2018-01-24,249.24537658691406
2018-01-25,249.3509521484375
2018-01-26,252.23789978027344
2018-01-29,250.5655975341797
2018-01-30,247.9955596923828
2018-01-31,248.11868286132812
2018-02-01,247.8370819091797
2018-02-02,242.441650390625
2018-02-05,232.3021697998047
2018-02-06,236.87899780273438
2018-02-07,235.593994140625
2018-02-08,226.75717163085938
2018-02-09,230.16339111328125
2018-02-12,233.54319763183594
2018-02-13,234.12413024902344
2018-02-14,237.283935546875
2018-02-15,240.3116455078125
2018-02-16,240.38214111328125
2018-02-20,238.8770751953125
2018-02-21,237.68875122070312
2018-02-22,237.9968719482422
2018-02-23,241.7903594970703
2018-02-26,244.59808349609375
2018-02-27,241.54388427734375
2018-02-28,239.09706115722656
2018-03-01,235.62037658691406
2018-03-02,236.83502197265625
2018-03-05,239.5723419189453
2018-03-06,240.17962646484375
2018-03-07,240.0915985107422
2018-03-08,241.25343322753906
2018-03-09,245.45181274414062
2018-03-12,245.14373779296875
2018-03-13,243.5594940185547
2018-03-14,242.30972290039062
2018-03-15,242.04563903808594
2018-03-16,242.30810546875
2018-03-19,239.02957153320312
2018-03-20,239.4361114501953
2018-03-21,238.9765167236328
2018-03-22,233.0028076171875
2018-03-23,228.0364227294922
2018-03-26,234.2753143310547
2018-03-27,230.28990173339844
2018-03-28,229.60940551757812
2018-03-29,232.54335021972656
2018-04-02,227.52392578125
2018-04-03,230.4400634765625
2018-04-04,232.90560913085938
2018-04-05,234.74365234375
2018-04-06,229.51223754882812
2018-04-09,230.64329528808594
2018-04-10,234.31069946289062
2018-04-11,233.08230590820312
2018-04-12,234.99996948242188
2018-04-13,234.31069946289062
2018-04-16,236.2371368408203
2018-04-17,238.7644500732422
2018-04-18,238.94122314453125
2018-04-19,237.6156463623047
2018-04-20,235.60079956054688
2018-04-23,235.56546020507812
2018-04-24,232.39309692382812
2018-04-25,232.96743774414062
2018-04-26,235.33572387695312
2018-04-27,235.55670166015625
2018-04-30,233.74510192871094
2018-05-01,234.16046142578125
2018-05-02,232.58749389648438
2018-05-03,232.07496643066406
2018-05-04,235.07945251464844
2018-05-07,235.8748016357422
2018-05-08,235.8748016357422
2018-05-09,238.15475463867188
2018-05-10,240.38160705566406
2018-05-11,241.11514282226562
2018-05-14,241.23004150390625
2018-05-15,239.5685577392578
2018-05-16,240.57598876953125
2018-05-17,240.37281799316406
2018-05-18,239.77188110351562
2018-05-21,241.57461547851562
2018-05-22,240.9029998779297
2018-05-23,241.5657501220703
2018-05-24,241.0709228515625
2018-05-25,240.4965057373047
2018-05-29,237.73046875
2018-05-30,240.9029998779297
2018-05-31,239.42730712890625
2018-06-01,241.77789306640625
2018-06-04,242.9266357421875
2018-06-05,243.1034393310547
2018-06-06,245.1359100341797
2018-06-07,245.1092987060547
2018-06-08,245.833984375
2018-06-11,246.16099548339844
2018-06-12,246.47906494140625
2018-06-13,245.69259643554688
2018-06-14,246.31117248535156
2018-06-15,245.99693298339844
2018-06-18,245.49093627929688
2018-06-19,244.55006408691406
2018-06-20,244.96719360351562
2018-06-21,243.43162536621094
2018-06-22,243.87539672851562
2018-06-25,240.55557250976562
2018-06-26,241.08822631835938
2018-06-27,239.0909423828125
2018-06-28,240.4579315185547
2018-06-29,240.8041534423828
2018-07-02,241.31898498535156
2018-07-03,240.4668426513672
2018-07-05,242.4285888671875
2018-07-06,244.4790802001953
2018-07-09,246.68051147460938
2018-07-10,247.56809997558594
2018-07-11,245.75730895996094
2018-07-12,247.98532104492188
2018-07-13,248.18063354492188
2018-07-16,247.9586639404297
2018-07-17,248.96173095703125
2018-07-18,249.4854736328125
2018-07-19,248.5445098876953
2018-07-20,248.26046752929688
2018-07-23,248.7220458984375
2018-07-24,249.9737548828125
2018-07-25,252.10403442382812
2018-07-26,251.50941467285156
2018-07-27,249.80508422851562
2018-07-30,248.50018310546875
2018-07-31,249.7251434326172
2018-08-01,249.307861328125
2018-08-02,250.6660614013672
2018-08-03,251.7401123046875
2018-08-06,252.66334533691406
2018-08-07,253.49766540527344
2018-08-08,253.39111328125
2018-08-09,253.04501342773438
2018-08-10,251.3495635986328
2018-08-13,250.4086151123047
2018-08-14,252.0064697265625
2018-08-15,250.12452697753906
2018-08-16,252.14846801757812
2018-08-17,253.0360565185547
2018-08-20,253.5775146484375
2018-08-21,254.17239379882812
2018-08-22,254.0213623046875
2018-08-23,253.68411254882812
2018-08-24,255.2108917236328
2018-08-27,257.2257995605469
2018-08-28,257.35015869140625
2018-08-29,258.73492431640625
2018-08-30,257.68743896484375
2018-08-31,257.6963195800781
2018-09-04,257.2525329589844
2018-09-05,256.5600891113281
2018-09-06,255.78790283203125
2018-09-07,255.29075622558594
2018-09-10,255.73460388183594
2018-09-11,256.5779724121094
2018-09-12,256.6400451660156
2018-09-13,258.1579284667969
2018-09-14,258.2022705078125
2018-09-17,256.8353271484375
2018-09-18,258.2289123535156
2018-09-19,258.504150390625
2018-09-20,260.5989685058594
2018-09-21,260.3608093261719
2018-09-24,259.49591064453125
2018-09-25,259.2551574707031
2018-09-26,258.4794006347656
2018-09-27,259.2016906738281
2018-09-28,259.228515625
2018-10-01,260.12896728515625
2018-10-02,259.97747802734375
2018-10-03,260.1200256347656
2018-10-04,258.08697509765625
2018-10-05,256.642578125
2018-10-08,256.642578125
2018-10-09,256.2679748535156
2018-10-10,248.15374755859375
2018-10-11,242.68783569335938
2018-10-12,246.05833435058594
2018-10-15,244.67626953125
2018-10-16,250.02627563476562
2018-10-17,250.07090759277344
2018-10-18,246.45957946777344
2018-10-19,246.3258514404297
2018-10-22,245.2202606201172
2018-10-23,243.9718017578125
2018-10-24,236.57981872558594
2018-10-25,240.82427978515625
2018-10-26,236.58871459960938
2018-10-29,235.2779541015625
2018-10-30,238.76438903808594
2018-10-31,241.31459045410156
2018-11-01,243.88265991210938
2018-11-02,242.43817138671875
2018-11-05,243.77572631835938
2018-11-06,245.31825256347656
2018-11-07,250.5701904296875
2018-11-08,250.11544799804688
2018-11-09,247.6722869873047
2018-11-12,243.04449462890625
2018-11-13,242.58978271484375
2018-11-14,240.9312286376953
2018-11-15,243.4457244873047
2018-11-16,244.07884216308594
2018-11-19,239.95030212402344
2018-11-20,235.50982666015625
2018-11-21,236.3123321533203
2018-11-23,234.73406982421875
2018-11-26,238.52366638183594
2018-11-27,239.32618713378906
2018-11-28,244.83670043945312
2018-11-29,244.30172729492188
2018-11-30,245.7908477783203
2018-12-03,249.04551696777344
2018-12-04,240.9757843017578
2018-12-06,240.6102294921875
2018-12-07,235.01942443847656
2018-12-10,235.4652557373047
2018-12-11,235.5187225341797
2018-12-12,236.70460510253906
2018-12-13,236.6243896484375
2018-12-14,232.2552032470703
2018-12-17,227.69873046875
2018-12-18,227.44900512695312
2018-12-19,224.0428466796875
2018-12-20,220.39588928222656
2018-12-21,215.88006591796875
2018-12-24,210.1759033203125
2018-12-26,220.79502868652344
2018-12-27,222.49012756347656
2018-12-28,222.2030792236328
2018-12-31,224.14939880371094
2019-01-02,224.38255310058594
2019-01-03,219.0281219482422
2019-01-04,226.36465454101562
2019-01-07,228.1494903564453
2019-01-08,230.2930145263672
2019-01-09,231.36929321289062
2019-01-10,232.1854705810547
2019-01-11,232.27511596679688
2019-01-14,230.85800170898438
2019-01-15,233.50389099121094
2019-01-16,234.06890869140625
2019-01-17,235.84471130371094
2019-01-18,238.98382568359375
2019-01-22,235.75498962402344
2019-01-23,236.24835205078125
2019-01-24,236.37391662597656
2019-01-25,238.37391662597656
2019-01-28,236.562255859375
2019-01-29,236.24835205078125
2019-01-30,239.9883270263672
2019-01-31,242.09596252441406
2019-02-01,242.21258544921875
2019-02-04,243.91665649414062
2019-02-05,244.9391632080078
2019-02-06,244.6162109375
2019-02-07,242.2843780517578
2019-02-08,242.58035278320312
2019-02-11,242.71487426757812
2019-02-12,245.8360137939453
2019-02-13,246.63424682617188
2019-02-14,246.08717346191406
2019-02-15,248.76878356933594
2019-02-19,249.1992950439453
2019-02-20,249.70155334472656
2019-02-21,248.81365966796875
2019-02-22,250.3563232421875
2019-02-25,250.69711303710938
2019-02-26,250.51773071289062
2019-02-27,250.4100799560547
2019-02-28,249.94374084472656
2019-03-01,251.50433349609375
2019-03-04,250.5895233154297
2019-03-05,250.24864196777344
2019-03-06,248.73301696777344
2019-03-07,246.65225219726562
2019-03-08,246.1588134765625
2019-03-11,249.7284698486328
2019-03-12,250.67018127441406
2019-03-13,252.32949829101562
2019-03-14,252.16799926757812
2019-03-15,253.41384887695312
2019-03-18,254.3326873779297
2019-03-19,254.39569091796875
2019-03-20,253.63003540039062
2019-03-21,256.4947509765625
2019-03-22,251.5581512451172
2019-03-25,251.36900329589844
2019-03-26,253.24269104003906
2019-03-27,251.91847229003906
2019-03-28,252.87332153320312
2019-03-29,254.46792602539062
2019-04-01,257.48565673828125
2019-04-02,257.6116943359375
2019-04-03,258.0171813964844
2019-04-04,258.7017822265625
2019-04-05,259.953857421875
2019-04-08,260.1521301269531
2019-04-09,258.81890869140625
2019-04-10,259.7016906738281
2019-04-11,259.6296691894531
2019-04-12,261.3863525390625
2019-04-15,261.21514892578125
2019-04-16,261.3863525390625
2019-04-17,260.7467041015625
2019-04-18,261.2601013183594
2019-04-22,261.4852600097656
2019-04-23,263.83648681640625
2019-04-24,263.25103759765625
2019-04-25,263.0887451171875
2019-04-26,264.31402587890625
2019-04-29,264.7283935546875
2019-04-30,264.863525390625
2019-05-01,262.8726501464844
2019-05-02,262.3051452636719
2019-05-03,264.87249755859375
2019-05-06,263.78253173828125
2019-05-07,259.3773498535156
2019-05-08,259.0171203613281
2019-05-09,258.2333679199219
2019-05-10,259.53057861328125
2019-05-13,253.0084991455078
2019-05-14,255.29666137695312
2019-05-15,256.7919921875
2019-05-16,259.17022705078125
2019-05-17,257.4946594238281
2019-05-20,255.79208374023438
2019-05-21,258.0982360839844
2019-05-22,257.305419921875
2019-05-23,254.16160583496094
2019-05-24,254.73805236816406
2019-05-28,252.36888122558594
2019-05-29,250.6752471923828
2019-05-30,251.36000061035156
2019-05-31,247.97276306152344
2019-06-03,247.3422393798828
2019-06-04,252.711181640625
2019-06-05,254.90020751953125
2019-06-06,256.5576477050781
2019-06-07,259.1251525878906
2019-06-10,260.31427001953125
2019-06-11,260.2511901855469
2019-06-12,259.7918701171875
2019-06-13,260.86376953125
2019-06-14,260.5755310058594
2019-06-17,260.6745910644531
2019-06-18,263.4040832519531
2019-06-19,263.99871826171875
2019-06-20,266.52099609375
2019-06-21,266.1335754394531
2019-06-24,265.80780029296875
2019-06-25,263.2007141113281
2019-06-26,262.93817138671875
2019-06-27,263.8705749511719
2019-06-28,265.2283630371094
2019-07-01,267.63623046875
2019-07-02,268.333251953125
2019-07-03,270.4786071777344
2019-07-05,270.1707763671875
2019-07-08,268.6863098144531
2019-07-09,269.0212707519531
2019-07-10,270.306640625
2019-07-11,270.9403076171875
2019-07-12,272.15325927734375
2019-07-15,272.2438049316406
2019-07-16,271.36578369140625
2019-07-17,269.5190734863281
2019-07-18,270.505859375
2019-07-19,269.00311279296875
2019-07-22,269.66387939453125
2019-07-23,271.5919494628906
2019-07-24,272.86846923828125
2019-07-25,271.5649108886719
2019-07-26,273.3843688964844
2019-07-29,272.8865966796875
2019-07-30,272.21661376953125
2019-07-31,269.2384948730469
2019-08-01,266.89398193359375
2019-08-02,264.8844299316406
2019-08-05,256.9184265136719
2019-08-06,260.5212707519531
2019-08-07,260.6751708984375
2019-08-08,265.7895812988281
2019-08-09,263.979248046875
2019-08-12,260.7656555175781
2019-08-13,264.8210144042969
2019-08-14,256.9909362792969
2019-08-15,257.66986083984375
2019-08-16,261.4716491699219
2019-08-19,264.62188720703125
2019-08-20,262.5942077636719
2019-08-21,264.7305603027344
2019-08-22,264.6490173339844
2019-08-23,257.850830078125
2019-08-26,260.70233154296875
2019-08-27,259.6794128417969
2019-08-28,261.5079650878906
2019-08-29,264.84814453125
2019-08-30,264.7305603027344
2019-09-03,263.1825256347656
2019-09-04,266.16986083984375
2019-09-05,269.5915222167969
2019-09-06,269.7997131347656
2019-09-09,269.9355163574219
2019-09-10,269.87213134765625
2019-09-11,271.79119873046875
2019-09-12,272.7326354980469
2019-09-13,272.5515441894531
2019-09-16,271.7097473144531
2019-09-17,272.39764404296875
2019-09-18,272.56060791015625
2019-09-19,272.54248046875
2019-09-20,271.2549133300781
2019-09-23,271.191162109375
2019-09-24,269.0631103515625
2019-09-25,270.65460205078125
2019-09-26,270.09075927734375
2019-09-27,268.6357116699219
2019-09-30,269.88165283203125
2019-10-01,266.67138671875
2019-10-02,261.9608459472656
2019-10-03,264.1069641113281
2019-10-04,267.68084716796875
2019-10-07,266.5258483886719
2019-10-08,262.3882141113281
2019-10-09,264.8799133300781
2019-10-10,266.67138671875
2019-10-11,269.4360046386719
2019-10-14,269.135986328125
2019-10-15,271.800537109375
2019-10-16,271.36395263671875
2019-10-17,272.164306640625
2019-10-18,270.9729309082031
2019-10-21,272.8098449707031
2019-10-22,271.9187316894531
2019-10-23,272.7098693847656
2019-10-24,273.15545654296875
2019-10-25,274.2740783691406
2019-10-28,275.82000732421875
2019-10-29,275.7381286621094
2019-10-30,276.5838928222656
2019-10-31,275.8472595214844
2019-11-01,278.4026794433594
2019-11-04,279.52117919921875
2019-11-05,279.2120056152344
2019-11-06,279.2757263183594
2019-11-07,280.2579040527344
2019-11-08,280.9489440917969
2019-11-11,280.4124450683594
2019-11-12,281.0035400390625
2019-11-13,281.0945129394531
2019-11-14,281.50372314453125
2019-11-15,283.54071044921875
2019-11-18,283.7498779296875
2019-11-19,283.6681213378906
2019-11-20,282.6131286621094
2019-11-21,282.15850830078125
2019-11-22,282.78594970703125
2019-11-25,284.9775695800781
2019-11-26,285.623291015625
2019-11-27,286.8963317871094
2019-11-29,285.8324279785156
2019-12-02,283.4043884277344
2019-12-03,281.50372314453125
2019-12-04,283.24066162109375
2019-12-05,283.7498779296875
2019-12-06,286.3416748046875
2019-12-09,285.44140625
2019-12-10,285.12310791015625
2019-12-11,285.9324645996094
2019-12-12,288.3968505859375
2019-12-13,288.5697021484375
2019-12-16,290.55218505859375
2019-12-17,290.6158447265625
2019-12-18,290.634033203125
2019-12-19,291.8253479003906
2019-12-20,293.1047058105469
2019-12-23,293.5525817871094
2019-12-24,293.5617370605469
2019-12-26,295.1244201660156
2019-12-27,295.05126953125
2019-12-30,293.4246520996094
2019-12-31,294.1374206542969
2020-01-02,296.8882141113281
2020-01-03,294.6400146484375
2020-01-06,295.76409912109375
2020-01-07,294.9325256347656
2020-01-08,296.5044250488281
2020-01-09,298.514892578125
2020-01-10,297.65576171875
2020-01-13,299.7029113769531
2020-01-14,299.24591064453125
2020-01-15,299.9222106933594
2020-01-16,302.4170837402344
2020-01-17,303.35845947265625
2020-01-21,302.7642517089844
2020-01-22,302.8008728027344
2020-01-23,303.14813232421875
2020-01-24,300.4522705078125
2020-01-27,295.63616943359375
2020-01-28,298.7342224121094
2020-01-29,298.48748779296875
2020-01-30,299.4561462402344
2020-01-31,294.01861572265625
2020-02-03,296.2027587890625
2020-02-04,300.7171936035156
2020-02-05,304.1900329589844
2020-02-06,305.2135009765625
2020-02-07,303.5868835449219
2020-02-10,305.8531494140625
2020-02-11,306.3832702636719
2020-02-12,308.3572998046875
2020-02-13,308.0281982421875
2020-02-14,308.5216979980469
2020-02-18,307.7266540527344
2020-02-19,309.19793701171875
2020-02-20,307.9277038574219
2020-02-21,304.7565002441406
2020-02-24,294.6491394042969
2020-02-25,285.7207336425781
2020-02-26,284.6697082519531
2020-02-27,271.884765625
2020-02-28,270.7424011230469
2020-03-02,282.4673767089844
2020-03-03,274.3796081542969
2020-03-04,285.91259765625
2020-03-05,276.4084167480469
2020-03-06,271.83905029296875
2020-03-09,250.60989379882812
2020-03-10,263.57763671875
2020-03-11,250.72866821289062
2020-03-12,226.73971557617188
2020-03-13,246.12278747558594
2020-03-16,219.19114685058594
2020-03-17,231.0257568359375
2020-03-18,219.3282470703125
2020-03-19,219.7943115234375
2020-03-20,210.32241821289062
2020-03-23,204.9448699951172
2020-03-24,223.51356506347656
2020-03-25,226.85955810546875
2020-03-26,240.10586547851562
2020-03-27,232.95416259765625
2020-03-30,240.51950073242188
2020-03-31,236.93447875976562
2020-04-01,226.27125549316406
2020-04-02,231.49258422851562
2020-04-03,228.14651489257812
2020-04-06,243.4702606201172
2020-04-07,243.71849060058594
2020-04-08,251.89974975585938
2020-04-09,255.7329559326172
2020-04-13,253.39810180664062
2020-04-14,260.8714904785156
2020-04-15,255.3285369873047
2020-04-16,256.5602722167969
2020-04-17,263.4913330078125
2020-04-20,258.8491516113281
2020-04-21,250.98968505859375
2020-04-22,256.5602722167969
2020-04-23,256.5418395996094
2020-04-24,260.1177062988281
2020-04-27,263.8682556152344
2020-04-28,262.65484619140625
2020-04-29,269.5307922363281
2020-04-30,267.0212707519531
2020-05-01,259.9522399902344
2020-05-04,260.6693115234375
2020-05-05,263.07769775390625
2020-05-06,261.2944030761719
2020-05-07,264.4473571777344
2020-05-08,268.8230285644531
2020-05-11,268.87811279296875
2020-05-12,263.51885986328125
2020-05-13,258.8583679199219
2020-05-14,261.9562072753906
2020-05-15,263.160400390625
2020-05-18,271.1763000488281
2020-05-19,268.3908996582031
2020-05-20,272.9503479003906
2020-05-21,271.06591796875
2020-05-22,271.5806579589844
2020-05-26,274.9267272949219
2020-05-27,279.017333984375
2020-05-28,278.50262451171875
2020-05-29,279.74359130859375
2020-06-01,280.8741760253906
2020-06-02,283.199951171875
2020-06-03,286.9688415527344
2020-06-04,286.2150573730469
2020-06-05,293.5505065917969
2020-06-08,297.098876953125
2020-06-09,294.8834533691406
2020-06-10,293.2380065917969
2020-06-11,276.3331298828125
2020-06-12,279.64239501953125
2020-06-15,282.2530822753906
2020-06-16,287.6857604980469
2020-06-17,286.49078369140625
2020-06-18,286.6011657714844
2020-06-19,284.9632263183594
2020-06-22,286.791259765625
2020-06-23,288.111572265625
2020-06-24,280.76220703125
2020-06-25,283.77215576171875
2020-06-26,277.0321960449219
2020-06-29,281.1039123535156
2020-06-30,284.70465087890625
2020-07-01,286.6989440917969
2020-07-02,288.27777099609375
2020-07-06,292.72802734375
2020-07-07,289.7088928222656
2020-07-08,291.9246826171875
2020-07-09,290.2628479003906
2020-07-10,293.2265930175781
2020-07-13,290.6875915527344
2020-07-14,294.45458984375
2020-07-15,297.1598205566406
2020-07-16,296.18109130859375
2020-07-17,297.039794921875
2020-07-20,299.44036865234375
2020-07-21,300.077392578125
2020-07-22,301.78546142578125
2020-07-23,298.1847229003906
2020-07-24,296.2642517089844
2020-07-27,298.42462158203125
2020-07-28,296.5319519042969
2020-07-29,300.1789855957031
2020-07-30,299.10791015625
2020-07-31,301.4715881347656
2020-08-03,303.5674133300781
2020-08-04,304.73992919921875
2020-08-05,306.63275146484375
2020-08-06,308.68243408203125
2020-08-07,308.9040222167969
2020-08-10,309.8272705078125
2020-08-11,307.26983642578125
2020-08-12,311.5538635253906
2020-08-13,310.9906005859375
2020-08-14,310.9998779296875
2020-08-17,311.98779296875
2020-08-18,312.6617736816406
2020-08-19,311.3598937988281
2020-08-20,312.3294677734375
2020-08-21,313.4373779296875
2020-08-24,316.6134338378906
2020-08-25,317.72149658203125
2020-08-26,320.9067687988281
2020-08-27,321.60845947265625
2020-08-28,323.6858215332031
2020-08-31,322.5132141113281
2020-09-01,325.5508728027344
2020-09-02,330.2596435546875
2020-09-03,318.8940124511719
2020-09-04,316.290283203125
2020-09-08,307.64837646484375
2020-09-09,313.7234802246094
2020-09-10,308.2761535644531
2020-09-11,308.43316650390625
2020-09-14,312.49560546875
2020-09-15,314.07440185546875
2020-09-16,312.8280334472656
2020-09-17,310.07659912109375
2020-09-18,306.50677490234375
2020-09-21,303.09552001953125
2020-09-22,306.1823425292969
2020-09-23,299.0816650390625
2020-09-24,299.8787536621094
2020-09-25,304.72698974609375
2020-09-28,309.788330078125
2020-09-29,308.10113525390625
2020-09-30,310.437255859375
2020-10-01,312.43023681640625
2020-10-02,309.46380615234375
2020-10-05,314.9515075683594
2020-10-06,310.47430419921875
2020-10-07,315.8785400390625
2020-10-08,318.6781311035156
2020-10-09,321.52386474609375
2020-10-12,326.69647216796875
2020-10-13,324.5644226074219
2020-10-14,322.5250244140625
2020-10-15,322.1263732910156
2020-10-16,321.9317626953125
2020-10-19,317.0374450683594
2020-10-20,318.3072814941406
2020-10-21,317.7047424316406
2020-10-22,319.44744873046875
2020-10-23,320.53204345703125
2020-10-26,314.6086120605469
2020-10-27,313.52398681640625
2020-10-28,302.8080749511719
2020-10-29,305.8857421875
2020-10-30,302.6969299316406
2020-11-02,306.089599609375
2020-11-03,311.49395751953125
2020-11-04,318.4555969238281
2020-11-05,324.66632080078125
2020-11-06,324.5922546386719
2020-11-09,328.6708679199219
2020-11-10,328.1888732910156
2020-11-11,330.62689208984375
2020-11-12,327.41943359375
2020-11-13,331.95245361328125
2020-11-16,336.0960388183594
2020-11-17,334.28839111328125
2020-11-18,330.26531982421875
2020-11-19,331.6558837890625
2020-11-20,329.3846740722656
2020-11-23,331.3592224121094
2020-11-24,336.6986083984375
2020-11-25,336.17950439453125
2020-11-27,337.11578369140625
2020-11-30,335.6233215332031
2020-12-01,339.2941589355469
2020-12-02,340.0078430175781
2020-12-03,339.9151306152344
2020-12-04,342.844482421875
2020-12-07,342.1400146484375
2020-12-08,343.1411437988281
2020-12-09,340.0635070800781
2020-12-10,339.95233154296875
2020-12-11,339.5536193847656
2020-12-14,338.0334777832031
2020-12-15,342.6034851074219
2020-12-16,343.1411437988281
2020-12-17,345.0599670410156
2020-12-18,343.68218994140625
2020-12-21,342.4533996582031
2020-12-22,341.8761291503906
2020-12-23,342.18341064453125
2020-12-24,343.5146789550781
2020-12-28,346.4657287597656
2020-12-29,345.80474853515625
2020-12-30,346.298095703125
2020-12-31,348.0575256347656
2021-01-04,343.3191833496094
2021-01-05,345.6837158203125
2021-01-06,347.75042724609375
2021-01-07,352.9170227050781
2021-01-08,354.9278869628906
2021-01-11,352.53533935546875
2021-01-12,352.6098327636719
2021-01-13,353.5594177246094
2021-01-14,352.3212890625
2021-01-15,349.7519226074219
2021-01-19,352.4981384277344
2021-01-20,357.376220703125
2021-01-21,357.7020263671875
2021-01-22,356.4359436035156
2021-01-25,357.8416748046875
2021-01-26,357.2830810546875
2021-01-27,348.5509948730469
2021-01-28,351.54864501953125
2021-01-29,344.5107116699219
2021-02-01,350.2452697753906
2021-02-02,355.19781494140625
2021-02-03,355.4771423339844
2021-02-04,359.51739501953125
2021-02-05,360.9324035644531
2021-02-08,363.5390930175781
2021-02-09,363.29693603515625
2021-02-10,363.13873291015625
2021-02-11,363.72515869140625
2021-02-12,365.5218811035156
2021-02-16,365.20538330078125
2021-02-17,365.28912353515625
2021-02-18,363.7344665527344
2021-02-19,363.0921325683594
2021-02-22,360.2994079589844
2021-02-23,360.7369384765625
2021-02-24,364.7119445800781
2021-02-25,355.9239196777344
2021-02-26,354.0900573730469
2021-03-01,362.67327880859375
2021-03-02,359.8432312011719
2021-03-03,355.0768127441406
2021-03-04,350.682861328125
2021-03-05,357.1341857910156
2021-03-08,355.3560791015625
2021-03-09,360.42974853515625
2021-03-10,362.67327880859375
2021-03-11,366.35040283203125
2021-03-12,366.84381103515625
2021-03-15,369.031494140625
2021-03-16,368.5660095214844
2021-03-17,369.82281494140625
2021-03-18,364.4419860839844
2021-03-19,363.7677307128906
2021-03-22,366.67230224609375
2021-03-23,363.786376953125
2021-03-24,361.93707275390625
2021-03-25,363.97314453125
2021-03-26,369.8386535644531
2021-03-29,369.6517639160156
2021-03-30,368.6711120605469
2021-03-31,370.16546630859375
2021-04-01,374.16290283203125
2021-04-05,379.53326416015625
2021-04-06,379.3092041015625
2021-04-07,379.74810791015625
2021-04-08,381.5507507324219
2021-04-09,384.32464599609375
2021-04-12,384.46478271484375
2021-04-13,385.6041564941406
2021-04-14,384.2873229980469
2021-04-15,388.41546630859375
2021-04-16,389.7137451171875
2021-04-19,387.7990417480469
2021-04-20,384.9598083496094
2021-04-21,388.6022644042969
2021-04-22,385.0531311035156
2021-04-23,389.22802734375
2021-04-26,390.04058837890625
2021-04-27,389.9565734863281
2021-04-28,389.8444519042969
2021-04-29,392.328857421875
2021-04-30,389.7511291503906
2021-05-03,390.5916748046875
2021-05-04,388.1820068359375
2021-05-05,388.3033752441406
2021-05-06,391.4041748046875
2021-05-07,394.25286865234375
2021-05-10,390.34881591796875
2021-05-11,386.8650207519531
2021-05-12,378.6460876464844
2021-05-13,383.1944885253906
2021-05-14,389.07861328125
2021-05-17,388.088623046875
2021-05-18,384.7449645996094
2021-05-19,383.73626708984375
2021-05-20,387.86444091796875
2021-05-21,387.546875
2021-05-24,391.4976806640625
2021-05-25,390.6290283203125
2021-05-26,391.4041748046875
2021-05-27,391.6097412109375
2021-05-28,392.3102722167969
2021-06-01,391.9646911621094
2021-06-02,392.5810241699219
2021-06-03,391.12396240234375
2021-06-04,394.70123291015625
2021-06-07,394.3182678222656
2021-06-08,394.40234375
2021-06-09,393.8138427734375
2021-06-10,395.64447021484375
2021-06-11,396.29833984375
2021-06-14,397.1856384277344
2021-06-15,396.4571228027344
2021-06-16,394.2434997558594
2021-06-17,394.11279296875
2021-06-18,388.7960205078125
2021-06-21,394.36199951171875
2021-06-22,396.470458984375
2021-06-23,395.9925231933594
2021-06-24,398.3350524902344
2021-06-25,399.75
2021-06-28,400.55584716796875
2021-06-29,400.7713623046875
2021-06-30,401.1086730957031
2021-07-01,403.3294982910156
2021-07-02,406.4123840332031
2021-07-06,405.672119140625
2021-07-07,407.1058044433594
2021-07-08,403.7886047363281
2021-07-09,408.0989685058594
2021-07-12,409.56085205078125
2021-07-13,408.1645812988281
2021-07-14,408.7737731933594
2021-07-15,407.37744140625
2021-07-16,404.1822204589844
2021-07-19,398.2132873535156
2021-07-20,403.9198303222656
2021-07-21,407.1901550292969
2021-07-22,408.04278564453125
2021-07-23,412.2408142089844
2021-07-26,413.2528076171875
2021-07-27,411.36932373046875
2021-07-28,411.2006530761719
2021-07-29,412.9060363769531
2021-07-30,410.9007873535156
2021-08-02,410.0386962890625
2021-08-03,413.37457275390625
2021-08-04,411.3412170410156
2021-08-05,413.9461364746094
2021-08-06,414.6302490234375
2021-08-09,414.2928466796875
2021-08-10,414.8082580566406
2021-08-11,415.8389892578125
2021-08-12,417.0851135253906
2021-08-13,417.84423828125
2021-08-16,418.8281555175781
2021-08-17,416.0826416015625
2021-08-18,411.528564453125
2021-08-19,412.165771484375
2021-08-20,415.4454040527344
2021-08-23,419.09991455078125
2021-08-24,419.7651672363281
2021-08-25,420.64593505859375
2021-08-26,418.162841796875
2021-08-27,421.9015808105469
2021-08-30,423.7569274902344
2021-08-31,423.1291809082031
2021-09-01,423.35400390625
2021-09-02,424.656494140625
2021-09-03,424.5534362792969
2021-09-07,423.03546142578125
2021-09-08,422.5200500488281
2021-09-09,420.7115478515625
2021-09-10,417.3943786621094
2021-09-13,418.46270751953125
2021-09-14,416.2044372558594
2021-09-15,419.6807861328125
2021-09-16,419.0155334472656
2021-09-17,414.93389892578125
2021-09-20,408.0152587890625
2021-09-21,407.6297912597656
2021-09-22,411.6061706542969
2021-09-23,416.607177734375
2021-09-24,417.2933654785156
2021-09-27,416.0995788574219
2021-09-28,407.7143859863281
2021-09-29,408.4006652832031
2021-09-30,403.4090576171875
2021-10-01,408.20318603515625
2021-10-04,402.93896484375
2021-10-05,407.1315612792969
2021-10-06,408.8236083984375
2021-10-07,412.35821533203125
2021-10-08,411.6061706542969
2021-10-11,408.62615966796875
2021-10-12,407.620361328125
2021-10-13,409.0867919921875
2021-10-14,415.9679260253906
2021-10-15,419.1358642578125
2021-10-18,420.3767395019531
2021-10-19,423.6198425292969
2021-10-20,425.28375244140625
2021-10-21,426.39300537109375
2021-10-22,425.9512023925781
2021-10-25,428.2354431152344
2021-10-26,428.620849609375
2021-10-27,426.7219543457031
2021-10-28,430.83941650390625
2021-10-29,431.7135925292969
2021-11-01,432.456298828125
2021-11-02,434.2047119140625
2021-11-03,436.8556823730469
2021-11-04,438.9143371582031
2021-11-05,440.43719482421875
2021-11-08,440.81317138671875
2021-11-09,439.356201171875
2021-11-10,435.82159423828125
2021-11-11,435.962646484375
2021-11-12,439.2526550292969
2021-11-15,439.40313720703125
2021-11-16,441.1422119140625
2021-11-17,440.0705871582031
2021-11-18,441.56524658203125
2021-11-19,440.7755432128906
2021-11-22,439.5347900390625
2021-11-23,440.1175842285156
2021-11-24,441.29266357421875
2021-11-26,431.4504089355469
2021-11-29,436.7428283691406
2021-11-30,428.244873046875
2021-12-01,423.4882507324219
2021-12-02,429.9745788574219
2021-12-03,426.23321533203125
2021-12-06,431.2812194824219
2021-12-07,440.20220947265625
2021-12-08,441.3677978515625
2021-12-09,438.3878173828125
2021-12-10,442.51458740234375
2021-12-13,438.5947265625
2021-12-14,435.57720947265625
2021-12-15,442.3830871582031
2021-12-16,438.48187255859375
2021-12-17,433.815185546875
2021-12-20,429.2022705078125
2021-12-21,436.8244323730469
2021-12-22,441.1921691894531
2021-12-23,443.9372863769531
2021-12-27,450.2199401855469
2021-12-28,449.8520202636719
2021-12-29,450.427490234375
2021-12-30,449.1822814941406
2021-12-31,448.0502624511719
2022-01-03,450.6444091796875
2022-01-04,450.4935302734375
2022-01-05,441.843017578125
2022-01-06,441.4279479980469
2022-01-07,439.6827697753906
2022-01-10,439.1356201171875
2022-01-11,443.1354064941406
2022-01-12,444.33349609375
2022-01-13,438.211181640625
2022-01-14,438.3904724121094
2022-01-18,430.62664794921875
2022-01-19,426.15521240234375
2022-01-20,421.43853759765625
2022-01-21,413.1654052734375
2022-01-24,414.9200134277344
2022-01-25,409.854248046875
2022-01-26,408.8260498046875
2022-01-27,406.8072814941406
2022-01-28,416.9105224609375
2022-01-31,424.4194641113281
2022-02-01,427.28729248046875
2022-02-02,431.43798828125
2022-02-03,421.29705810546875
2022-02-04,423.278076171875
2022-02-07,421.9197082519531
2022-02-08,425.3912048339844
2022-02-09,431.6172180175781
2022-02-10,423.86297607421875
2022-02-11,415.5048828125
2022-02-14,414.1465148925781
2022-02-15,420.82537841796875
2022-02-16,421.29705810546875
2022-02-17,412.2975158691406
2022-02-18,409.6278991699219
2022-02-22,405.2319030761719
2022-02-23,398.0436096191406
2022-02-24,404.0338134765625
2022-02-25,412.9484558105469
2022-02-28,411.8918762207031
2022-03-01,405.6186218261719
2022-03-02,413.0805969238281
2022-03-03,411.0240173339844
2022-03-04,407.6846008300781
2022-03-07,395.6664123535156
2022-03-08,392.66656494140625
2022-03-09,403.1943359375
2022-03-10,401.3736572265625
2022-03-11,396.2701721191406
2022-03-14,393.3740539550781
2022-03-15,402.0245056152344
2022-03-16,410.9390869140625
2022-03-17,416.0804443359375
2022-03-18,420.6376037597656
2022-03-21,420.5146179199219
2022-03-22,425.4352111816406
2022-03-23,419.956298828125
2022-03-24,426.286865234375
2022-03-25,428.36865234375
2022-03-28,431.4156799316406
2022-03-29,436.75262451171875
2022-03-30,434.0557556152344
2022-03-31,427.3750915527344
2022-04-01,428.58636474609375
2022-04-04,432.2578430175781
2022-04-05,426.79779052734375
2022-04-06,422.5301208496094
2022-04-07,424.6592712402344
2022-04-08,423.52374267578125
2022-04-11,416.2847595214844
2022-04-12,414.7423400878906
2022-04-13,419.4926452636719
2022-04-14,414.2691955566406
2022-04-18,414.4394836425781
2022-04-19,421.129638671875
2022-04-20,420.81744384765625
2022-04-21,414.5246887207031
2022-04-22,403.1504821777344
2022-04-25,405.48773193359375
2022-04-26,393.74456787109375
2022-04-27,394.8516845703125
2022-04-28,404.8253173828125
2022-04-29,389.86480712890625
2022-05-02,392.21148681640625
2022-05-03,394.00946044921875
2022-05-04,406.0081787109375
2022-05-05,391.5775451660156
2022-05-06,389.24029541015625
2022-05-09,376.7778625488281
2022-05-10,377.64837646484375
2022-05-11,371.6490478515625
2022-05-12,371.2610778808594
2022-05-13,380.1370849609375
2022-05-16,378.5946350097656
2022-05-17,386.3825378417969
2022-05-18,370.80682373046875
2022-05-19,368.5357666015625
2022-05-20,368.69659423828125
2022-05-23,375.59503173828125
2022-05-24,372.727783203125
2022-05-25,376.020751953125
2022-05-26,383.5341796875
2022-05-27,392.94964599609375
2022-05-31,390.7448425292969
2022-06-01,387.5842590332031
2022-06-02,394.9652099609375
2022-06-03,388.4832458496094
2022-06-06,389.66607666015625
2022-06-07,393.40386962890625
2022-06-08,389.1266784667969
2022-06-09,379.8720703125
2022-06-10,368.85748291015625
2022-06-13,354.8526306152344
2022-06-14,353.78338623046875
2022-06-15,358.8270263671875
2022-06-16,346.95123291015625
2022-06-17,347.69921875
2022-06-21,356.4520568847656
2022-06-22,355.8058166503906
2022-06-23,359.2935791015625
2022-06-24,370.7169189453125
2022-06-27,369.3009338378906
2022-06-28,361.75506591796875
2022-06-29,361.4604187011719
2022-06-30,358.5238037109375
2022-07-01,362.3157653808594
2022-07-05,363.0
2022-07-06,364.2259521484375
2022-07-07,369.68096923828125
2022-07-08,369.376953125
2022-07-11,365.1573486328125
2022-07-12,361.9261169433594
2022-07-13,360.02532958984375
2022-07-14,359.15106201171875
2022-07-15,366.0126953125
2022-07-18,362.9905090332031
2022-07-19,372.7981872558594
2022-07-20,375.1741027832031
2022-07-21,378.9945983886719
2022-07-22,375.4781799316406
2022-07-25,375.9344177246094
2022-07-26,371.4867858886719
2022-07-27,381.1329040527344
2022-07-28,385.9132080078125
2022-07-29,391.5393981933594
2022-08-01,390.3799743652344
2022-08-02,387.80450439453125
2022-08-03,393.87725830078125
2022-08-04,393.6111755371094
2022-08-05,392.9459228515625
2022-08-08,392.4897155761719
2022-08-09,390.93115234375
2022-08-10,399.14227294921875
2022-08-11,399.14227294921875
2022-08-12,405.8993225097656
2022-08-15,407.5719299316406
2022-08-16,408.37017822265625
2022-08-17,405.4716491699219
2022-08-18,406.650146484375
2022-08-19,401.1855773925781
2022-08-22,392.83184814453125
2022-08-23,391.8815002441406
2022-08-24,393.135986328125
2022-08-25,398.6861572265625
2022-08-26,385.1909484863281
2022-08-29,382.64398193359375
2022-08-30,378.443359375
2022-08-31,375.5638427734375
2022-09-01,376.74224853515625
2022-09-02,372.76971435546875
2022-09-06,371.3631896972656
2022-09-07,378.03472900390625
2022-09-08,380.5056457519531
2022-09-09,386.41693115234375
2022-09-12,390.5699768066406
2022-09-13,373.58709716796875
2022-09-14,375.0126647949219
2022-09-15,370.7549743652344
2022-09-16,367.9264831542969
2022-09-19,370.77978515625
2022-09-20,366.5237121582031
2022-09-21,360.1302185058594
2022-09-22,357.10516357421875
2022-09-23,351.1218566894531
2022-09-26,347.6484069824219
2022-09-27,346.76092529296875
2022-09-28,353.58392333984375
2022-09-29,346.1979064941406
2022-09-30,340.8445129394531
2022-10-03,349.84320068359375
2022-10-04,360.68365478515625
2022-10-05,359.8439025878906
2022-10-06,356.1318054199219
2022-10-07,346.1979064941406
2022-10-10,343.5546569824219
2022-10-11,341.3788146972656
2022-10-12,340.2528381347656
2022-10-13,349.23248291015625
2022-10-14,341.27392578125
2022-10-17,350.0436706542969
2022-10-18,354.15643310546875
2022-10-19,351.646728515625
2022-10-20,348.6980895996094
2022-10-21,357.17193603515625
2022-10-24,361.5425109863281
2022-10-25,367.3157958984375
2022-10-26,364.5484313964844
2022-10-27,362.60174560546875
2022-10-28,371.22821044921875
2022-10-31,368.54681396484375
2022-11-01,366.9341125488281
2022-11-02,357.72540283203125
2022-11-03,354.0419616699219
2022-11-04,359.13775634765625
2022-11-07,362.57305908203125
2022-11-08,364.52935791015625
2022-11-09,357.0191955566406
2022-11-10,376.63897705078125
2022-11-11,380.28424072265625
2022-11-14,377.0492858886719
2022-11-15,380.26513671875
2022-11-16,377.3641662597656
2022-11-17,376.20953369140625
2022-11-18,377.91766357421875
2022-11-21,376.54351806640625
2022-11-22,381.6106262207031
2022-11-23,384.01544189453125
2022-11-25,383.9295349121094
2022-11-28,377.80316162109375
2022-11-29,377.1542663574219
2022-11-30,389.03485107421875
2022-12-01,388.74859619140625
2022-12-02,388.300048828125
2022-12-05,381.3148498535156
2022-12-06,375.8182678222656
2022-12-07,375.178955078125
2022-12-08,378.1180725097656
2022-12-09,375.29345703125
2022-12-12,380.7041320800781
2022-12-13,383.58599853515625
2022-12-14,381.1335754394531
2022-12-15,371.8103332519531
2022-12-16,367.4207458496094
2022-12-19,364.3050842285156
2022-12-20,364.8035888671875
2022-12-21,370.25830078125
2022-12-22,364.9762268066406
2022-12-23,367.0755920410156
2022-12-27,365.6280517578125
2022-12-28,361.0841064453125
2022-12-29,367.58367919921875
2022-12-30,366.615478515625
2023-01-03,365.0721130371094
2023-01-04,367.8904724121094
2023-01-05,363.691650390625
2023-01-06,372.0318298339844
2023-01-09,371.82086181640625
2023-01-10,374.4284362792969
2023-01-11,379.1642150878906
2023-01-12,380.5446472167969
2023-01-13,382.02093505859375
2023-01-17,381.3210754394531
2023-01-18,375.3008117675781
2023-01-19,372.5686340332031
2023-01-20,379.5093078613281
2023-01-23,384.0628662109375
2023-01-24,383.6507263183594
2023-01-25,383.7944641113281
2023-01-26,388.012451171875
2023-01-27,388.90399169921875
2023-01-30,384.0245361328125
2023-01-31,389.67095947265625
2023-02-01,393.812255859375
2023-02-02,399.5450439453125
2023-02-03,395.29815673828125
2023-02-06,392.88238525390625
2023-02-07,398.020751953125
2023-02-08,393.66851806640625
2023-02-09,390.2557067871094
2023-02-10,391.1664123535156
2023-02-13,395.7583923339844
2023-02-14,395.5762023925781
2023-02-15,396.8608093261719
2023-02-16,391.39654541015625
2023-02-17,390.418701171875
2023-02-21,382.5865783691406
2023-02-22,382.0592956542969
2023-02-23,384.0916748046875
2023-02-24,379.9886169433594
2023-02-27,381.2827453613281
2023-02-28,379.87359619140625
2023-03-01,378.4164123535156
2023-03-02,381.3594055175781
2023-03-03,387.4756164550781
2023-03-06,387.74407958984375
2023-03-07,381.8004150390625
2023-03-08,382.423583984375
2023-03-09,375.367919921875
2023-03-10,369.9515686035156
2023-03-13,369.42425537109375
2023-03-14,375.5308532714844
2023-03-15,373.1822204589844
2023-03-16,379.729736328125
2023-03-17,375.2896728515625
2023-03-20,378.8983459472656
2023-03-21,383.8734436035156
2023-03-22,377.329833984375
2023-03-23,378.3498840332031
2023-03-24,380.8325500488281
2023-03-27,381.5445861816406
2023-03-28,380.688232421875
2023-03-29,386.2214660644531
2023-03-30,388.48297119140625
2023-03-31,393.95843505859375
2023-04-03,395.459716796875
2023-04-04,393.2655944824219
2023-04-05,392.2359619140625
2023-04-06,393.7659912109375
2023-04-10,394.1701354980469
2023-04-11,394.2759704589844
2023-04-12,392.6689453125
2023-04-13,397.8846740722656
2023-04-14,396.9127502441406
2023-04-17,398.3368835449219
2023-04-18,398.59674072265625
2023-04-19,398.5294189453125
2023-04-20,396.35455322265625
2023-04-21,396.66253662109375
2023-04-24,397.0762939453125
2023-04-25,390.773193359375
2023-04-26,389.11798095703125
2023-04-27,396.8646240234375
2023-04-28,400.2518615722656
2023-05-01,399.84771728515625
2023-05-02,395.35369873046875
2023-05-03,392.6400146484375
2023-05-04,389.8589782714844
2023-05-05,397.0762939453125
2023-05-08,397.18212890625
2023-05-09,395.4403991699219
2023-05-10,397.2880554199219
2023-05-11,396.59515380859375
2023-05-12,396.0755310058594
2023-05-15,397.4419860839844
2023-05-16,394.7859802246094
2023-05-17,399.57830810546875
2023-05-18,403.42755126953125
2023-05-19,402.84051513671875
2023-05-22,403.00408935546875
2023-05-23,398.4812927246094
2023-05-24,395.5943603515625
2023-05-25,399.0201416015625
2023-05-26,404.1877136230469
2023-05-30,404.34173583984375
2023-05-31,402.09954833984375
2023-06-01,405.9198913574219
2023-06-02,411.78997802734375
2023-06-05,411.00091552734375
2023-06-06,411.8958435058594
2023-06-07,410.4716796875
2023-06-08,412.9543762207031
2023-06-09,413.6952819824219
2023-06-12,417.4483337402344
2023-06-13,420.2005310058594
2023-06-14,420.700927734375
2023-06-15,425.91656494140625
2023-06-16,424.46588134765625
2023-06-20,422.263671875
2023-06-21,420.10009765625
2023-06-22,421.6164855957031
2023-06-23,418.42913818359375
2023-06-26,416.719482421875
2023-06-27,421.2881164550781
2023-06-28,421.5006408691406
2023-06-29,423.16192626953125
2023-06-30,428.155517578125
2023-07-03,428.64813232421875
2023-07-05,428.0106201171875
2023-07-06,424.6590881347656
2023-07-07,423.5869445800781
2023-07-10,424.6590881347656
2023-07-11,427.3634948730469
2023-07-12,430.8020324707031
2023-07-13,434.2212829589844
2023-07-14,433.9508056640625
2023-07-17,435.4575500488281
2023-07-18,438.6933288574219
2023-07-19,439.6687927246094
2023-07-20,436.75189208984375
2023-07-21,436.75189208984375
2023-07-24,438.7029724121094
2023-07-25,439.90057373046875
2023-07-26,439.96826171875
2023-07-27,437.05126953125
2023-07-28,441.33013916015625
2023-07-31,442.17047119140625
2023-08-01,440.9051818847656
2023-08-02,434.77178955078125
2023-08-03,433.52581787109375
2023-08-04,431.5650939941406
2023-08-07,435.3320007324219
2023-08-08,433.4388732910156
2023-08-09,430.5412292480469
2023-08-10,430.69580078125
2023-08-11,430.4446716308594
2023-08-14,432.82073974609375
2023-08-15,427.77886962890625
2023-08-16,424.6397705078125
2023-08-17,421.404052734375
2023-08-18,421.6067810058594
2023-08-21,424.3499755859375
2023-08-22,423.2005310058594
2023-08-23,427.9140319824219
2023-08-24,421.9835510253906
2023-08-25,424.95849609375
2023-08-28,427.65325927734375
2023-08-29,433.8348693847656
2023-08-30,435.62176513671875
2023-08-31,434.98431396484375
2023-09-01,435.7956237792969
2023-09-05,433.91217041015625
2023-09-06,430.99517822265625
2023-09-07,429.6719055175781
2023-09-08,430.319091796875
2023-09-11,433.1491394042969
2023-09-12,430.7731018066406
2023-09-13,431.2752990722656
2023-09-14,434.99395751953125
2023-09-15,429.75299072265625
2023-09-18,430.0050354003906
2023-09-19,429.11328125
2023-09-20,425.1683044433594
2023-09-21,418.1409606933594
2023-09-22,417.2008056640625
2023-09-25,418.9551696777344
2023-09-26,412.8001403808594
2023-09-27,412.9649658203125
2023-09-28,415.35906982421875
2023-09-29,414.35101318359375
2023-10-02,414.18621826171875
2023-10-03,408.64190673828125
2023-10-04,411.61767578125
2023-10-05,411.46258544921875
2023-10-06,416.3477478027344
2023-10-09,419.0132751464844
2023-10-10,421.1942138671875
2023-10-11,422.9195251464844
2023-10-12,420.34124755859375
2023-10-13,418.24755859375
2023-10-16,422.6481628417969
2023-10-17,422.62872314453125
2023-10-18,416.9971618652344
2023-10-19,413.333251953125
2023-10-20,408.2541809082031
2023-10-23,407.5466003417969
2023-10-24,410.6192321777344
2023-10-25,404.7259826660156
2023-10-26,399.8795471191406
2023-10-27,398.0670166015625
2023-10-30,402.8262023925781
2023-10-31,405.3560791015625
2023-11-01,409.6790466308594
2023-11-02,417.53033447265625
2023-11-03,421.3396301269531
2023-11-06,422.3088073730469
2023-11-07,423.51080322265625
2023-11-08,423.8209533691406
2023-11-09,420.5157165527344
2023-11-10,427.0777893066406
2023-11-13,426.67071533203125
2023-11-14,434.9484558105469
2023-11-15,435.8692321777344
2023-11-16,436.4023132324219
2023-11-17,436.94512939453125
2023-11-20,440.3085632324219
2023-11-21,439.3489685058594
2023-11-22,441.0451965332031
2023-11-24,441.3166198730469
2023-11-27,440.52178955078125
2023-11-28,440.9579772949219
2023-11-29,440.6477966308594
2023-11-30,442.3828430175781
2023-12-01,444.99993896484375
2023-12-04,442.6639404296875
2023-12-05,442.57672119140625
2023-12-06,440.7931823730469
2023-12-07,444.15673828125
2023-12-08,446.0661315917969
2023-12-11,447.80108642578125
2023-12-12,449.84637451171875
2023-12-13,456.04974365234375
2023-12-14,457.5133972167969
2023-12-15,456.7601318359375
2023-12-18,459.3294372558594
2023-12-19,462.12255859375
2023-12-20,455.7187805175781
2023-12-21,460.0398864746094
2023-12-22,460.9644470214844
2023-12-26,462.9108581542969
2023-12-27,463.74786376953125
2023-12-28,463.92303466796875
2023-12-29,462.5799560546875
2024-01-02,459.9912109375
2024-01-03,456.2345886230469
2024-01-04,454.76507568359375
2024-01-05,455.3878479003906
2024-01-08,461.8890075683594
2024-01-09,461.18829345703125
2024-01-10,463.79644775390625
2024-01-11,463.5921630859375
2024-01-12,463.9132385253906
2024-01-16,462.21014404296875
2024-01-17,459.640869140625
2024-01-18,463.7283630371094
2024-01-19,469.50927734375
2024-01-22,470.5019836425781
2024-01-23,471.8741760253906
2024-01-24,472.3900451660156
2024-01-25,474.9593200683594
2024-01-26,474.3559265136719
2024-01-29,478.1125183105469
2024-01-30,477.7427062988281
2024-01-31,469.9472351074219
2024-02-01,476.09796142578125
2024-02-02,481.1100769042969
2024-02-05,479.3582458496094
2024-02-06,480.7499694824219
2024-02-07,484.7596435546875
2024-02-08,484.9737243652344
2024-02-09,487.7765808105469
2024-02-12,487.5624694824219
2024-02-13,480.8472595214844
2024-02-14,485.2170104980469
2024-02-15,488.5648498535156
2024-02-16,486.1318664550781
2024-02-20,483.4554748535156
2024-02-21,483.8934020996094
2024-02-22,493.9078674316406
2024-02-23,494.24847412109375
2024-02-26,492.438232421875
2024-02-27,493.3530578613281
2024-02-28,492.7010803222656
2024-02-29,494.4722900390625
2024-03-01,499.11456298828125
2024-03-04,498.5792541503906
2024-03-05,493.5964050292969
2024-03-06,496.09759521484375
2024-03-07,501.0220642089844
2024-03-08,498.0148010253906
2024-03-11,497.5865783691406
2024-03-12,502.9393310546875
2024-03-13,502.1509704589844
2024-03-14,501.1583251953125
2024-03-15,497.7170715332031
2024-03-18,500.6750793457031
2024-03-19,503.45745849609375
2024-03-20,508.114013671875
2024-03-21,509.7932434082031
2024-03-22,508.82672119140625
2024-03-25,507.4208679199219
2024-03-26,506.4837341308594
2024-03-27,510.7401428222656
2024-03-28,510.6424560546875
2024-04-01,509.754150390625
2024-04-02,506.5130310058594
2024-04-03,507.0693664550781
2024-04-04,500.8800964355469
2024-04-05,506.1127014160156
2024-04-08,506.39581298828125
2024-04-09,506.9815979003906
2024-04-10,501.9051208496094
2024-04-11,505.6930236816406
2024-04-12,498.7127990722656
2024-04-15,492.4648742675781
2024-04-16,491.5667724609375
2024-04-17,488.6575622558594
2024-04-18,487.6519775390625
2024-04-19,483.3956298828125
2024-04-22,487.8472900390625
2024-04-23,493.6363830566406
2024-04-24,493.402099609375
2024-04-25,491.52764892578125
2024-04-26,496.1843566894531
2024-04-29,497.94158935546875
2024-04-30,490.0535888671875
2024-05-01,488.46234130859375
2024-05-02,493.0310974121094
2024-05-03,499.1423645019531
2024-05-06,504.2969665527344
2024-05-07,504.8533935546875
2024-05-08,504.9021911621094
2024-05-09,507.8114013671875
2024-05-10,508.46551513671875
2024-05-13,508.5338439941406
2024-05-14,510.8669738769531
2024-05-15,517.193115234375
2024-05-16,516.1289672851562
2024-05-17,516.8709106445312
2024-05-20,517.4664306640625
2024-05-21,518.7355346679688
2024-05-22,517.2420043945312
2024-05-23,513.4639282226562
2024-05-24,516.8611450195312
2024-05-28,517.222412109375
2024-05-29,513.6005249023438
2024-05-30,510.19342041015625
2024-05-31,514.84033203125
2024-06-03,515.2601318359375
2024-06-04,515.8361206054688
2024-06-05,521.9668579101562
2024-06-06,521.9570922851562
2024-06-07,521.3226318359375
2024-06-10,522.9332885742188
2024-06-11,524.1927490234375
2024-06-12,528.4979858398438
2024-06-13,529.5620727539062
2024-06-14,529.8843383789062
2024-06-17,534.1015014648438
2024-06-18,535.4585571289062
2024-06-20,534.0039672851562
2024-06-21,533.2880859375
2024-06-24,531.5545654296875
2024-06-25,533.6013793945312
2024-06-26,534.2673950195312
2024-06-27,535.1097412109375
2024-06-28,533.0040283203125
2024-07-01,534.1009521484375
2024-07-02,537.6953735351562
2024-07-03,540.0947875976562
2024-07-05,543.2093505859375
2024-07-08,543.8360595703125
2024-07-09,544.3649291992188
2024-07-10,549.7515869140625
2024-07-11,545.0112915039062
2024-07-12,548.448974609375
2024-07-15,549.957275390625
2024-07-16,553.2186279296875
2024-07-17,545.4618530273438
2024-07-18,541.27001953125
2024-07-19,537.67578125
2024-07-22,543.2190551757812
2024-07-23,542.366943359375
2024-07-24,530.0756225585938
2024-07-25,527.313720703125
2024-07-26,533.2195434570312
2024-07-29,533.5328979492188
2024-07-30,530.829833984375
2024-07-31,539.4581909179688
2024-08-01,531.8190307617188
2024-08-02,521.9173583984375
2024-08-05,506.7171630859375
2024-08-06,511.38885498046875
2024-08-07,507.9706726074219
2024-08-08,519.7136840820312
2024-08-09,522.0054931640625
2024-08-12,522.27978515625
2024-08-13,530.8689575195312
2024-08-14,532.543701171875
2024-08-15,541.671630859375
2024-08-16,542.885986328125
2024-08-19,548.0768432617188
2024-08-20,547.1856079101562
2024-08-21,549.0659790039062
2024-08-22,544.7567138671875
2024-08-23,550.5447998046875
2024-08-26,549.2324829101562
2024-08-27,549.9866333007812
2024-08-28,546.7938232421875
2024-08-29,546.8427734375
2024-08-30,552.0628662109375
2024-09-03,540.7021484375
2024-09-04,539.5953369140625
2024-09-05,538.2828979492188
2024-09-06,529.2235717773438
2024-09-09,535.1488647460938
2024-09-10,537.4797973632812
2024-09-11,542.9937133789062
2024-09-12,547.567626953125
2024-09-13,550.4273681640625
2024-09-16,551.2402954101562
2024-09-17,551.465576171875
2024-09-18,549.8299560546875
2024-09-19,559.2125244140625
2024-09-20,558.2459106445312
2024-09-23,559.6407470703125
2024-09-24,561.2420654296875
2024-09-25,560.0043334960938
2024-09-26,562.2244873046875
2024-09-27,561.4091186523438
2024-09-30,563.6588134765625
2024-10-01,558.6093139648438
2024-10-02,558.8450927734375
2024-10-03,557.8234252929688
2024-10-04,562.892578125
2024-10-07,557.8037719726562
2024-10-08,563.0792846679688
2024-10-09,566.9793701171875
2024-10-10,565.9871215820312
2024-10-11,569.3764038085938
2024-10-14,574.0328979492188
2024-10-15,569.5728149414062
2024-10-16,572.0484619140625
2024-10-17,572.0975952148438
2024-10-18,574.2981567382812
2024-10-21,573.3550415039062
2024-10-22,573.050537109375
2024-10-23,567.8143310546875
2024-10-24,569.0422973632812
2024-10-25,568.8458251953125
2024-10-28,570.6044311523438
2024-10-29,571.52783203125
2024-10-30,569.7987670898438
2024-10-31,558.6290283203125
2024-11-01,560.9867553710938
2024-11-04,559.7783203125
2024-11-05,566.547119140625
2024-11-06,580.6347045898438
2024-11-07,585.1241455078125
2024-11-08,587.6587524414062
2024-11-11,588.2186279296875
2024-11-12,586.3914794921875
2024-11-13,586.6763305664062
2024-11-14,582.9038696289062
2024-11-15,575.4376831054688
2024-11-18,577.7954711914062
2024-11-19,579.9075927734375
2024-11-20,580.1040649414062
2024-11-21,583.2183227539062
2024-11-22,585.0259399414062
2024-11-25,587.0104370117188
2024-11-26,590.0755004882812
2024-11-27,588.2874145507812
2024-11-29,591.9420166015625
2024-12-02,593.0029907226562
2024-12-03,593.2780151367188
2024-12-04,596.9619750976562
2024-12-05,595.9796142578125
2024-12-06,597.1093139648438
2024-12-09,594.034423828125
2024-12-10,592.1875610351562
2024-12-11,596.7655639648438
2024-12-12,593.690673828125
2024-12-13,593.57275390625
2024-12-16,596.1072998046875
2024-12-17,593.6513061523438
2024-12-18,575.9584350585938
2024-12-19,575.7815551757812
2024-12-20,582.6973266601562
2024-12-23,586.1867065429688
2024-12-24,592.7020874023438
2024-12-26,592.7416381835938
2024-12-27,586.5020751953125
2024-12-30,579.8091430664062
2024-12-31,577.6997680664062
2025-01-02,576.2803344726562
2025-01-03,583.48583984375
2025-01-06,586.8471069335938
2025-01-07,580.21337890625
2025-01-08,581.0609130859375
2025-01-10,572.1896362304688
2025-01-13,573.0768432617188
2025-01-14,573.8653564453125
2025-01-15,584.303955078125
2025-01-16,583.1802978515625
2025-01-17,589.0353393554688
2025-01-21,594.4270629882812
2025-01-22,597.7685546875
2025-01-23,601.0313110351562
2025-01-24,599.2766723632812
2025-01-27,590.7997436523438
2025-01-28,595.8760986328125
2025-01-29,593.204833984375
2025-01-30,596.3886108398438
2025-01-31,593.2146606445312
2025-02-03,589.2225341796875
2025-02-04,593.1752319335938
2025-02-05,595.580322265625
2025-02-06,597.6503295898438
2025-02-07,592.1797485351562
2025-02-10,596.2012939453125
2025-02-11,596.65478515625
2025-02-12,594.7326049804688
2025-02-13,601.0115966796875
2025-02-14,600.9820556640625
2025-02-18,602.746337890625
2025-02-19,604.1658325195312
2025-02-20,601.6522827148438
2025-02-21,591.361572265625
2025-02-24,588.670654296875
2025-02-25,585.7430419921875
2025-02-26,586.0386962890625
2025-02-27,576.6844482421875
2025-02-28,585.6838989257812
2025-03-03,575.4227905273438
2025-03-04,568.611572265625
2025-03-05,574.7229614257812
2025-03-06,564.52099609375
2025-03-07,567.68505859375
2025-03-10,552.5643920898438
2025-03-11,547.970947265625
2025-03-12,550.8787841796875
2025-03-13,543.5353393554688
2025-03-14,554.762451171875
2025-03-17,559.0404052734375
2025-03-18,552.9981079101562
2025-03-19,559.0206909179688
2025-03-20,557.4041748046875
2025-03-21,557.5880737304688
2025-03-24,567.5736083984375
2025-03-25,568.93798828125
2025-03-26,562.1458740234375
2025-03-27,560.6529541015625
2025-03-28,549.3623657226562
2025-03-31,553.050048828125
2025-04-01,554.6121215820312
2025-04-02,558.1220092773438
2025-04-03,530.6171875
2025-04-04,499.5533447265625
2025-04-07,498.6635437011719
2025-04-08,490.8531188964844
2025-04-09,542.4021606445312
2025-04-10,518.6345825195312
2025-04-11,527.8884887695312
2025-04-14,533.009765625
2025-04-15,531.5169067382812
2025-04-16,519.702392578125
2025-04-17,520.44384765625
2025-04-21,508.05584716796875
2025-04-22,521.2743530273438
2025-04-23,529.3516845703125
2025-04-24,540.4940185546875
2025-04-25,544.3992309570312
2025-04-28,544.6068725585938
2025-04-29,548.0375366210938
2025-04-30,548.2550659179688
2025-05-01,552.1405029296875
2025-05-02,560.3364868164062
2025-05-05,557.1234130859375
2025-05-06,552.4667358398438
2025-05-07,554.7901611328125
2025-05-08,558.6558837890625
2025-05-09,557.9439697265625
2025-05-12,576.3826293945312
2025-05-13,580.1890258789062
2025-05-14,580.9304809570312
2025-05-15,583.7680053710938
2025-05-16,587.4655151367188
2025-05-19,588.108154296875
2025-05-20,586.130859375
2025-05-21,576.2540893554688
2025-05-22,576.4815063476562
2025-05-23,572.5465698242188
2025-05-27,584.4501953125
2025-05-28,581.0689086914062
2025-05-29,583.3626098632812
2025-05-30,582.7100830078125
2025-06-02,585.992431640625
2025-06-03,589.3341064453125
2025-06-04,589.1759643554688
2025-06-05,586.3285522460938
2025-06-06,592.3495483398438
2025-06-09,592.8834838867188
2025-06-10,596.244873046875
2025-06-11,594.54443359375
2025-06-12,596.9072875976562
2025-06-13,590.2338256835938
2025-06-16,595.8494262695312
2025-06-17,590.7578735351562
2025-06-18,590.6688842773438
2025-06-20,589.2816162109375
2025-06-23,595.1022338867188
2025-06-24,601.676513671875
2025-06-25,602.0136108398438
2025-06-26,606.7236328125
2025-06-27,609.7380981445312
2025-06-30,612.6533813476562
2025-07-01,612.455078125
2025-07-02,615.2315063476562
2025-07-03,620.0803833007812
2025-07-07,615.4595336914062
2025-07-08,615.1224365234375
2025-07-09,618.8110961914062
2025-07-10,620.5563354492188
2025-07-11,618.3748168945312
2025-07-14,619.5548095703125
2025-07-15,616.9072875976562
2025-07-16,618.9697265625
2025-07-17,622.7576293945312
2025-07-18,622.3014526367188
2025-07-21,623.4815063476562
2025-07-22,623.5707397460938
2025-07-23,628.8757934570312
2025-07-24,629.0839233398438
2025-07-25,631.7413940429688
2025-07-28,631.5828247070312
2025-07-29,629.9169311523438
2025-07-30,629.1236572265625
2025-07-31,626.763671875
2025-08-01,616.4907836914062
2025-08-04,625.8612670898438
2025-08-05,622.688232421875
2025-08-06,627.457763671875
2025-08-07,626.9321899414062
2025-08-08,631.82080078125
2025-08-11,630.5713500976562
2025-08-12,637.284423828125
2025-08-13,639.4658813476562
2025-08-14,639.5254516601562
2025-08-15,638.0281372070312
2025-08-18,637.8892822265625
2025-08-19,634.4286499023438
2025-08-20,632.7429809570312
2025-08-21,630.2044677734375
2025-08-22,639.88232421875
2025-08-25,637.0662841796875
2025-08-26,639.7335815429688
2025-08-27,641.1912841796875
2025-08-28,643.4619750976562
2025-08-29,639.6245727539062
2025-09-02,634.884765625
2025-09-03,638.3255615234375
2025-09-04,643.6602783203125
2025-09-05,641.796142578125
2025-09-08,643.3727416992188
2025-09-09,644.8601684570312
2025-09-10,646.724365234375
2025-09-11,652.0988159179688
2025-09-12,651.8805541992188
2025-09-15,655.3511352539062
2025-09-16,654.4488525390625
2025-09-17,653.6356811523438
2025-09-18,656.6898803710938
2025-09-19,659.9423217773438
2025-09-22,663.0645751953125
2025-09-23,659.4551391601562
2025-09-24,657.3569946289062
2025-09-25,654.3242797851562
2025-09-26,658.072998046875
2025-09-29,659.9224243164062
2025-09-30,662.4082641601562
2025-10-01,664.6654052734375
2025-10-02,665.4309692382812
2025-10-03,665.421142578125
2025-10-06,667.8074951171875
2025-10-07,665.3316040039062
2025-10-08,669.2990112304688
2025-10-09,667.3600463867188
2025-10-10,649.32275390625
2025-10-13,659.2860107421875
2025-10-14,658.4805908203125
2025-10-15,661.4039306640625
2025-10-16,656.8995971679688
2025-10-17,660.62841796875
2025-10-20,667.499267578125
2025-10-21,667.4893188476562
2025-10-22,664.0191040039062
2025-10-23,667.9566650390625
2025-10-24,673.4155883789062
2025-10-27,681.3603515625
2025-10-28,683.1700439453125
2025-10-29,683.4982299804688
2025-10-30,675.9810180664062
2025-10-31,678.1983032226562
2025-11-03,679.4711303710938
2025-11-04,671.4169921875
2025-11-05,673.7437133789062
2025-11-06,666.514892578125
2025-11-07,667.1710815429688
2025-11-10,677.5818481445312
2025-11-11,679.1329956054688
2025-11-12,679.5109252929688
2025-11-13,668.235107421875
2025-11-14,668.1256713867188
2025-11-17,661.901123046875
2025-11-18,656.3427734375
2025-11-19,658.8783569335938
2025-11-20,648.8355712890625
2025-11-21,655.2987670898438
2025-11-24,664.9437866210938
2025-11-25,671.1982421875
2025-11-26,675.8318481445312
2025-11-28,679.5208129882812
2025-12-01,676.41845703125
2025-12-02,677.67138671875
2025-12-03,680.0180053710938
2025-12-04,680.51513671875
2025-12-05,681.8078002929688
2025-12-08,679.7594604492188
2025-12-09,679.1727905273438
2025-12-10,683.6771850585938
2025-12-11,685.26806640625
2025-12-12,677.9000854492188
2025-12-15,676.8758544921875
2025-12-16,675.0264282226562
2025-12-17,667.5986938476562
2025-12-18,672.6399536132812
2025-12-19,678.7363891601562
2025-12-22,682.96484375
2025-12-23,686.0863037109375
2025-12-24,688.4996948242188
2025-12-26,688.4298706054688
2025-12-29,685.9765625
2025-12-30,685.138916015625
2025-12-31,680.062744140625
2026-01-02,681.309326171875
2026-01-05,685.846923828125
2026-01-06,689.92578125
2026-01-07,687.701904296875
2026-01-08,687.632080078125
2026-01-09,692.1796264648438
2026-01-12,693.2666625976562
2026-01-13,691.8804931640625
2026-01-14,688.479736328125
2026-01-15,690.3546142578125
2026-01-16,689.7761840820312
2026-01-20,675.7345581054688
2026-01-21,683.5332641601562
2026-01-22,687.103515625
2026-01-23,687.352783203125
2026-01-26,690.84326171875
2026-01-27,693.5957641601562
2026-01-28,693.5259399414062
2026-01-29,692.1497192382812
2026-01-30,690.0853271484375
2026-02-02,693.5159912109375
2026-02-03,687.6520385742188
2026-02-04,684.3211059570312
2026-02-05,675.7744750976562
2026-02-06,688.739013671875
2026-02-09,692.0599975585938
2026-02-10,690.2349243164062
2026-02-11,690.075439453125
2026-02-12,679.41455078125
2026-02-13,679.8931884765625
2026-02-17,680.9901733398438
2026-02-18,684.4208374023438
2026-02-19,682.61572265625
2026-02-20,687.5523071289062
2026-02-23,680.531494140625
2026-02-24,685.4779052734375
2026-02-25,691.26220703125
2026-02-26,687.422607421875
2026-02-27,684.1216430664062
2026-03-02,684.5106201171875
2026-03-03,678.4771118164062
2026-03-04,683.2639770507812
2026-03-05,679.4544067382812
2026-03-06,670.5487060546875
2026-03-09,676.4227294921875
2026-03-10,675.3356323242188
2026-03-11,674.4879760742188
2026-03-12,664.2459106445312
2026-03-13,660.4862060546875
2026-03-16,667.2078857421875
2026-03-17,668.9630126953125
2026-03-18,659.6285400390625
2026-03-19,658.0029907226562
2026-03-20,648.5700073242188
2026-03-23,655.3800048828125
2026-03-24,653.1799926757812
2026-03-25,656.8200073242188
2026-03-26,645.0900268554688
2026-03-27,634.0900268554688
2026-03-30,631.969970703125
2026-03-31,650.3400268554688
2026-04-01,655.239990234375
2026-04-02,655.8300170898438
2026-04-06,658.9299926757812
2026-04-07,659.219970703125
2026-04-08,676.010009765625
2026-04-09,679.9099731445312
2026-04-10,679.4600219726562
2026-04-13,686.0999755859375
2026-04-14,694.4600219726562
2026-04-15,699.9400024414062
2026-04-16,701.6599731445312
2026-04-17,710.1400146484375
2026-04-20,708.719970703125
2026-04-21,704.0800170898438
2026-04-22,711.2100219726562
2026-04-23,708.4500122070312
2026-04-24,713.9400024414062
2026-04-27,715.1699829101562
2026-04-28,711.6900024414062
2026-04-29,711.5800170898438
2026-04-30,718.6599731445312
2026-05-01,720.6500244140625
2026-05-04,718.010009765625
2026-05-05,723.77001953125
2026-05-06,733.8300170898438
2026-05-07,731.5800170898438
2026-05-08,737.6199951171875
2026-05-11,739.2999877929688
2026-05-12,738.1799926757812
2026-05-13,742.8499755859375
